3420.878631,3448.240688,3436.288137,3400.815965,3395.218054,3431.450010,3460.297595,3419.126658,3360.007119,3302.940261,3282.122403,3246.479143,3203.870184,3149.657681,3144.508513,3164.785318,3189.305157,3260.769387,3346.622860,3365.750278,3337.350159,3292.004576,3259.214802,3230.476055,3224.496834,3235.688694,3276.034232,3365.609935,3412.813822,3355.476877,3308.975576,3285.168153,3284.794650,3296.925157,3287.259638,3289.796147,3349.063315,3404.235278,3403.377051,3374.687870,3312.558670,3241.016743,3183.841156,3142.163370,3116.907857,3115.497763,3158.667748,3236.959267,3308.245644,3395.132210,3384.634102,3248.560745,3165.913433,3161.170777,3163.486887,3177.102574,3176.740942,3213.958535,3283.021291,3382.913213,3446.523771,3374.390503,3278.962387,3205.100009,3175.338178,3175.344204,3202.704303,3220.571715,3231.670064,3275.562112,3294.571941,3313.289239,3344.255020,3361.096693,3290.584875,3218.182218,3181.530538,3196.942612,3219.593326,3173.031802,3156.853588,3194.384818,3262.935347,3334.620774,3430.149929,3452.843665,3401.305021,3384.286341,3235.302440,3167.108073,3149.513741,3153.617723,3200.369708,3257.645529,3307.718180,3301.471142,3317.420484,3360.393045,3440.052674,3538.263324,3519.368268,3436.199953,3400.643231,3370.917379,3356.402210,3330.650807,3283.156626,3244.111014,3234.584607,3235.226688,3217.614164,3183.787439,3141.912807,3134.498254,3190.208924,3288.150990,3418.126844,3539.583300,3600.516555,3549.210721,3486.144915,3414.263297,3341.466331,3304.349680,3299.368814,3291.517987,3255.330046,3199.204291,3183.572217,3199.459686,3218.945177,3226.845109,3227.309183,3261.049494,3343.614999,3435.609840,3431.761158,3399.730334,3386.570554,3388.662228,3466.255111,3566.392320,3542.002568,3538.611915,3610.913991,3530.791579,3456.002228,3477.869506,3569.877661,3649.098176,3686.616527,3708.570760,3717.448201,3654.446365,3571.980539,3487.345628,3394.035719,3292.483227,3189.498018,3129.024055,3095.404319,3070.776330,3057.689874,3031.878743,3000.496752,2963.921530,2912.655147,2874.973221,2868.584359,2890.894390,2959.309872,2997.136090,3019.036846,3040.600400,3053.104168,3073.586554,3081.781380,3090.494832,3128.163295,3158.779517,3161.714306,3162.034958,3161.135837,3163.838218,3165.724830,3168.080001,3199.524658,3286.661437,3366.594600,3450.043212,3513.104499,3544.489582,3516.794412,3504.622221,3501.818089,3451.239813,3409.632052,3393.349978,3406.052553,3340.762474,3268.135533,3179.921385,3079.541598,2998.828583,2882.588714,2750.640023,2654.099656,2638.726438,2647.978829,2640.410104,2535.072500,2415.928505,2246.107114,2229.727712,2267.761378,2239.437353,2128.411858,2023.340209,1937.194466,1853.030662,1754.928503,1685.904078,1644.802905,1614.460272,1593.864163,1580.568468,1566.075272,1553.238128,1540.003180,1526.449836,1515.917998,1503.443924,1492.807901,1484.580851,1474.020951,1460.165300,1451.894828,1442.904631,1437.310941,1433.015813,1431.008322,1428.988679,1426.942149,1426.800504,1427.031699,1427.125299,1426.112773,1422.347816,1429.358159
3370.493267,3375.157324,3364.128543,3356.048077,3332.967924,3332.598790,3362.641917,3396.834022,3401.564430,3387.301222,3354.636878,3327.427887,3298.771868,3229.736919,3218.218794,3226.096784,3266.249061,3309.374057,3301.255320,3267.602622,3250.340317,3217.180302,3189.836188,3163.092236,3147.956781,3162.904617,3230.597075,3338.349409,3395.543186,3336.216030,3234.061710,3203.846194,3191.003207,3202.680703,3242.657665,3249.467963,3310.168694,3382.008647,3381.328891,3315.108622,3230.891132,3178.316559,3145.939846,3116.969272,3102.114419,3117.715750,3204.640046,3266.333516,3325.687316,3371.495111,3315.019279,3212.509044,3168.693142,3161.987207,3167.253723,3172.514801,3165.826517,3197.785299,3278.121367,3384.237192,3398.023982,3304.417444,3209.080474,3153.792591,3152.166237,3182.517223,3212.088605,3232.485540,3255.132697,3295.379318,3314.504060,3356.815185,3387.703916,3313.412741,3223.991807,3172.002130,3126.270491,3126.583671,3164.692697,3152.029451,3144.302628,3165.821056,3239.753353,3307.751386,3375.555036,3414.276689,3352.452818,3325.903114,3249.114107,3171.122137,3139.472976,3142.807185,3182.209755,3247.256182,3288.651684,3309.570189,3329.298135,3369.759107,3464.768538,3554.645273,3491.074326,3414.969443,3401.529226,3382.687004,3378.821917,3351.262617,3313.859593,3246.287705,3209.634544,3225.891114,3237.935293,3209.192611,3141.780362,3117.246887,3153.772492,3235.651267,3355.577238,3489.803339,3557.931005,3507.571749,3463.397063,3406.119901,3345.828469,3306.074681,3284.590698,3256.999652,3223.406500,3177.667565,3174.196003,3192.832883,3211.039616,3213.981903,3196.760615,3207.301087,3289.811649,3348.290488,3332.607480,3330.640092,3354.547981,3355.917586,3417.302470,3512.776758,3593.949486,3622.849617,3667.799241,3567.678992,3516.004976,3568.363467,3639.101588,3671.106591,3687.756560,3704.855495,3688.829302,3597.503384,3515.618150,3423.286862,3333.679608,3236.623746,3145.627972,3095.143835,3074.300503,3062.373430,3039.091435,3015.728684,2986.818819,2942.226300,2902.381011,2890.917080,2897.577794,2921.144091,2979.802881,3009.262931,3028.494047,3053.079450,3062.060720,3083.028816,3082.995096,3095.283926,3127.921909,3160.307827,3171.844181,3168.706406,3167.039772,3168.637428,3170.608057,3172.468149,3194.576875,3254.131453,3341.899686,3432.221937,3524.120109,3563.789490,3551.662280,3542.621295,3509.585494,3456.181950,3412.941597,3402.709501,3409.012174,3363.553574,3305.622286,3223.610965,3130.784289,3002.792282,2885.357975,2784.768301,2775.233149,2774.812156,2761.869705,2682.111545,2532.995788,2400.029226,2355.880249,2327.075370,2306.771908,2225.220123,2113.191802,2009.527607,1928.483247,1831.265943,1737.491881,1676.978046,1641.706846,1608.807815,1582.431951,1568.495659,1555.070688,1543.040197,1530.137708,1519.231490,1506.724486,1493.405227,1481.982894,1474.141086,1464.669488,1453.852346,1444.361434,1438.210673,1432.563154,1427.607610,1424.811831,1424.943976,1420.252940,1421.742988,1419.939230,1420.646539,1419.612657,1418.428255,1416.799033
3316.096829,3305.936917,3296.172928,3279.444373,3213.559219,3211.658328,3259.731791,3300.820561,3336.609773,3377.934126,3406.037215,3398.451915,3350.822979,3314.134498,3312.727064,3321.221374,3323.661782,3264.309286,3219.479938,3189.316656,3176.571379,3164.826822,3151.734952,3133.723643,3127.824593,3132.118934,3193.946653,3261.215859,3321.216388,3263.048678,3185.843352,3150.317623,3124.791257,3126.437862,3170.896064,3202.571521,3264.648132,3309.711717,3269.257166,3218.284337,3180.433418,3143.104001,3120.488751,3098.392730,3096.865272,3133.272882,3227.470711,3306.372726,3382.360831,3363.074269,3250.443582,3173.114442,3158.805696,3161.019774,3162.243812,3158.901908,3158.005762,3172.799080,3234.860844,3341.701217,3341.389935,3239.594893,3162.127010,3131.019347,3153.917592,3196.515373,3230.306290,3243.379846,3259.829590,3301.398643,3344.319347,3370.580367,3321.090572,3242.350204,3182.671628,3137.097400,3088.657513,3083.684495,3105.545115,3119.869778,3136.798367,3166.300300,3300.039641,3344.252443,3373.961716,3406.178390,3347.049864,3299.167400,3260.871602,3191.550420,3136.599904,3129.893136,3160.577410,3208.329419,3265.933432,3311.632948,3341.535858,3406.334324,3505.650243,3563.027426,3487.044831,3431.768197,3422.383336,3419.403604,3384.446643,3336.981064,3319.621470,3234.589546,3182.649366,3188.772951,3218.733120,3213.917875,3132.546477,3092.674534,3125.672202,3202.862128,3317.020436,3447.466821,3542.990551,3503.000103,3452.591310,3397.572262,3337.513517,3301.832679,3271.231375,3246.971020,3211.122918,3172.593594,3173.657229,3186.568419,3195.115601,3189.324272,3170.179661,3188.693303,3252.198570,3286.290519,3304.132076,3316.024848,3332.682647,3350.784094,3398.029243,3464.787405,3545.747337,3645.324135,3699.728422,3650.672720,3608.322596,3631.209808,3651.823226,3661.023209,3666.966998,3673.506354,3632.521523,3533.826314,3443.699201,3369.189984,3276.052315,3182.030187,3111.275075,3076.768594,3064.693319,3052.225935,3014.422050,2990.813969,2966.405010,2947.909067,2940.398780,2935.264633,2949.394003,2965.798326,2992.412124,3019.262416,3035.809552,3060.137832,3071.921977,3086.838140,3091.108506,3101.724351,3114.311855,3147.332476,3174.380861,3178.099341,3176.811984,3175.493094,3177.147240,3175.707202,3183.455304,3230.484184,3312.087717,3403.685978,3498.999614,3560.886226,3585.280738,3547.187655,3487.278445,3431.190474,3399.285434,3387.221515,3361.643237,3350.671668,3330.846288,3256.630921,3161.823767,3009.136270,2916.083524,2917.253851,2890.188427,2886.373457,2825.584425,2684.028151,2568.314124,2508.635415,2438.367690,2313.079448,2237.491525,2191.783272,2118.159013,2016.370285,1920.264008,1831.645749,1728.857626,1666.700707,1630.143565,1604.394059,1582.866608,1561.023419,1544.193385,1533.467957,1522.220879,1510.507714,1498.606042,1485.462266,1474.796351,1465.695798,1456.644346,1447.853859,1438.976722,1429.662291,1425.860514,1423.083346,1424.656518,1422.453028,1418.516276,1416.418443,1413.022197,1416.124699,1414.839987,1412.064165,1412.895911
3276.204959,3245.916282,3206.613641,3157.451524,3118.404376,3119.598721,3137.686661,3166.936435,3205.128312,3259.035786,3329.654406,3403.962976,3409.216255,3385.099761,3382.492754,3376.122979,3281.192385,3200.297084,3185.880688,3177.509224,3171.401835,3170.409327,3149.762800,3132.324207,3127.450663,3128.234271,3163.079932,3190.580252,3220.662165,3193.934926,3140.250161,3112.567706,3095.018051,3092.645029,3129.211165,3177.441545,3202.462425,3199.676531,3158.553595,3138.681814,3132.651609,3116.952601,3092.269598,3084.026915,3100.345275,3173.355846,3270.629606,3359.625789,3420.815301,3374.591949,3203.814760,3144.383876,3131.050363,3148.288514,3159.317153,3152.143697,3153.609007,3157.039770,3197.614220,3300.574147,3277.049074,3177.950995,3132.867223,3132.662814,3167.506658,3223.634813,3236.137458,3230.489612,3256.334476,3309.114700,3309.971600,3255.045948,3209.329778,3165.438475,3130.020446,3107.696004,3072.353588,3063.055919,3088.836570,3120.516805,3155.241997,3229.389160,3393.092279,3448.378337,3435.992452,3404.982068,3328.851386,3281.098426,3257.555859,3201.598796,3134.336968,3112.660570,3127.924759,3175.166229,3251.706113,3308.781448,3365.732151,3449.993369,3554.209101,3574.784780,3498.668281,3462.266446,3454.338085,3457.453159,3396.347295,3336.514308,3308.228898,3217.299234,3167.766985,3169.532065,3182.613742,3176.764313,3104.861181,3074.483217,3105.260099,3179.238710,3289.094818,3410.370548,3519.108391,3505.129588,3446.550282,3380.853972,3323.126165,3287.974506,3252.457856,3227.962550,3194.452746,3175.204177,3171.658333,3177.213778,3174.744429,3164.484637,3152.797327,3179.188397,3233.936623,3299.722062,3332.753251,3337.084029,3324.804160,3356.042165,3409.893433,3455.713117,3516.067105,3591.301974,3640.923618,3668.773181,3637.587163,3634.257853,3622.867154,3595.027392,3576.205376,3568.182881,3558.431351,3497.468710,3395.571316,3304.727491,3224.671789,3139.163929,3090.300498,3070.744257,3047.063187,3020.219190,2983.859860,2969.499018,2959.670733,2970.795990,2983.081453,2976.658377,2992.419330,2997.424102,3011.622669,3036.151603,3049.620468,3069.035581,3078.934743,3087.143193,3092.561200,3100.656397,3106.964958,3122.082394,3161.235923,3182.536962,3185.291105,3183.468043,3184.440694,3181.868028,3183.366796,3214.693361,3288.243632,3372.079389,3470.661263,3552.687333,3574.422553,3531.156763,3469.731251,3413.198723,3402.463284,3380.594720,3346.100376,3321.911729,3313.958246,3276.273224,3192.155122,3040.753206,3036.060814,3033.912616,3000.556984,2941.537274,2839.487680,2708.492245,2622.658420,2508.921496,2402.772375,2295.004594,2197.266524,2120.252583,2110.903771,2021.496300,1917.783462,1828.361021,1725.606015,1650.496159,1619.864125,1601.020906,1577.521603,1557.651818,1542.555418,1528.091581,1513.662943,1503.590225,1491.191641,1480.351631,1468.465643,1457.647430,1449.803927,1442.244019,1434.700460,1427.669542,1423.618920,1420.839635,1419.231736,1419.378977,1416.257652,1412.759781,1410.529250,1408.124700,1407.114981,1405.392210,1407.553423
3250.694248,3179.749894,3122.090600,3105.815910,3093.591745,3078.549891,3075.167528,3075.570600,3093.071507,3148.323386,3239.663806,3328.076635,3414.999692,3463.051670,3453.745625,3359.906426,3276.867993,3209.627685,3184.074885,3161.378356,3170.210624,3194.732680,3169.666605,3129.324009,3135.584646,3131.114859,3138.708657,3155.029135,3144.649592,3123.315769,3105.606348,3085.567115,3057.740089,3063.335057,3109.553845,3131.078097,3109.137490,3091.025097,3076.891708,3065.554567,3070.151759,3071.799068,3064.290363,3070.172745,3102.821766,3223.951857,3333.878308,3437.450066,3440.994873,3338.930321,3196.188704,3123.417043,3106.109402,3138.850058,3148.954483,3137.842314,3139.252420,3143.356049,3188.219477,3262.689768,3197.927687,3138.426175,3125.447241,3154.592403,3211.682737,3243.747389,3227.885476,3240.829872,3281.715527,3274.576636,3199.725012,3136.446713,3098.553829,3076.000803,3064.224796,3065.110839,3066.238797,3066.310378,3087.727000,3131.540283,3198.886381,3314.689540,3475.492822,3519.112963,3438.046494,3366.506553,3303.425483,3268.273967,3250.493805,3210.404061,3133.517856,3106.983514,3115.244926,3153.864241,3235.024310,3305.467902,3381.520839,3483.119486,3593.672442,3603.381245,3526.958834,3487.340415,3496.544384,3495.665396,3417.018787,3342.725597,3290.939786,3233.133268,3184.029048,3169.183210,3168.992628,3126.839205,3074.032028,3052.928540,3083.155532,3148.763641,3245.539852,3376.907822,3469.463476,3453.036203,3407.677501,3355.128795,3303.700167,3259.318532,3224.888271,3201.658548,3179.030322,3168.297199,3165.578367,3161.264617,3153.025476,3146.577802,3134.682663,3167.638581,3235.389945,3315.482597,3380.316130,3395.076278,3356.908756,3412.442012,3470.118886,3508.820079,3492.182431,3485.790588,3518.967363,3556.063779,3563.652562,3594.022370,3526.577726,3468.338589,3451.324750,3439.523188,3445.356172,3414.865286,3335.972699,3250.768768,3179.505244,3103.570282,3075.233560,3056.883465,3026.464376,2980.316857,2962.988806,2963.285274,2968.780309,3003.283383,3017.581770,3016.597329,3030.218701,3015.046205,3027.180605,3053.128705,3066.611838,3081.403461,3085.809423,3088.554021,3099.217379,3094.930327,3101.955591,3110.346120,3138.042982,3178.019995,3188.594939,3188.739219,3189.505603,3189.017510,3187.793948,3204.378634,3260.007076,3353.780966,3447.602761,3537.387910,3564.294513,3527.945186,3461.740077,3410.337329,3385.828731,3358.802589,3337.459401,3311.207947,3293.433031,3255.099951,3169.244580,3139.866508,3135.536307,3093.396049,2986.397540,2888.689543,2810.279646,2724.405280,2658.884789,2526.220882,2385.971366,2271.572701,2173.769177,2106.163329,2082.333482,2034.491616,1940.779540,1843.564943,1743.598547,1659.691849,1616.905294,1596.147117,1569.215841,1551.502548,1536.658052,1524.571661,1507.370393,1496.863301,1485.375421,1474.948828,1464.255812,1454.734073,1445.303999,1437.500290,1431.476044,1424.384621,1421.672881,1417.333670,1416.224929,1417.528941,1411.987962,1408.780184,1406.691334,1403.774810,1403.024016,1401.423714,1400.459394
3214.812335,3149.947180,3106.846258,3105.107296,3102.644367,3098.353253,3082.817683,3064.454536,3052.589002,3069.237823,3135.837669,3248.611690,3349.312724,3437.227684,3463.939321,3368.887764,3279.269944,3251.165437,3240.248496,3185.069425,3164.339877,3156.910449,3132.913525,3098.513847,3117.908379,3107.224596,3097.104464,3113.723488,3094.715536,3089.215802,3079.151171,3064.284119,3035.115230,3032.221511,3055.322693,3053.169866,3025.815610,2998.969267,2987.965005,2990.813126,3008.022204,3025.164895,3037.105297,3057.606457,3110.110282,3219.302484,3342.569960,3441.077762,3414.954889,3308.761422,3184.369081,3108.689231,3077.860860,3111.204351,3123.764785,3121.442132,3128.069142,3137.978385,3173.586671,3200.683832,3148.255029,3124.363522,3144.392210,3191.104008,3239.058526,3225.584309,3230.263796,3267.898668,3237.616718,3170.282067,3103.524853,3050.340580,3021.840866,3009.203694,3021.216670,3043.518011,3067.601525,3085.038245,3111.129318,3184.026920,3259.791940,3376.794550,3492.948493,3512.546304,3419.915137,3353.173607,3295.798934,3240.157403,3241.850484,3216.332531,3135.988914,3114.944753,3126.151125,3161.561480,3230.443750,3288.507585,3393.026820,3503.033987,3634.371177,3618.303334,3544.669277,3497.250962,3517.503825,3550.503677,3459.780543,3380.746361,3332.457396,3265.370513,3192.640774,3169.490020,3150.823129,3099.601700,3053.678178,3038.959783,3070.944721,3129.079773,3225.629478,3341.226319,3389.753449,3367.894997,3334.698570,3295.582244,3259.456922,3216.403496,3196.940662,3172.111817,3161.339009,3152.502110,3147.900457,3136.622366,3130.399018,3121.241654,3111.121301,3158.178550,3243.095159,3333.672696,3421.254126,3467.354069,3432.183749,3427.492567,3405.422527,3407.507826,3383.722859,3376.011562,3405.719869,3439.490386,3474.608130,3533.419032,3446.984527,3392.931922,3358.386105,3337.687233,3325.807432,3304.240433,3254.973194,3205.809250,3139.963541,3087.102429,3064.683398,3035.739098,3015.716675,2979.889532,2961.490203,2961.005603,2968.383919,3009.983388,3038.396447,3044.351147,3037.114056,3037.885035,3049.793849,3071.523860,3081.859469,3090.139111,3092.063122,3095.700358,3104.709576,3096.122410,3105.954468,3115.193376,3128.283953,3157.985064,3189.810676,3197.619473,3195.681899,3194.042449,3192.398465,3198.929674,3247.774567,3341.514646,3435.399168,3528.377437,3556.110680,3522.716555,3465.305508,3420.110206,3377.787747,3340.217287,3318.784061,3301.235378,3278.512526,3260.133645,3243.925709,3237.657428,3170.517125,3071.578722,2971.553936,2871.216906,2780.476761,2695.923769,2582.138921,2509.331186,2381.423648,2242.516910,2218.489058,2095.391656,2027.270142,2040.324832,1990.166433,1884.077184,1782.683022,1683.147525,1612.813645,1582.132755,1563.653657,1548.456248,1533.361036,1518.781269,1503.331117,1492.161563,1482.309411,1471.554780,1461.426548,1451.674717,1443.090239,1432.929169,1428.623132,1421.940832,1418.608061,1413.876863,1414.893241,1415.695214,1410.943656,1406.836132,1404.220254,1402.502522,1399.321418,1397.525235,1395.525272
3190.051944,3146.749852,3131.129624,3127.048397,3137.394492,3147.180340,3121.018620,3082.520640,3040.239628,3029.367798,3070.683939,3198.624875,3295.274907,3387.446739,3447.066316,3399.774016,3335.069564,3330.691780,3349.019702,3234.130084,3155.260638,3092.605083,3067.289952,3076.415870,3090.081251,3077.336281,3077.635294,3090.392782,3074.329178,3071.140806,3064.292867,3047.849217,3021.703074,3010.757681,3006.596646,2983.488331,2950.005536,2941.802065,2952.411042,2969.042386,2987.703010,3008.072457,3030.128663,3058.149357,3100.529754,3184.499872,3299.980763,3404.238082,3410.089745,3306.411206,3186.655049,3084.763562,3046.356216,3063.362829,3093.460231,3109.500046,3124.955834,3141.439796,3168.897060,3158.702299,3130.687249,3121.346500,3164.811536,3202.804761,3214.289544,3205.478025,3240.979277,3215.608179,3124.957573,3060.264822,3026.198134,2984.336845,2979.002202,2990.799841,3008.719830,3042.173919,3083.464453,3114.327431,3149.347117,3210.680020,3295.831578,3418.191851,3458.186070,3503.826274,3494.973873,3389.834608,3304.193272,3237.808364,3232.588654,3206.980699,3128.036072,3115.281888,3141.897432,3189.528287,3246.348220,3315.238828,3395.632792,3496.439024,3611.031317,3624.659576,3561.079890,3509.431148,3552.181933,3612.844857,3548.697939,3443.330590,3369.103035,3277.244544,3192.811700,3165.949104,3132.449924,3081.773855,3039.261261,3030.613289,3059.228988,3116.976254,3204.489445,3279.835142,3287.068025,3265.808398,3248.883733,3227.693896,3207.808732,3189.933215,3170.328040,3150.595233,3139.847818,3127.573394,3120.636222,3112.135264,3100.616929,3087.411223,3105.761767,3171.335119,3246.421357,3316.109925,3375.574002,3395.090495,3362.825736,3321.307026,3301.579282,3304.581146,3309.505568,3336.053885,3365.522706,3374.740391,3384.597081,3475.096431,3445.630923,3382.679557,3339.442164,3289.906450,3267.127105,3244.272221,3207.876562,3170.776639,3115.355025,3084.463677,3063.470161,3030.917802,3012.757300,2978.332136,2961.332984,2961.000000,2968.842085,3018.821614,3043.069024,3064.222455,3056.385732,3062.449151,3072.274111,3087.178132,3096.454160,3107.101310,3100.989698,3103.831532,3105.687804,3105.586171,3111.720749,3118.267242,3132.339530,3150.935193,3183.890072,3212.793505,3213.853864,3205.484943,3200.496373,3201.292590,3248.030443,3336.401774,3442.426931,3516.725873,3538.016284,3524.297485,3491.741275,3442.353113,3400.128868,3361.210056,3330.229011,3312.161293,3305.247677,3321.446018,3346.032916,3302.018354,3211.077712,3104.085782,3016.841131,2903.693947,2779.153028,2728.311972,2630.932779,2477.868499,2356.378087,2305.218472,2195.576245,2090.276865,1997.408974,1964.595572,1997.405849,1912.217666,1805.595076,1693.344806,1614.745843,1575.738223,1555.172076,1540.453694,1527.197041,1512.812661,1499.322117,1488.134609,1479.019888,1468.404869,1459.234540,1449.161451,1439.839764,1431.009753,1424.028168,1418.795102,1415.939021,1412.163826,1411.341208,1410.141403,1406.188148,1402.515837,1401.441736,1399.743245,1398.762391,1395.262624,1393.273299
3176.837894,3161.308440,3159.112166,3170.989251,3181.906293,3155.495589,3127.580760,3062.530953,3011.813845,3010.923992,3050.787759,3170.062692,3255.894116,3346.688547,3370.978892,3343.322804,3309.469031,3305.715633,3327.845637,3257.257936,3142.461377,3079.047648,3055.465930,3060.442188,3057.674415,3050.741818,3061.689944,3061.137841,3049.775959,3047.772738,3028.444443,3006.025449,3013.230724,2983.900212,2947.887002,2930.661056,2926.135944,2931.349545,2949.469198,2968.380706,2999.213051,3024.851722,3033.251212,3037.040168,3083.677739,3160.290942,3237.669346,3344.525271,3415.814363,3338.763168,3199.613459,3069.325910,3029.365841,3048.850962,3085.405350,3110.021399,3132.688947,3135.163829,3132.662550,3128.526294,3133.276091,3115.345299,3152.951289,3163.367131,3178.227804,3183.468737,3173.501690,3104.081133,3024.274321,2982.070842,2960.318675,2945.460837,2961.275154,2998.189891,3046.895777,3077.600451,3102.679306,3142.926611,3188.612994,3221.726214,3304.855818,3367.318374,3397.297075,3441.681270,3497.768482,3424.786558,3319.166112,3235.023166,3196.231158,3164.723660,3121.844288,3114.523133,3159.756610,3222.875108,3278.252405,3315.508536,3354.948308,3446.879673,3557.772712,3639.194872,3607.677229,3571.228120,3611.059630,3611.330736,3565.737952,3493.403125,3397.841033,3274.786980,3195.983407,3156.504870,3118.950197,3060.588517,3022.510173,3010.830278,3038.751125,3088.593597,3147.617650,3184.328087,3181.381136,3168.854189,3164.465098,3162.346996,3162.363786,3155.585486,3142.491734,3122.655985,3110.246868,3100.374214,3089.363360,3073.803409,3057.600981,3067.117129,3097.913494,3146.290281,3209.842144,3265.725385,3290.764395,3290.770332,3276.763844,3253.060973,3253.504674,3266.859209,3288.486544,3342.062786,3373.811697,3364.095924,3360.818518,3427.810330,3461.237581,3375.082760,3329.571405,3292.856666,3250.743918,3214.785830,3182.763011,3147.901925,3113.694815,3102.005178,3068.926056,3029.348333,2995.225121,2967.454871,2961.000000,2961.775769,2972.359346,3007.403507,3050.014548,3074.733873,3085.505841,3097.137767,3097.948350,3103.563576,3115.763126,3115.684271,3107.114790,3108.950606,3108.821311,3109.222534,3118.795154,3120.090257,3132.339855,3154.554460,3176.484172,3202.160765,3226.672829,3226.340386,3218.477238,3209.839910,3251.292838,3344.383753,3435.234637,3475.339802,3494.519160,3511.992604,3523.506842,3485.452196,3446.819762,3406.299413,3358.688510,3329.959091,3322.968855,3346.880505,3392.480907,3338.919490,3263.925181,3187.064104,3049.273509,2918.108341,2851.316239,2784.221499,2614.431529,2478.833646,2446.464877,2351.287776,2200.398946,2105.084163,1999.303019,1920.703999,1953.581648,1900.708614,1802.481918,1697.797500,1610.448628,1573.845273,1550.393054,1537.000377,1525.328246,1512.411720,1499.148493,1488.875180,1477.502867,1465.341068,1455.859208,1448.984007,1438.691795,1432.909001,1425.158439,1418.228521,1413.216253,1410.270330,1408.975777,1411.860369,1402.670980,1400.629133,1399.177137,1398.182017,1398.178154,1395.311935,1390.545459
3161.557119,3158.309049,3182.217313,3237.420794,3208.001850,3122.091666,3092.088869,3013.766718,2960.170595,2977.625076,3024.581808,3126.068288,3205.208327,3292.465665,3295.864083,3268.856890,3238.262570,3240.728163,3278.243188,3297.254025,3227.031800,3140.522892,3068.746670,3057.731185,3041.099772,3032.829936,3041.161481,3041.992128,3034.641359,3016.662138,2970.447467,2948.341565,2961.813143,2926.895771,2908.336033,2919.669550,2939.703500,2948.861944,2962.705451,2984.781478,3024.621656,3051.667481,3047.541211,3054.365459,3095.432667,3151.205271,3189.879725,3289.902868,3378.919627,3313.810843,3181.298244,3064.264215,3023.704593,3046.834419,3084.107700,3104.870455,3125.343410,3100.296010,3079.917035,3103.418366,3118.973190,3098.528254,3099.407609,3114.606257,3136.911149,3124.705539,3074.279550,3012.186788,2952.069955,2930.585699,2934.294853,2956.630401,2988.510840,3042.306383,3095.509566,3129.010540,3121.027080,3158.437001,3203.267550,3239.157398,3307.248033,3332.536788,3347.369575,3390.485361,3470.310844,3433.097374,3319.719551,3236.063312,3169.795748,3129.671223,3104.649448,3110.887604,3177.634534,3223.532331,3260.385238,3296.523765,3337.364548,3399.429551,3497.706017,3607.806344,3668.432152,3610.039204,3549.831885,3494.591486,3463.702333,3428.085135,3342.814630,3241.174106,3184.143117,3135.378753,3082.473397,3020.767025,2989.133039,2979.850272,2995.346647,3021.827652,3052.350412,3079.820728,3091.174938,3096.123770,3103.612601,3108.621059,3111.124408,3110.165665,3099.795075,3084.780433,3078.158028,3067.815030,3047.614267,3031.607060,3040.515009,3061.609159,3091.992381,3130.562736,3171.983314,3205.697914,3227.402539,3230.436353,3228.547366,3242.791963,3266.276021,3291.896265,3316.331727,3379.292542,3400.490160,3358.675419,3361.029809,3414.918674,3499.517608,3423.009396,3357.379076,3304.831868,3252.306024,3209.359235,3179.879884,3146.169707,3137.318816,3116.401261,3064.754636,3035.037610,3009.027390,2969.916082,2961.092830,2962.937100,2971.133556,2994.911051,3032.293692,3067.144806,3100.356480,3117.215387,3120.789452,3125.375660,3134.385281,3120.195686,3116.815295,3116.122081,3115.656248,3112.577816,3125.894197,3130.613206,3135.750476,3151.006161,3168.596169,3182.174624,3206.401081,3227.530094,3230.558820,3220.646479,3251.249139,3327.992558,3394.056714,3429.806338,3471.132394,3510.068647,3557.992991,3550.630445,3515.973669,3461.753717,3407.893072,3365.899622,3346.567814,3361.042544,3411.710695,3372.887076,3281.035956,3161.313740,3048.925726,2959.827344,2866.653996,2737.995564,2607.120540,2584.145056,2463.069024,2342.212460,2215.703877,2106.718442,1996.539594,1895.208356,1890.017916,1881.097840,1785.737616,1688.158215,1604.336796,1571.719043,1554.252530,1542.833072,1530.246495,1514.902752,1502.370853,1490.788732,1479.423943,1465.534001,1454.978748,1446.386021,1436.910312,1431.539714,1426.739977,1418.935389,1414.414870,1409.550984,1407.366636,1407.976691,1402.267099,1400.174684,1396.487569,1395.552156,1393.914287,1391.567700,1390.261775
3197.848393,3198.674953,3260.870164,3308.082237,3267.181315,3125.027431,3038.441903,2954.216114,2916.606179,2931.032312,2969.525855,3057.574319,3162.816970,3244.739417,3228.585312,3188.053894,3177.153042,3177.653150,3204.789768,3240.604234,3262.407889,3219.855131,3116.901312,3051.632681,3026.098734,3021.018517,3030.101633,3031.442849,3026.170578,2983.090746,2924.482427,2909.600399,2903.481103,2896.974134,2920.419406,2940.924874,2951.166093,2963.485938,2973.829211,3010.423663,3064.497792,3077.511460,3102.545497,3110.852897,3138.186206,3189.597599,3230.220920,3272.902043,3319.700461,3276.774703,3162.875985,3055.306032,3011.592197,3036.000263,3062.330031,3064.414322,3081.866075,3051.376170,3044.296290,3060.648464,3081.032584,3076.116377,3037.660648,3041.926522,3060.432349,3052.615387,3000.834828,2939.529565,2906.723216,2919.658525,2968.015303,3025.870794,3070.627085,3094.320684,3134.862915,3152.904941,3129.942703,3150.067889,3192.727229,3239.777593,3314.361554,3346.166267,3336.571808,3373.321221,3462.303165,3444.897317,3332.139455,3251.213389,3160.990844,3098.691647,3060.233275,3062.158393,3123.461729,3194.430003,3227.462521,3299.688363,3357.099611,3383.211273,3441.589232,3545.403130,3642.348846,3578.175501,3478.299547,3392.746671,3351.882473,3331.819587,3266.096463,3198.772604,3143.712926,3086.641970,3031.080408,2980.288259,2954.969053,2941.519167,2939.223397,2944.769948,2966.362199,2986.395130,3008.625231,3022.451763,3032.381901,3042.363494,3052.013355,3055.085685,3048.450166,3042.534106,3037.883438,3020.915487,3010.330752,3021.450439,3041.225115,3060.229440,3079.707043,3102.386611,3132.097101,3166.023790,3196.264709,3211.221025,3237.828981,3288.972303,3327.723256,3370.048298,3409.251245,3467.555002,3446.637673,3368.085690,3368.230062,3402.041593,3497.645628,3506.521317,3430.326875,3360.518151,3278.828787,3221.945205,3181.806828,3159.273452,3154.466663,3106.806020,3053.536124,3051.318717,3044.465877,3002.342020,2969.309599,2969.006292,2985.711117,3021.962609,3058.157869,3103.838538,3140.061825,3164.727005,3163.101324,3158.295715,3156.752180,3131.839809,3126.891562,3124.562520,3123.494864,3130.114776,3139.298882,3142.367861,3151.890063,3158.500551,3165.258334,3172.256452,3194.325031,3209.172622,3229.777827,3229.106194,3247.060766,3320.836582,3396.726735,3448.718772,3500.219210,3513.187064,3567.396184,3601.172823,3564.791515,3512.561159,3456.700212,3401.909100,3373.579674,3386.340858,3433.764969,3375.075118,3274.554328,3163.643584,3080.793962,2990.630910,2861.769298,2725.849200,2681.365121,2576.284380,2440.876223,2332.366347,2201.218714,2100.133791,1987.708584,1889.069732,1834.678445,1861.380530,1774.831145,1668.659003,1602.855421,1577.033004,1563.648501,1549.387142,1534.497968,1519.823386,1507.075425,1493.713160,1480.941498,1467.040090,1455.319592,1444.232687,1437.383627,1431.548881,1424.552645,1419.395003,1415.183811,1410.502559,1407.903172,1404.758726,1400.523981,1398.083791,1396.407822,1392.545714,1389.813269,1388.857655,1388.068824
3315.085529,3331.591178,3353.075648,3313.894955,3233.964043,3107.688794,2965.417971,2877.195693,2887.285427,2911.038176,2930.635197,3014.116892,3133.799754,3182.351317,3162.922336,3126.227713,3112.956460,3116.997958,3142.249075,3180.195007,3237.117792,3259.475769,3178.641064,3087.339653,3036.526763,3023.780673,3027.305799,3023.126354,3006.308245,2956.198606,2895.161253,2886.902896,2889.918073,2918.992503,2952.595525,2957.013014,2969.402270,2979.442869,3000.652698,3031.825395,3080.501346,3114.925728,3168.393306,3176.256943,3201.462126,3250.074519,3303.206534,3271.354339,3258.010411,3218.804647,3136.629922,3058.292521,3008.345472,3011.031691,3027.559118,3023.709425,3013.884788,2998.460561,2996.448482,3010.624241,3040.854751,3047.984570,3011.215718,2981.001436,2996.180756,2980.533823,2921.289077,2891.623365,2913.164340,2983.962817,3066.711113,3122.486585,3148.899239,3168.517576,3192.119818,3195.360324,3154.104751,3142.172631,3147.150491,3177.853425,3269.440883,3364.419084,3343.635889,3361.170462,3466.113892,3443.251343,3358.934032,3276.673851,3169.806285,3093.143425,3036.953205,3035.426384,3077.819470,3173.437135,3244.014407,3319.458555,3378.754160,3371.123060,3419.335556,3520.409045,3629.858163,3576.950465,3471.942157,3394.601479,3321.756486,3271.960914,3208.699696,3149.781928,3086.483562,3036.748051,2987.444679,2952.299618,2915.884713,2894.544246,2885.884618,2895.517128,2911.253243,2930.748349,2943.862802,2955.344978,2971.447194,2987.800947,3000.151203,3003.579163,3002.285595,2999.624980,2992.006181,2985.354301,2993.882908,3023.430285,3060.762903,3083.049573,3081.412730,3092.448955,3129.724753,3191.647314,3236.591403,3247.752356,3268.654532,3343.607901,3442.487971,3490.037595,3528.527017,3562.872790,3464.254882,3382.008719,3379.729655,3418.276263,3489.394230,3574.155998,3516.347398,3443.871525,3338.972588,3252.737822,3212.057700,3192.881336,3170.571683,3110.130579,3060.083736,3070.066987,3072.815122,3032.259473,2991.336702,2995.823719,3017.349098,3064.131174,3093.781573,3137.241944,3183.945249,3256.310368,3270.596821,3225.318027,3188.479762,3146.609131,3141.833168,3128.933232,3141.710272,3151.901153,3158.272888,3161.681799,3170.905393,3172.418608,3175.323338,3178.898573,3201.553088,3213.499636,3212.112996,3212.230034,3244.586591,3322.220503,3438.040665,3490.690466,3507.134172,3517.180315,3563.426935,3607.283370,3575.499392,3518.971214,3456.411272,3416.416781,3399.970231,3396.397412,3401.249001,3354.061095,3278.916859,3172.768158,3087.099569,2977.797812,2880.499968,2759.511103,2660.627685,2550.105446,2457.492566,2315.358094,2197.387453,2079.132001,1973.497882,1884.513622,1795.199044,1799.941114,1753.176016,1656.552186,1605.190127,1586.946704,1570.689848,1556.335638,1540.899472,1527.622167,1511.846573,1496.677758,1483.060686,1468.936722,1457.059316,1446.177174,1437.174095,1431.611628,1424.956245,1419.551371,1413.770212,1410.701531,1406.367297,1403.953677,1399.032653,1395.020567,1394.231155,1392.020299,1390.062812,1388.076024,1387.510191
3299.790041,3353.734712,3320.963229,3250.246220,3176.303444,3071.843399,2930.135675,2853.737071,2873.286807,2905.163865,2922.204004,2989.785171,3087.551886,3103.843670,3103.264641,3071.099570,3043.608349,3054.139524,3088.689966,3137.248294,3197.027004,3243.627741,3182.927480,3087.747741,3039.238879,3024.457559,3022.132533,3004.992250,2970.520743,2928.714662,2876.737050,2866.330233,2880.877171,2933.272489,2976.393259,2978.617602,2987.369797,3003.075091,3025.589206,3068.581448,3120.685697,3192.210650,3260.912284,3252.903410,3310.461748,3371.356632,3338.191206,3274.679105,3222.779090,3178.202841,3119.153372,3075.604419,3014.862374,2989.432227,2995.555996,2989.163035,2965.585390,2951.946991,2951.366069,2961.330809,2990.980190,2998.484839,2980.186264,2939.521198,2917.296837,2892.850819,2871.484086,2896.399799,2977.465662,3077.182276,3132.200678,3198.053566,3239.491801,3266.136458,3298.281111,3265.799907,3237.232569,3218.443167,3176.962877,3172.820956,3241.785682,3373.404430,3412.541655,3419.043151,3479.858626,3420.830553,3336.183053,3265.643305,3184.600276,3091.953967,3025.849424,3023.721513,3066.338039,3184.928216,3263.666563,3355.603836,3437.147636,3409.483399,3424.317745,3504.399486,3551.674200,3522.937148,3456.916436,3389.390001,3300.024397,3231.481221,3156.686817,3094.043531,3036.868576,2983.511103,2942.012426,2903.668306,2870.644911,2861.796340,2862.320276,2871.518204,2885.526534,2898.049611,2909.669649,2919.770664,2935.902045,2952.171344,2963.440069,2966.512983,2969.327505,2965.501975,2966.006199,2968.273268,2986.963465,3019.497033,3082.387184,3126.777710,3104.152171,3097.109795,3142.239910,3212.394429,3272.123589,3299.773671,3322.497889,3369.471176,3480.680912,3534.691392,3556.751479,3577.092006,3483.225781,3414.780889,3431.255321,3476.807270,3511.558485,3609.829828,3602.335018,3520.580187,3414.009000,3300.978080,3239.161219,3211.256730,3181.295002,3120.810111,3072.429932,3072.772185,3066.384595,3033.464759,3019.587188,3024.674418,3048.171132,3097.227912,3120.183080,3180.579556,3259.684994,3350.017535,3342.641245,3293.771218,3232.205753,3174.030964,3160.716450,3141.470085,3145.085166,3159.611781,3175.874729,3169.263394,3173.250288,3186.444706,3190.133905,3191.783175,3207.806821,3212.730524,3216.837813,3213.495555,3240.064841,3316.759336,3421.112354,3523.058629,3533.948965,3530.316577,3564.848974,3549.159511,3507.587504,3468.547213,3432.279478,3408.627777,3377.542700,3373.996566,3319.085088,3266.565264,3228.037076,3145.004719,3049.217443,2962.176835,2885.984311,2733.828629,2600.320974,2504.760669,2412.749241,2316.141019,2187.328249,2074.818158,1965.612706,1872.574002,1781.003077,1724.033382,1698.287524,1643.735885,1614.701489,1596.692440,1578.132941,1563.251473,1547.061621,1531.202518,1515.202762,1499.509385,1486.215890,1471.628935,1460.049421,1448.697363,1438.795184,1430.973959,1425.572845,1420.798085,1415.227140,1411.108804,1406.504333,1401.268731,1396.430355,1394.623397,1392.900057,1390.692787,1387.946472,1387.579434,1385.590017
3247.374494,3309.799311,3283.714715,3219.020581,3127.699030,3019.574051,2908.143900,2840.855595,2859.642745,2890.786727,2910.836803,2969.853428,3041.342605,3029.189323,3031.655090,3015.720666,2991.734904,3006.715868,3045.343610,3097.436204,3155.085050,3203.657462,3174.082464,3083.225399,3035.731579,3015.126769,3008.807742,2973.807965,2932.700162,2901.089382,2864.422555,2856.336068,2874.521020,2929.220653,2984.738418,3005.121659,3016.759479,3036.599137,3070.053671,3120.000620,3182.203245,3262.049450,3290.384542,3316.579610,3362.958566,3390.573319,3362.665416,3257.403101,3196.296818,3174.881067,3187.813200,3108.626743,3020.456506,2979.146618,2963.600252,2956.791481,2948.256216,2938.078893,2931.907402,2935.047409,2969.465625,2937.288689,2911.339115,2869.663243,2858.356278,2870.445829,2889.442658,2939.475118,3037.882761,3112.816195,3171.084408,3218.765768,3260.444281,3305.014408,3355.808799,3339.382689,3353.828844,3320.627622,3244.769585,3240.837139,3284.721449,3364.826721,3455.902395,3488.585997,3443.508261,3369.157590,3278.308948,3228.924314,3165.063857,3080.287163,3014.119911,3020.270756,3064.594477,3180.732746,3280.566444,3392.604407,3487.761061,3482.165851,3474.109088,3492.709202,3444.552243,3406.939335,3365.591027,3304.656488,3232.256942,3156.625679,3100.642739,3044.180264,2981.414642,2938.933775,2887.719438,2843.621146,2841.879056,2843.218530,2846.524436,2855.930784,2871.382459,2887.962559,2894.989395,2909.390858,2922.180754,2935.242567,2945.022993,2945.059880,2947.884673,2949.506015,2957.181006,2971.481812,3006.109504,3067.086964,3131.684568,3162.315246,3126.773058,3105.797023,3144.765315,3216.865999,3291.167032,3364.745274,3401.839376,3438.165630,3486.177584,3528.185563,3563.585476,3565.128019,3506.384159,3450.410189,3463.178145,3499.566111,3525.815977,3628.749290,3650.181273,3561.372321,3453.303531,3347.820907,3255.074559,3211.424438,3179.703951,3131.893308,3084.059309,3061.686111,3043.824532,3028.874744,3028.152054,3042.315222,3076.065405,3112.305319,3148.390367,3225.472749,3327.676237,3406.754576,3370.584772,3313.928489,3269.241094,3218.681529,3169.801539,3157.563660,3148.237873,3156.424951,3171.166542,3178.323067,3177.327728,3189.574123,3195.192193,3198.654509,3207.270496,3215.663626,3220.315769,3217.354482,3237.447118,3314.860306,3416.359782,3519.977819,3575.368568,3561.258908,3523.825521,3463.301024,3421.320377,3393.725564,3371.252794,3346.435471,3318.100420,3301.356171,3236.422020,3179.068606,3148.439070,3108.102784,3030.600002,2949.278707,2851.898803,2693.807233,2558.695697,2452.779827,2364.628782,2275.153880,2180.247125,2080.004680,1988.124816,1913.027415,1832.993920,1782.523648,1737.867397,1661.663392,1614.467871,1597.217235,1578.824230,1562.726391,1546.981468,1531.062454,1516.152433,1501.517183,1487.607731,1474.730816,1462.516902,1449.886430,1441.704190,1433.477654,1426.588075,1420.781345,1417.548649,1411.831181,1406.075844,1403.026218,1397.431816,1396.550574,1394.062469,1390.214937,1387.711224,1386.976467,1386.037786
3196.694916,3266.705181,3246.461369,3173.309577,3086.789315,2987.758992,2885.554404,2821.691746,2837.659973,2866.480830,2895.685578,2962.422974,2979.791638,2957.111621,2958.282835,2955.806455,2941.639723,2963.770098,3001.165750,3049.197233,3108.614305,3161.653946,3150.830246,3073.734143,3033.895591,3016.961560,2991.230181,2950.387140,2926.329647,2897.829652,2864.776601,2855.144501,2875.763705,2931.296700,2997.573217,3024.508281,3050.821716,3085.020648,3116.795257,3161.205315,3220.400721,3249.383191,3263.345115,3286.437328,3285.932872,3294.887863,3314.059648,3265.836367,3216.590822,3209.673380,3225.955267,3129.104622,3034.201550,2997.300942,2976.048976,2983.866278,2981.646710,2960.578249,2942.791007,2930.217155,2946.463370,2857.303712,2819.253321,2825.593346,2866.684158,2909.532422,2949.400646,3002.967096,3084.276461,3140.747851,3177.739599,3220.377559,3262.441797,3307.506435,3364.926541,3417.405856,3455.158835,3436.159505,3384.121744,3388.909390,3371.140591,3358.639496,3431.270738,3470.639756,3387.824456,3355.195476,3304.545561,3282.383042,3148.525890,3059.117210,2994.089161,3015.987739,3061.636192,3150.637551,3258.001226,3374.987935,3472.755319,3478.666854,3426.278327,3396.098197,3362.717737,3305.689059,3267.587175,3217.122836,3145.659391,3091.954191,3038.040978,2987.188391,2931.665616,2875.851188,2834.053011,2821.104182,2831.039578,2838.020251,2851.822042,2874.609946,2899.001008,2915.695844,2918.708154,2926.346427,2934.866185,2942.362914,2948.221223,2948.658084,2956.857392,2973.635725,3005.342417,3039.745816,3112.637743,3178.646744,3216.257882,3203.261135,3141.031470,3105.703090,3132.231107,3218.628208,3307.158724,3363.698671,3399.059445,3440.773952,3478.585017,3511.438771,3559.106396,3553.194791,3514.627235,3493.213127,3500.258587,3528.163896,3546.002836,3633.970142,3672.118040,3571.679168,3466.382805,3365.437116,3263.690888,3204.178755,3182.880800,3139.784497,3086.516753,3063.353466,3056.155320,3047.851597,3056.129637,3071.579230,3108.685420,3131.676762,3182.815771,3279.223507,3384.423871,3442.728804,3387.025743,3324.746359,3303.692841,3251.386204,3199.905686,3170.184344,3162.367092,3163.064139,3173.420671,3177.788343,3179.679502,3190.078180,3196.650676,3204.989734,3213.786733,3213.883156,3216.790634,3219.838418,3240.981495,3316.267154,3423.399687,3530.807142,3605.298682,3557.117267,3472.246317,3397.393667,3338.706071,3308.837787,3292.804096,3271.027697,3278.427195,3222.511827,3150.428626,3088.866820,3058.157525,3005.345165,2957.979600,2887.131538,2799.515393,2698.743592,2550.481068,2435.872667,2342.610811,2262.916305,2222.218340,2177.840322,2086.156685,2003.358710,1913.662796,1837.305070,1752.744735,1668.613502,1604.620386,1586.625210,1570.777575,1558.149912,1542.765094,1529.024141,1514.698459,1501.155924,1486.403959,1473.983309,1462.178206,1452.353698,1442.385374,1435.431827,1427.907948,1423.181952,1417.147506,1412.239079,1408.366360,1404.207297,1399.414917,1396.823994,1394.914083,1390.900933,1387.282247,1386.393677,1385.427694
3141.224648,3206.714990,3187.371286,3120.352155,3046.861245,2952.796254,2853.945075,2807.904394,2812.595055,2836.337891,2870.574129,2922.530538,2916.594867,2894.035865,2902.909130,2904.688385,2899.527325,2916.231314,2958.540654,3019.107543,3078.171352,3120.187923,3115.583905,3072.634230,3036.933815,3014.511927,2986.347595,2951.235340,2936.282575,2901.228064,2858.021953,2849.507763,2881.973635,2938.219136,2995.204432,3019.828001,3062.951684,3120.806594,3153.843855,3187.160661,3197.973608,3205.506125,3227.689506,3235.008347,3212.815639,3218.488955,3255.558909,3269.500161,3273.239323,3229.213393,3180.591457,3112.938021,3065.729026,3041.137099,3027.481751,3039.314540,3030.154048,3003.749301,2977.462173,2927.126689,2868.394215,2792.473715,2774.035580,2822.960745,2893.012964,2954.277100,3014.790726,3072.821975,3122.481712,3143.190915,3176.191805,3227.227624,3282.019770,3336.535656,3390.984852,3429.784692,3432.803546,3399.767506,3386.321420,3386.880098,3385.652598,3396.774757,3433.294221,3479.807127,3465.214937,3421.468083,3375.760074,3283.636036,3161.889282,3059.321178,2980.231173,2997.152653,3056.622779,3154.195314,3250.599945,3368.923920,3425.601753,3371.727369,3318.179414,3283.927266,3279.539851,3229.102609,3163.609150,3116.881115,3064.140783,3017.908469,2968.481068,2920.584339,2870.462801,2824.302507,2809.058965,2812.922977,2822.812741,2850.538585,2892.426695,2929.863953,2967.818156,2989.069829,2986.791639,2990.636807,2990.267660,2978.357975,2972.927853,2995.235505,3024.029016,3063.067579,3100.228955,3197.073088,3282.756986,3279.729350,3268.735188,3231.568508,3149.457560,3103.420970,3111.170365,3189.894702,3303.676325,3381.401382,3405.177488,3418.084086,3436.297557,3464.841226,3544.702291,3545.181559,3525.668401,3517.876113,3529.928704,3540.928106,3555.519167,3645.101326,3666.502443,3569.036534,3461.869240,3352.340040,3247.467115,3185.236792,3151.001723,3113.474031,3098.812762,3085.090643,3090.794576,3085.797139,3092.107666,3103.063848,3142.597178,3167.873026,3225.678691,3336.853706,3441.288427,3450.347757,3407.532179,3364.374234,3332.087128,3293.838700,3253.820489,3209.414437,3173.017507,3164.382379,3183.039390,3184.332897,3182.995764,3186.818093,3191.109773,3206.681778,3219.380079,3218.176432,3221.136314,3230.116604,3246.195931,3318.852365,3419.784302,3536.282570,3613.149530,3545.005997,3452.314359,3369.830499,3286.625351,3227.741146,3198.629720,3197.291469,3220.343369,3147.142624,3064.850800,3000.601506,2974.970473,2918.471296,2855.187824,2811.017952,2784.016110,2664.425393,2516.727241,2405.511513,2316.098643,2225.154584,2180.575942,2171.470436,2133.987570,2018.735911,1917.973458,1820.195670,1726.151132,1653.721451,1597.781276,1579.188845,1564.619504,1550.368162,1537.177744,1523.280918,1510.589055,1498.422655,1483.321540,1470.813097,1461.224959,1452.870884,1444.506327,1436.974057,1431.109522,1425.075179,1417.687360,1412.510062,1407.437841,1402.587814,1397.836857,1396.816700,1394.552086,1389.904658,1386.299125,1385.794813,1384.783340
3076.718669,3125.405646,3115.930328,3059.179100,3007.397913,2941.595942,2860.663096,2807.346577,2803.164282,2814.969288,2855.862410,2904.103573,2891.811345,2859.747541,2869.074299,2869.184494,2868.396942,2883.083716,2929.051075,2986.856670,3041.292702,3088.189470,3104.723741,3077.476634,3046.332808,3026.390169,3006.006949,2966.311723,2946.460343,2889.641043,2840.128452,2841.426300,2890.503610,2936.651888,2995.613192,3037.348119,3092.491493,3158.309194,3169.945604,3168.263806,3165.610721,3176.136343,3202.572900,3200.669795,3185.721358,3197.100615,3220.736056,3244.773383,3264.466549,3205.741946,3150.803912,3133.658760,3124.469122,3115.702137,3102.622894,3102.895609,3066.643978,3027.684055,2967.689646,2900.720617,2813.094489,2752.122705,2752.988009,2829.474372,2928.880340,3000.021199,3045.742715,3082.018864,3122.589153,3146.131292,3186.301339,3236.903136,3300.534284,3353.638466,3395.147700,3421.867552,3407.313115,3348.463874,3332.593817,3342.371490,3336.030002,3363.349078,3416.051825,3478.246086,3524.507670,3511.426822,3385.537945,3250.779104,3146.286774,3051.393144,2977.306667,2973.529005,3026.564277,3117.105704,3220.274346,3313.874860,3352.961036,3288.921751,3220.370050,3191.169373,3178.734135,3141.771961,3070.933230,3022.982434,2982.664524,2941.904991,2896.365745,2853.750725,2813.073156,2801.713724,2802.880659,2816.406728,2849.500500,2894.095573,2944.765651,3004.226295,3061.022008,3060.811920,3057.177389,3061.621320,3053.516574,3038.757971,3023.036883,3028.252487,3072.762563,3139.363181,3229.345994,3351.976239,3436.848794,3372.578512,3300.200751,3245.518401,3158.799519,3103.729729,3104.117456,3156.188020,3256.744112,3379.448815,3436.442093,3425.256760,3426.132959,3451.378036,3529.943615,3545.889959,3541.384161,3533.255137,3552.225434,3570.150995,3592.243048,3673.253637,3656.565688,3552.775463,3445.984096,3343.757551,3239.152209,3191.285203,3141.556315,3103.042597,3120.908891,3111.621605,3116.387975,3128.023635,3126.423215,3128.877829,3172.910828,3213.454519,3277.502705,3388.753546,3477.425061,3458.020995,3447.744105,3404.278532,3348.507519,3317.974912,3292.898871,3261.126749,3197.982665,3164.435071,3184.449731,3189.119782,3193.792341,3192.964375,3195.216454,3204.458649,3219.266502,3219.894612,3230.065899,3236.493404,3251.510600,3324.510845,3421.876681,3531.593980,3606.399072,3557.178774,3460.032906,3362.887759,3279.175099,3202.040654,3136.450826,3113.953732,3102.426828,3042.616472,2982.193835,2918.948218,2891.039405,2854.359588,2785.080035,2723.503954,2680.969401,2571.986369,2486.775315,2392.398941,2305.611291,2218.809927,2127.861216,2075.669464,2079.545693,2006.036482,1893.376004,1788.235394,1690.966562,1643.163890,1598.658662,1577.213526,1561.841666,1549.954759,1534.427166,1521.974988,1508.929929,1496.923509,1483.594848,1473.100873,1462.304086,1453.419003,1445.474002,1438.992316,1431.267751,1425.264447,1418.188144,1412.067420,1407.793921,1404.234220,1400.149077,1398.666149,1395.769500,1392.670709,1388.983951,1389.183242,1387.791148
3008.983365,3041.002724,3041.120381,2999.222263,2952.427214,2926.209156,2873.200118,2813.810333,2802.038083,2803.171052,2834.770229,2891.772806,2885.893389,2843.832625,2844.042079,2843.190517,2838.879268,2859.647124,2904.738536,2960.765479,3011.808971,3034.011853,3073.149834,3079.317705,3057.041507,3038.275907,3014.198334,2971.762751,2932.126107,2858.676521,2826.086173,2852.210892,2925.440691,2980.857446,3052.383201,3099.828598,3135.524656,3163.021678,3143.006978,3140.640566,3143.566195,3163.548134,3174.908962,3172.652963,3175.453383,3191.877530,3208.958682,3242.120747,3281.011194,3217.721389,3161.438246,3153.690133,3165.575571,3193.659336,3182.905065,3120.284251,3072.080155,3064.207561,2979.521816,2878.370668,2771.374799,2723.460147,2736.437077,2856.145080,2972.980196,3032.751415,3058.101131,3092.122787,3122.812964,3144.380105,3179.248164,3235.388351,3298.950250,3347.480303,3371.415435,3384.458801,3375.807605,3321.647737,3299.986509,3287.942223,3272.524825,3308.873290,3369.683869,3451.420524,3505.173683,3508.092368,3400.867898,3278.368682,3147.626406,3037.875025,2975.211861,2964.608395,2987.071573,3057.600912,3142.493982,3225.581644,3273.756230,3224.650399,3149.635698,3093.330798,3058.714624,3024.074137,2972.868755,2935.465088,2903.037270,2866.030980,2832.558811,2801.400374,2790.427200,2791.794006,2814.443184,2853.538497,2901.213609,2960.358591,3032.083709,3097.469559,3144.377604,3133.763119,3117.774892,3119.417988,3122.195341,3105.940012,3080.983157,3055.608236,3071.033053,3147.670946,3253.147071,3381.836527,3481.939360,3414.759360,3317.374149,3251.880292,3166.270088,3105.819898,3099.815267,3140.757559,3225.487345,3377.631607,3476.049430,3454.148793,3454.383863,3480.195369,3556.612884,3553.301010,3548.260553,3535.747408,3552.423464,3585.612179,3651.359995,3706.513854,3650.720429,3538.343096,3418.525646,3325.403452,3239.828707,3204.648893,3150.353046,3116.239057,3127.889839,3138.255388,3140.297798,3166.530190,3158.020731,3150.470933,3210.207981,3250.516947,3324.833114,3433.449118,3507.116574,3484.034097,3477.141584,3415.910785,3354.962485,3331.005451,3316.447504,3282.503991,3225.884861,3196.568901,3184.499933,3196.280705,3212.222346,3211.502396,3195.991481,3204.797592,3208.273758,3213.496145,3239.523557,3245.179727,3249.892459,3318.166022,3426.352704,3535.512411,3604.439112,3560.173415,3471.553634,3369.646247,3271.723727,3189.953544,3115.537614,3057.474701,3004.540185,2929.439150,2873.746111,2816.660578,2788.844204,2764.353948,2722.116081,2696.081669,2619.999870,2525.993466,2447.378457,2356.754358,2278.487088,2208.164079,2124.290905,2022.233327,2002.706159,1978.870890,1863.801313,1756.409449,1685.017177,1640.784774,1602.224895,1582.508834,1568.192627,1552.296949,1536.780419,1525.084325,1511.576363,1500.339035,1489.093571,1478.592572,1466.788917,1458.093168,1449.813013,1440.396660,1431.049239,1425.386400,1419.984755,1414.834287,1410.853053,1407.576969,1402.878607,1400.817818,1399.590430,1397.225707,1393.060949,1392.593537,1390.108962
2950.367625,2964.578690,2976.763368,2953.498458,2911.080124,2909.069529,2885.163434,2820.846234,2802.020737,2802.000000,2819.403859,2875.444571,2874.385025,2829.483665,2820.893242,2824.644752,2823.040939,2844.519002,2899.277502,2947.898913,2990.185033,3022.380405,3072.597998,3081.422134,3050.466398,3025.714786,2996.755997,2952.586439,2887.186147,2833.669381,2829.196832,2871.762783,2944.257349,3001.257573,3102.575570,3156.560642,3166.834721,3158.921364,3120.379825,3108.440268,3119.430437,3136.400616,3138.025923,3148.778170,3162.417089,3182.644734,3208.204262,3267.610225,3311.341578,3269.510061,3211.176335,3166.776902,3165.933012,3162.321438,3138.131855,3096.890975,3046.514586,3030.424425,2983.691635,2853.433040,2743.402238,2713.260214,2743.687853,2890.291373,3012.187366,3049.907055,3071.783576,3102.334401,3127.975984,3138.816742,3173.370533,3225.151199,3282.718120,3321.268235,3331.143348,3345.329426,3341.035371,3288.378122,3245.358813,3231.674042,3241.770294,3293.124255,3350.052756,3403.298624,3469.103958,3475.283626,3386.259062,3256.861381,3155.393578,3072.235467,3001.361324,2972.633164,2975.539064,2998.994556,3040.649180,3097.191691,3157.197959,3116.862137,3059.458398,2993.755423,2950.285876,2914.752807,2877.980727,2849.720112,2827.242737,2810.608312,2788.813210,2784.382719,2787.744737,2815.036289,2857.598721,2899.505058,2961.639709,3058.281637,3131.080022,3190.528931,3234.630225,3228.238500,3194.362928,3195.134235,3179.169677,3157.865514,3123.164605,3083.155635,3078.182810,3137.918505,3226.099639,3346.378591,3462.898731,3424.726964,3336.609147,3257.694078,3161.559088,3103.582938,3099.078330,3140.817748,3228.084413,3370.728718,3494.669107,3467.701760,3470.693673,3508.267247,3588.457152,3586.278018,3572.817539,3556.474971,3559.942244,3598.155342,3686.982245,3720.072696,3647.813525,3529.015332,3405.619367,3313.498071,3241.427494,3202.048113,3154.746759,3126.183423,3133.293062,3148.671945,3149.148790,3184.925653,3185.070705,3186.950914,3239.049614,3285.493654,3378.035224,3497.920081,3539.479935,3511.213747,3479.806454,3403.508103,3359.051413,3344.508534,3333.027096,3300.591386,3264.980627,3239.168511,3208.849406,3212.536942,3230.146461,3234.892769,3204.915202,3202.809315,3205.666954,3211.652709,3234.820840,3249.880289,3253.820226,3327.607622,3441.766153,3548.045864,3599.932466,3551.346392,3468.826151,3370.197606,3283.566141,3204.830903,3155.576893,3102.509802,3024.641508,2939.925457,2832.802366,2746.796487,2687.808677,2641.282243,2631.003342,2641.840907,2623.159276,2550.051975,2463.534907,2377.183370,2282.193441,2197.033574,2114.440233,1984.812094,1941.318819,1919.285816,1844.922817,1727.303042,1668.252635,1634.633853,1606.712995,1592.254844,1574.946011,1559.842698,1543.166114,1529.292701,1516.768289,1504.317969,1492.488387,1481.841742,1471.866446,1462.605335,1450.370238,1440.362161,1434.219202,1428.179823,1423.314173,1418.772008,1413.951215,1409.680741,1407.764441,1406.205871,1402.840014,1400.416431,1398.384163,1396.648082,1393.470716
2908.689844,2902.764898,2926.875773,2925.557287,2896.361321,2889.923299,2893.392747,2833.784013,2804.026945,2802.000000,2808.999304,2856.231788,2865.199276,2820.932187,2808.839902,2809.682976,2811.423035,2847.581435,2896.014107,2928.183071,2977.070857,3038.354515,3091.608818,3091.519594,3047.603597,3007.443162,2968.342607,2909.369460,2846.434547,2820.036970,2836.426467,2881.568989,2918.716542,2997.291113,3112.217035,3148.759559,3142.677951,3134.040094,3103.733974,3083.392292,3091.999432,3101.636246,3108.554700,3131.422269,3157.434337,3180.183109,3239.106142,3285.261230,3284.836717,3279.488557,3239.746143,3180.195931,3130.206363,3115.632380,3084.459227,3061.095949,3030.610069,2975.604905,2920.801960,2855.025998,2738.184178,2717.907167,2766.462325,2902.232558,2986.910781,3053.287912,3079.055109,3095.754159,3115.557258,3141.404603,3172.105596,3211.097503,3263.418812,3301.732193,3296.946059,3306.035775,3295.515245,3223.337756,3188.867126,3210.717563,3263.179154,3316.158573,3367.901252,3412.886233,3445.672530,3436.558558,3372.198802,3291.616092,3221.514160,3122.247080,3052.803019,3006.126296,2969.140140,2957.688657,2954.978522,2992.644428,3019.105398,2986.533052,2944.639943,2902.615871,2860.053322,2825.173021,2796.480913,2782.641357,2775.241237,2776.120641,2777.031887,2793.989796,2825.637592,2860.227698,2897.642812,2946.497811,3033.456233,3146.777516,3230.037236,3271.852901,3288.112747,3286.140537,3259.218780,3233.873763,3197.507499,3178.854507,3143.869022,3109.691457,3092.196221,3129.182003,3205.064831,3315.297428,3451.140032,3452.158958,3372.320588,3278.533083,3169.861063,3102.911238,3099.010712,3125.885347,3232.245731,3391.283775,3531.329715,3491.582903,3478.288131,3534.257250,3622.419929,3620.394934,3598.883759,3583.112216,3588.251447,3636.049754,3703.998253,3723.172368,3652.963165,3536.887809,3415.104805,3317.018919,3250.766640,3204.175789,3155.714289,3132.027764,3161.802964,3156.483537,3150.966835,3189.194999,3207.508496,3222.425803,3267.974111,3334.846193,3445.539099,3554.081293,3564.162623,3517.333973,3456.722632,3393.619030,3367.070853,3346.072820,3321.169164,3300.773805,3280.713458,3259.405306,3250.607700,3254.370360,3254.139173,3251.404449,3216.096635,3211.649038,3210.655371,3213.764859,3228.017747,3251.518521,3262.985316,3327.839930,3445.612801,3551.152777,3563.104527,3527.999814,3458.606984,3390.393255,3323.834015,3252.823826,3195.566994,3116.837073,3019.516649,2922.360605,2816.982258,2730.111557,2650.632347,2571.478713,2537.095543,2526.376560,2523.904854,2514.821493,2509.838794,2434.193110,2376.596530,2248.350521,2116.565160,2040.492007,1999.503492,1892.187313,1808.260017,1701.749804,1661.388231,1637.859266,1611.798519,1592.948931,1575.503190,1560.866366,1546.219290,1532.828993,1519.973651,1507.070630,1494.920979,1484.370782,1475.360757,1463.444336,1454.106911,1444.874872,1437.596885,1431.013552,1424.306252,1421.374229,1416.150234,1415.103085,1413.391121,1411.320667,1408.680574,1405.822310,1403.093226,1399.172467,1395.979735
2881.473063,2856.812369,2884.647538,2902.676548,2875.879460,2861.628007,2889.947593,2849.282684,2811.081326,2802.000000,2802.169855,2832.321329,2861.049577,2819.355224,2800.159755,2797.070233,2807.120955,2849.303344,2881.063387,2904.189268,2954.900455,3021.200036,3090.221561,3094.741017,3046.065800,3001.752467,2953.210789,2869.689072,2817.807637,2814.874886,2845.686645,2881.822103,2909.388989,3002.691195,3105.152837,3110.489992,3100.407092,3113.983122,3090.731458,3066.510023,3072.272606,3086.903045,3094.756354,3116.043911,3133.149178,3181.250903,3270.118574,3272.324287,3240.682571,3226.617418,3214.933583,3203.508868,3140.472812,3118.624661,3085.500861,3038.963669,2974.660384,2904.027020,2848.152689,2807.018262,2732.801060,2716.644064,2802.202891,2908.019627,2983.299126,3045.556802,3075.769431,3094.040290,3114.348959,3136.476372,3161.075357,3202.049589,3252.458952,3275.265308,3258.719602,3268.589158,3241.243963,3175.056079,3174.439238,3228.793863,3307.222245,3372.441641,3408.441216,3413.706662,3409.025484,3372.278253,3308.150642,3276.500691,3211.347020,3112.173751,3056.209653,3018.437857,2958.328155,2908.046982,2882.875426,2895.063728,2900.416533,2875.824867,2844.196521,2799.266133,2774.894276,2764.012997,2753.355805,2755.950492,2758.215671,2772.489155,2799.081342,2841.452043,2878.014373,2907.089086,2946.821287,3039.485393,3147.441084,3233.626392,3289.800018,3294.731374,3321.588730,3312.004299,3290.365535,3251.956667,3207.675400,3187.760808,3168.756771,3128.836350,3103.248745,3121.489674,3194.178634,3308.713698,3446.264799,3507.517095,3420.981831,3313.053511,3199.850930,3113.163416,3099.700975,3119.238296,3236.744681,3457.694825,3566.357986,3485.461313,3495.833273,3584.667549,3649.967092,3642.006925,3620.317510,3611.080606,3626.125574,3688.130297,3735.532539,3721.535677,3627.965964,3514.080698,3405.118021,3317.023802,3264.545613,3205.088984,3142.488572,3137.341055,3163.466323,3149.992805,3151.685035,3187.858643,3219.667663,3253.878066,3300.988222,3375.296728,3495.591864,3589.773742,3559.683340,3500.111165,3430.217621,3378.902857,3353.005363,3338.998816,3318.322966,3302.399064,3287.427032,3283.081372,3290.940046,3296.884310,3285.104735,3279.236342,3227.934216,3227.048639,3227.888628,3226.332287,3232.341121,3245.655369,3277.139792,3345.522728,3467.385088,3540.126430,3525.243607,3482.973795,3410.944232,3348.544017,3294.617183,3260.193220,3215.009281,3120.400010,3016.060243,2914.999994,2811.309986,2726.834876,2657.305255,2575.325644,2485.612928,2433.530538,2416.138806,2400.578794,2443.366274,2475.932041,2391.891646,2236.977769,2160.905668,2122.709940,2012.553508,1911.413358,1788.919781,1703.443297,1665.974297,1639.378945,1613.285930,1596.421874,1577.990733,1564.287628,1549.170872,1535.395098,1522.496391,1511.805379,1499.633272,1486.496406,1477.599309,1467.890937,1458.037055,1451.053560,1442.387038,1436.779385,1430.985357,1424.630360,1421.640767,1419.799634,1418.667581,1416.242152,1412.730500,1410.194618,1406.179073,1403.040370,1400.477846
2852.781681,2825.490482,2848.010923,2871.651030,2847.584785,2830.894913,2865.253253,2864.027641,2818.169105,2802.003089,2802.023875,2819.022364,2857.039655,2821.833114,2791.580586,2790.623729,2804.490200,2844.254158,2857.364254,2874.845165,2919.739166,2986.583464,3046.377427,3057.894198,3019.709728,2987.441316,2939.905759,2860.027153,2804.170519,2811.574610,2844.107532,2883.497166,2913.597779,2984.798676,3072.145071,3073.377037,3070.186931,3092.785504,3062.547051,3046.162527,3049.123406,3086.241767,3085.647606,3089.251799,3122.595620,3185.711694,3267.133128,3258.725609,3226.497180,3209.989742,3204.594987,3204.227390,3178.107091,3139.555903,3095.659156,3023.041392,2924.388920,2834.796498,2765.852519,2715.194061,2688.407618,2725.749390,2825.445196,2922.208685,2981.433226,3035.930524,3073.449396,3100.566066,3125.150653,3130.847853,3154.638394,3201.096614,3241.346390,3242.928395,3223.940380,3225.881981,3169.989423,3151.703340,3200.132042,3289.605029,3350.231618,3378.172996,3385.041527,3370.865545,3334.530509,3287.243876,3210.429462,3177.236459,3132.840686,3070.650185,3005.247896,2969.036787,2919.419228,2862.570562,2818.631963,2809.973286,2806.239085,2785.544228,2759.652057,2732.769877,2730.786704,2735.652260,2737.732868,2757.217674,2776.917412,2809.527001,2853.925107,2890.279815,2923.188566,2951.442438,3021.907871,3144.607389,3257.995415,3310.674518,3330.422968,3325.500417,3348.942392,3340.282726,3318.512376,3280.549185,3239.899195,3220.147620,3204.370428,3150.436747,3119.210364,3123.005802,3182.782323,3300.730497,3450.243767,3546.217044,3480.917363,3348.956955,3259.358378,3171.781249,3126.021216,3150.210508,3280.912181,3480.529517,3570.436727,3517.662297,3568.527466,3650.192337,3674.077192,3635.636259,3635.024318,3644.431231,3679.348175,3748.980330,3758.428650,3705.163281,3592.507516,3465.555411,3365.073756,3303.919174,3250.892068,3193.524894,3140.180938,3150.359291,3175.174450,3154.882245,3156.068332,3188.741382,3232.246226,3282.135892,3325.601433,3438.582629,3548.347792,3593.581249,3546.026177,3487.607691,3411.187854,3371.489277,3349.318366,3339.256035,3320.501687,3314.778450,3314.436934,3331.132738,3385.752301,3393.055866,3357.044934,3292.949674,3234.860699,3222.609917,3225.264224,3240.036370,3243.595304,3253.769059,3281.459859,3358.362154,3479.078013,3511.873329,3480.044711,3439.444633,3380.116143,3313.773723,3249.534079,3204.004307,3164.740815,3109.018313,3019.183887,2903.097553,2785.242556,2687.545696,2613.822140,2561.825921,2504.115949,2410.673605,2334.529540,2300.664725,2294.626787,2385.856161,2327.927306,2201.210744,2115.688906,2070.568386,1976.932594,1873.782967,1774.794549,1698.920318,1664.770740,1638.404892,1615.716859,1599.952429,1587.091835,1568.891998,1554.806723,1543.140183,1527.975206,1514.070154,1501.179200,1488.363854,1477.381541,1470.771190,1463.967986,1458.874599,1451.659014,1443.638121,1436.011743,1431.354465,1427.686457,1426.668488,1423.970700,1422.714513,1419.345377,1414.298692,1410.129908,1407.678910,1404.692859
2825.983518,2801.415961,2808.239285,2822.126445,2817.726161,2806.118396,2830.208337,2861.629385,2832.967985,2804.092738,2803.189754,2808.047586,2838.933180,2823.298825,2790.628703,2787.281092,2797.389752,2828.178016,2826.795566,2838.864251,2887.246594,2931.823795,2976.495701,2985.011786,2971.372937,2959.909249,2927.333048,2866.828537,2809.982463,2802.889615,2828.311712,2871.160305,2900.649387,2962.002960,3030.532133,3035.970439,3041.071087,3058.485850,3039.214713,3026.080692,3022.931748,3061.056838,3073.328646,3082.766819,3143.277049,3219.766289,3254.326780,3236.969592,3218.206841,3211.073041,3211.172763,3196.408216,3155.035927,3105.120858,3064.164420,2990.281986,2888.904374,2787.218509,2715.101611,2668.125560,2671.466963,2733.009161,2828.389538,2917.849994,2978.532926,3034.334431,3073.975519,3107.116380,3124.567890,3116.598456,3147.514848,3181.141610,3199.572191,3197.009979,3182.829144,3153.113037,3102.620586,3126.317813,3219.697427,3304.894429,3317.652131,3327.636580,3346.891392,3329.662841,3241.149447,3189.582379,3122.342698,3079.991146,3050.639688,2981.717629,2942.838808,2901.946244,2849.051508,2798.898968,2762.214148,2745.687233,2740.450604,2729.124873,2719.782214,2722.415273,2732.966315,2747.393130,2769.240662,2799.001064,2844.790103,2883.463176,2917.644718,2937.086507,2969.261603,3031.516679,3117.588022,3201.379535,3294.784204,3387.303854,3397.604658,3383.958353,3381.429267,3357.277286,3346.894804,3311.253101,3270.048314,3248.506660,3238.681527,3177.244849,3137.691033,3138.764334,3206.183429,3308.517751,3432.544341,3569.044598,3549.295335,3395.250026,3342.768577,3295.689496,3239.279852,3258.072813,3370.147779,3530.255817,3650.727247,3609.971662,3629.033113,3662.442618,3663.970585,3629.391261,3646.546404,3699.092370,3770.670770,3792.576400,3758.971898,3665.593173,3545.405874,3416.380313,3329.844580,3276.645085,3218.385061,3167.504212,3148.261290,3166.107124,3176.309422,3157.156236,3167.828482,3206.486824,3251.619949,3301.661812,3358.150184,3470.165679,3582.622289,3586.187743,3537.610388,3480.115534,3422.714065,3406.439747,3367.826744,3328.446228,3332.837925,3342.268732,3374.960337,3437.037765,3486.089362,3462.928313,3388.518428,3314.927945,3257.308197,3232.414691,3233.746120,3240.088273,3252.729943,3259.688667,3285.542900,3365.002102,3477.747376,3479.192426,3456.301828,3425.556256,3385.826309,3334.346665,3253.439015,3190.713480,3111.805082,3055.501148,2989.053720,2876.364324,2773.104567,2697.169417,2631.622772,2541.848459,2462.803641,2397.708685,2321.650755,2262.706694,2191.433490,2201.054765,2236.246511,2190.958105,2134.408462,2090.471662,1950.328179,1845.064736,1753.036006,1698.482555,1658.838248,1636.812200,1622.444742,1608.047944,1591.210426,1574.032713,1560.073063,1546.350054,1531.815791,1517.339715,1505.480286,1492.642465,1482.824599,1474.263921,1468.146623,1462.915444,1456.031436,1449.514001,1442.277605,1437.867255,1434.616811,1433.178243,1430.361068,1426.676263,1424.006565,1419.712805,1416.716502,1412.410990,1408.839989
2806.632226,2774.283683,2767.114426,2785.396008,2792.580536,2783.461984,2792.264540,2831.344401,2839.843608,2809.171792,2801.515256,2797.021047,2816.164136,2826.786339,2785.473317,2771.673948,2781.249734,2800.952992,2795.260263,2803.111725,2830.930371,2872.316249,2904.031517,2914.915211,2915.987107,2933.346118,2918.877914,2872.932128,2827.281075,2797.965438,2799.285747,2833.108331,2872.950554,2926.080151,2984.194701,3011.573904,3038.461265,3034.930804,3028.231334,3016.184292,2994.331583,3006.857204,3024.046658,3078.557685,3168.175184,3233.625092,3244.750221,3215.132359,3200.660816,3195.147972,3188.200717,3169.507111,3147.760662,3092.618005,3033.452379,2962.704799,2868.604561,2777.413683,2693.122492,2650.178492,2654.625077,2708.746031,2813.103822,2897.364696,2971.185650,3027.470533,3068.837924,3095.655818,3103.648341,3098.765546,3120.869709,3137.095512,3140.844796,3130.703243,3122.932099,3083.486213,3043.414418,3085.179740,3189.048109,3237.053049,3204.762802,3235.571920,3288.710983,3274.407421,3184.926040,3107.806118,3046.273986,2990.751487,2953.547036,2902.765042,2863.123829,2813.253286,2767.154780,2737.435563,2712.224656,2697.055498,2697.273984,2711.617816,2731.068016,2750.143910,2767.027892,2799.423896,2837.348506,2868.290120,2909.268360,2948.482052,2968.497984,2984.009507,3021.549931,3094.739071,3160.703449,3202.616195,3277.015008,3378.811688,3471.242298,3449.278567,3406.253493,3381.593781,3370.413668,3343.871003,3301.941515,3254.686170,3258.230766,3208.797004,3162.215962,3164.155979,3222.663069,3325.229398,3483.832129,3588.762492,3562.165553,3422.469111,3368.746479,3344.032488,3317.212003,3345.320989,3424.273589,3582.298340,3720.349053,3735.851898,3705.660962,3686.108499,3656.529376,3629.906617,3681.978629,3782.413091,3844.937137,3803.930989,3725.284529,3628.085142,3513.756828,3391.463626,3306.672306,3255.406688,3196.849027,3159.599802,3167.596155,3175.526107,3165.672108,3155.936286,3171.094402,3209.281080,3265.124856,3324.767250,3403.888751,3517.831274,3605.893818,3576.808003,3529.341942,3468.584876,3442.752433,3434.012912,3374.299543,3348.633398,3368.614822,3399.869100,3467.861941,3530.379697,3529.091054,3451.106962,3377.216950,3328.280968,3304.793999,3273.600035,3253.535235,3244.086139,3257.230743,3272.588447,3304.035626,3411.981484,3499.584192,3501.370754,3488.660615,3468.639658,3440.839269,3396.998579,3316.199682,3214.487722,3115.101779,3029.365183,2963.745204,2870.176335,2819.069710,2783.534876,2683.096924,2580.802368,2522.540673,2467.615335,2404.329428,2327.221233,2236.453981,2122.896145,2084.833186,2106.988411,2148.074530,2103.359686,1974.477310,1853.548001,1752.914254,1688.222233,1661.197389,1644.651209,1632.240674,1612.945048,1594.953725,1579.358905,1564.900390,1549.299477,1535.159475,1522.364605,1508.142703,1496.336085,1487.561980,1480.582234,1472.689460,1467.796663,1460.468935,1455.088261,1450.557000,1443.678943,1441.011455,1438.948543,1435.996826,1433.082561,1430.590454,1424.035309,1423.239375,1419.110963,1415.589538
2783.993792,2746.751270,2738.202352,2758.268761,2773.116754,2761.129673,2751.478254,2785.904898,2825.539176,2810.664032,2790.518758,2790.975567,2805.143260,2814.434948,2775.627359,2748.492718,2756.095817,2767.082545,2769.828943,2776.365180,2794.063779,2814.571123,2840.026764,2850.922766,2875.677161,2900.872954,2903.741100,2873.116609,2842.423095,2811.241781,2793.298693,2794.485941,2828.925933,2884.649829,2938.970815,2984.963196,3020.435117,3016.951410,3016.688629,3003.389845,2980.375705,2985.122503,3008.534382,3074.675628,3175.963190,3215.273481,3220.853855,3202.968485,3179.756856,3156.919925,3140.683612,3141.381839,3139.432094,3086.159985,3013.693270,2941.769462,2852.995929,2776.956965,2698.716537,2640.358003,2642.693501,2683.501576,2787.135831,2887.728709,2959.254622,3014.107952,3046.074910,3060.160838,3063.970358,3067.256880,3075.556157,3074.071574,3054.503442,3034.149896,3033.232589,2994.944029,2975.934346,3018.366711,3073.807254,3098.039054,3094.043286,3126.607306,3169.214845,3154.312946,3082.965772,3018.299576,2949.418372,2893.048549,2866.439131,2810.867486,2767.854133,2724.557745,2698.215004,2683.516225,2675.429643,2683.537498,2704.295057,2728.033859,2764.561950,2798.389750,2843.255597,2874.407476,2906.631343,2931.908828,2963.437833,3011.117853,3016.317709,3015.022362,3034.658405,3099.944759,3165.566048,3204.475893,3281.745787,3349.248298,3470.573203,3467.049807,3425.502449,3397.766693,3387.953177,3375.911045,3334.101144,3297.548143,3265.258574,3226.546232,3179.895034,3176.355801,3241.385589,3369.977627,3522.329728,3607.507115,3546.583839,3420.001706,3366.813136,3352.954543,3342.901081,3381.211773,3472.315600,3613.980811,3745.543795,3797.048229,3743.307606,3699.543388,3649.569656,3641.981720,3727.322287,3839.069279,3870.449467,3786.022835,3696.927847,3600.092709,3484.862056,3382.978961,3300.690393,3234.334417,3186.515673,3174.158969,3189.501541,3191.080065,3170.274960,3158.648773,3173.393031,3209.508234,3274.022019,3338.274419,3442.235987,3555.598840,3619.597781,3572.505611,3518.754252,3478.694034,3459.902225,3443.454121,3383.256921,3385.829560,3408.527471,3476.559468,3570.619265,3606.513664,3545.428849,3462.690063,3401.394821,3366.404582,3357.728674,3307.569504,3260.850225,3247.347667,3266.899108,3295.152306,3334.373311,3448.363415,3541.917587,3552.581563,3538.468786,3522.093843,3493.336562,3415.911862,3307.035081,3207.795459,3104.907984,3034.470821,2978.908042,2928.468792,2900.951872,2811.833670,2715.055901,2651.838702,2611.172336,2559.203218,2492.567658,2396.037649,2339.211475,2183.096043,2062.437399,2003.435043,2052.430630,2064.331067,1950.387042,1835.801006,1739.460683,1687.783761,1673.972908,1653.106327,1635.590307,1617.525276,1601.587922,1586.474933,1573.115308,1556.303888,1540.342486,1527.660159,1512.479868,1502.726151,1493.362372,1485.468829,1477.520102,1472.659179,1465.880622,1463.789751,1457.954768,1451.265552,1447.546578,1444.548760,1441.646944,1438.095072,1433.852621,1428.502631,1428.066466,1425.202192,1421.900337
2756.357059,2729.684019,2721.047677,2736.863640,2753.414461,2742.084459,2730.212070,2749.016785,2782.401223,2786.124540,2782.133408,2779.118675,2791.463325,2800.565985,2754.169015,2719.078008,2726.598518,2738.822345,2740.465730,2748.712335,2760.624078,2777.147357,2793.319265,2814.274946,2854.417866,2871.370221,2876.968111,2865.335567,2843.571909,2826.035550,2800.349461,2777.331259,2790.005509,2838.267292,2911.798319,2969.209792,3006.394878,3007.864139,3008.244331,2981.995243,2975.551216,3003.867970,3069.512800,3118.099284,3152.189932,3139.857989,3147.545718,3142.114515,3118.997800,3094.100943,3088.266747,3112.471917,3122.524508,3066.953298,2996.297036,2924.870767,2833.650123,2749.224778,2692.792033,2627.762442,2613.765568,2654.513169,2769.871901,2877.166783,2947.243253,2992.997870,3004.924157,3002.703426,3003.647098,3013.592102,3011.641058,2991.234829,2938.540918,2916.172032,2921.423626,2885.654979,2876.151535,2875.560244,2936.144519,2952.826410,2964.196069,3041.110297,3067.932333,3028.381188,2953.981036,2903.897697,2853.485839,2801.511064,2760.444694,2722.825354,2692.092579,2658.887689,2646.262937,2645.997631,2663.239617,2691.621720,2717.715628,2756.107290,2814.806667,2873.821973,2918.908900,2952.210185,2975.853515,3015.058386,3056.786479,3086.455830,3071.536440,3049.618187,3057.024464,3120.280488,3205.955559,3261.266906,3303.584683,3379.239783,3498.436047,3496.408556,3487.659760,3452.893805,3427.654940,3442.752011,3395.327537,3348.764729,3276.056965,3235.157173,3185.599824,3186.237537,3263.925212,3403.191140,3549.135392,3605.407414,3526.820464,3416.213019,3370.062689,3360.834480,3371.296334,3418.823317,3516.173507,3656.817929,3798.569212,3816.077642,3758.301952,3705.290384,3650.689840,3669.427251,3764.772677,3869.614864,3833.872359,3728.435839,3635.529406,3545.156449,3439.669445,3359.876568,3282.769990,3215.590430,3177.931756,3189.323791,3200.536355,3194.191631,3175.962743,3173.729758,3184.701446,3223.080959,3283.875525,3361.679654,3471.710255,3582.928990,3612.872935,3558.051700,3520.429423,3485.309727,3468.385317,3432.573459,3394.471091,3405.766176,3452.101819,3536.362811,3645.051261,3680.070939,3605.154905,3517.894470,3451.535497,3418.248657,3379.214316,3307.764665,3268.405549,3262.484154,3280.802065,3318.674011,3380.197383,3486.936700,3588.030175,3613.290294,3597.938513,3582.593560,3525.098511,3414.842367,3316.627327,3222.438283,3167.902608,3118.542616,3072.011402,3012.949049,2933.412337,2839.337464,2784.873510,2753.765631,2708.152835,2642.917531,2615.743044,2494.714545,2372.586065,2262.531286,2142.528093,2023.227831,1957.827824,1995.308980,1912.153736,1807.173532,1733.760542,1700.275817,1678.926432,1657.539688,1639.289880,1622.364552,1606.863020,1592.274967,1575.999992,1560.857096,1546.119340,1532.925341,1521.335133,1510.320289,1499.650571,1491.051858,1486.023451,1477.614713,1470.183609,1466.754830,1459.405670,1456.283684,1453.896676,1450.650330,1447.324354,1442.784237,1436.266811,1433.358640,1433.149581,1430.675411,1423.204341
2735.878064,2722.979920,2694.897056,2702.831726,2727.489797,2723.310758,2704.976347,2710.592641,2745.691843,2766.729178,2761.435509,2771.136001,2780.587058,2776.699313,2735.431123,2701.205901,2702.663383,2711.072620,2714.161378,2720.066099,2727.357293,2742.120518,2758.846576,2795.537290,2843.915499,2849.273567,2828.591914,2846.467282,2835.895394,2823.743060,2795.431363,2760.514544,2759.754960,2793.479133,2879.740544,2940.284395,2986.469926,3007.732827,2992.263761,2956.475876,2955.068113,3007.450274,3074.227222,3103.099603,3097.313535,3060.786108,3045.443138,3043.407908,3010.304014,2993.633300,3019.271337,3053.859574,3060.893257,3044.338457,2979.123115,2911.568866,2807.097476,2715.551224,2659.266950,2599.478293,2573.114630,2639.662428,2746.911611,2842.301716,2922.008210,2947.840683,2944.887207,2943.709415,2950.140189,2951.275985,2932.102684,2884.547651,2838.728584,2807.614919,2792.054487,2763.940880,2744.048407,2734.255998,2732.993961,2765.478905,2863.063851,2932.511011,2955.103669,2917.443670,2842.653495,2807.924576,2752.740753,2712.503539,2690.341245,2660.900676,2636.030902,2621.517536,2617.333773,2627.754861,2655.770582,2698.868106,2749.971115,2817.704852,2890.840256,2944.450433,2984.816456,3032.590701,3061.421167,3114.785915,3142.181633,3122.745438,3120.096739,3120.029133,3143.825631,3176.460268,3243.810304,3332.047439,3345.208279,3404.229194,3524.450835,3563.690672,3541.956621,3518.325409,3523.518513,3501.309159,3425.700072,3363.495670,3294.353911,3234.836970,3195.448163,3211.442995,3290.052352,3419.514297,3546.737597,3590.930521,3491.182453,3402.395884,3365.488028,3371.703776,3410.765781,3470.357786,3576.967156,3708.402007,3839.239255,3821.439589,3758.031254,3698.604933,3662.696963,3707.534130,3806.762492,3873.945968,3786.986021,3672.729034,3567.756722,3490.159304,3402.085868,3329.913875,3260.114607,3197.372142,3171.113021,3205.634372,3221.459751,3207.874332,3189.994331,3196.602551,3213.458720,3250.038652,3305.936141,3396.177692,3506.673612,3610.007181,3592.565359,3544.194822,3518.929635,3497.630502,3464.270178,3409.853932,3400.131423,3438.081280,3514.379954,3619.423944,3721.095507,3696.120625,3617.742337,3543.802822,3477.910652,3436.388982,3384.727657,3314.352738,3296.979159,3296.440054,3318.650345,3364.678756,3442.602574,3546.285985,3648.058597,3690.416613,3671.674663,3645.403878,3557.894577,3458.927002,3375.657213,3327.919460,3266.850846,3200.377881,3119.706146,3044.736390,2961.381491,2905.987921,2885.595483,2850.601339,2789.881793,2737.635406,2688.817743,2573.352517,2434.648324,2325.693075,2221.715831,2063.378746,1943.085398,1921.964121,1870.733992,1784.772474,1736.744560,1711.249132,1687.620878,1665.905407,1646.234335,1630.570219,1614.058519,1598.881282,1582.219374,1568.532397,1554.261517,1539.477225,1527.121800,1518.050716,1509.225697,1500.344591,1491.918338,1484.186843,1476.530410,1468.701926,1464.245674,1461.575156,1460.243408,1456.161525,1452.692722,1447.657656,1442.006125,1438.881233,1434.874894,1428.349951,1422.894746
2713.501844,2701.519879,2669.805760,2668.846805,2708.269318,2703.803969,2681.089420,2685.399424,2712.147282,2726.553949,2730.079745,2749.456927,2760.795798,2748.224400,2708.668836,2677.462229,2677.476770,2685.749520,2698.129053,2704.357869,2707.724086,2725.189778,2751.182839,2789.939628,2826.855324,2808.833213,2811.246025,2827.919082,2825.117694,2805.729249,2767.498082,2740.626559,2741.569229,2769.518110,2838.501078,2905.714465,2962.723507,2991.703256,2968.717242,2928.030769,2940.342864,2993.425774,3016.219668,3039.125150,3014.155265,2978.303445,2941.449942,2944.440033,2908.188719,2906.458902,2965.660611,2976.194715,2975.014264,2998.055473,2949.058716,2857.799092,2767.974602,2693.105777,2622.971048,2572.741444,2558.815410,2638.377782,2722.048252,2822.623896,2860.824953,2879.256264,2886.878205,2893.639108,2899.424532,2887.961583,2823.495317,2769.120264,2716.711686,2688.226936,2653.726769,2635.957873,2631.056630,2620.876226,2624.164019,2622.705763,2642.848573,2683.135696,2745.115416,2791.370469,2758.362440,2710.436798,2666.542201,2640.402642,2633.089333,2621.399366,2609.336060,2606.284392,2611.343176,2629.137007,2661.264165,2725.598319,2802.616493,2885.710545,2959.150322,3013.363514,3067.882727,3122.510379,3167.292827,3218.050075,3214.387177,3145.280455,3152.209341,3180.005872,3191.407942,3183.441208,3213.679126,3321.892872,3379.598446,3430.486470,3533.667706,3623.832083,3617.371523,3608.051268,3540.820656,3472.617104,3418.760256,3340.672664,3264.447931,3223.372948,3204.249036,3235.140522,3323.319451,3427.792982,3563.299876,3565.130108,3464.358052,3395.032979,3373.105327,3395.967395,3449.167347,3508.165098,3600.006215,3737.438342,3838.255502,3817.801479,3753.014792,3685.660017,3689.493038,3743.043698,3829.718727,3843.101668,3734.259508,3634.074282,3512.893696,3423.933318,3356.999551,3294.703764,3221.818665,3176.680821,3180.125937,3212.498368,3237.224066,3217.113147,3198.794019,3219.212729,3243.680933,3286.778946,3334.463898,3447.517787,3555.450221,3624.114618,3572.673883,3539.540391,3520.926907,3497.895615,3442.496038,3414.810330,3444.277456,3519.219199,3612.986067,3703.461706,3747.612198,3680.720068,3605.759965,3540.054052,3477.779834,3412.875661,3359.835161,3323.547203,3325.207186,3339.140455,3379.034459,3431.984673,3513.477319,3611.473293,3707.051309,3762.169764,3733.869244,3674.022910,3582.872873,3519.782226,3451.657364,3368.477166,3279.353342,3193.011148,3110.296162,3047.748329,2979.043956,2929.167728,2906.635287,2873.719693,2864.440102,2770.592555,2666.364326,2564.423956,2428.292109,2330.334066,2233.248904,2095.906750,1991.303316,1882.171472,1820.512015,1773.059347,1749.125149,1720.037448,1694.828580,1674.373440,1653.859948,1637.008195,1619.548805,1603.836478,1591.769960,1577.254501,1560.849738,1548.244318,1536.450630,1527.166749,1516.565140,1504.426738,1497.295585,1490.459957,1482.276639,1475.500361,1472.847935,1471.054221,1467.999753,1464.205653,1459.440535,1454.424630,1447.719505,1442.411756,1436.731252,1431.750533,1423.845773
2684.468940,2677.526699,2646.612109,2641.018189,2673.421518,2683.515278,2657.082433,2651.498503,2667.347538,2672.685898,2685.819127,2708.966481,2732.136392,2705.458338,2677.430999,2659.896771,2667.694749,2684.117856,2690.905994,2691.700398,2710.839762,2724.830442,2750.842431,2789.304744,2794.618581,2784.339331,2800.653122,2818.898820,2820.782884,2797.913984,2752.341791,2723.504640,2723.517688,2744.868858,2804.859966,2883.111149,2933.324082,2957.016855,2942.979956,2903.592822,2947.686511,2972.782913,2964.368696,2947.985816,2918.463433,2889.352305,2851.932911,2839.250717,2811.529093,2848.956928,2927.943615,2909.003455,2890.558460,2927.665903,2880.305918,2794.295741,2735.031630,2663.395793,2596.265446,2552.602606,2552.317067,2612.648221,2694.030397,2739.324565,2773.469943,2800.662042,2811.183464,2824.939448,2828.110403,2793.689041,2697.626512,2628.970645,2608.818303,2593.375677,2562.045753,2563.048983,2560.284335,2556.460315,2559.615205,2561.630512,2562.679773,2582.116473,2631.011916,2671.253984,2660.560606,2627.905588,2609.731048,2595.096909,2596.166284,2596.709733,2600.401376,2613.786285,2628.646827,2650.725189,2680.942600,2729.203307,2807.996705,2905.735637,2994.689133,3079.427119,3162.211074,3223.999677,3259.520887,3287.287512,3258.685544,3173.653824,3165.892915,3203.672910,3227.858612,3198.978237,3226.115205,3328.796471,3397.567779,3462.657089,3566.076955,3671.207785,3692.655156,3577.646473,3512.915616,3457.488087,3383.307649,3297.332286,3228.004819,3208.359659,3204.474802,3247.147916,3341.624076,3481.704469,3583.832138,3540.645262,3460.048840,3440.624887,3437.007700,3454.223977,3508.324522,3558.740433,3655.638021,3783.582854,3855.888339,3791.233910,3696.357104,3672.540215,3721.658856,3767.205412,3833.367953,3778.564242,3682.232654,3573.809500,3456.316353,3383.647613,3326.344401,3255.278025,3195.515773,3185.308619,3187.385823,3225.648385,3240.782926,3214.363896,3209.133267,3238.112289,3273.977399,3318.518412,3383.961879,3490.151776,3597.790634,3633.883503,3571.284489,3560.681620,3537.933738,3500.071573,3457.463045,3470.677127,3569.122233,3628.814385,3687.339904,3742.617069,3746.035965,3660.514047,3583.767444,3524.064456,3453.307341,3382.776333,3340.941605,3351.413312,3376.021274,3424.462134,3499.475573,3533.110930,3592.296629,3686.975655,3766.939887,3787.356113,3722.338873,3635.331344,3544.721408,3467.081800,3396.106688,3322.054572,3235.578133,3153.381130,3074.939445,2994.201506,2918.078695,2871.350531,2822.498396,2772.758631,2786.828004,2715.010485,2645.345243,2539.795826,2392.666491,2272.442379,2192.114339,2080.524060,2006.430938,1885.973699,1811.079767,1781.469821,1750.790003,1720.474980,1696.659909,1677.024782,1660.160157,1643.219877,1626.261151,1609.914246,1596.263229,1582.392594,1568.904862,1554.705547,1541.386871,1529.372221,1522.266503,1513.867054,1505.362313,1495.790792,1488.507790,1480.871643,1478.131488,1477.350980,1474.197960,1470.831234,1464.901333,1459.683401,1454.349825,1447.504028,1441.476342,1433.883640,1428.307371
2652.709360,2658.691237,2632.913704,2619.769919,2643.620011,2659.189283,2632.048765,2626.650235,2637.099577,2646.783122,2659.702621,2690.576884,2680.576070,2660.674295,2647.436766,2649.917393,2671.393831,2684.267361,2683.967577,2681.754638,2701.442036,2721.113155,2747.103120,2767.123692,2769.773226,2775.213684,2787.551050,2804.993653,2816.694631,2792.092162,2741.944673,2716.014217,2707.626691,2730.227990,2783.394985,2863.918326,2903.452942,2909.194697,2916.034118,2893.085634,2929.339016,2932.466646,2908.902395,2855.251720,2811.634716,2781.307678,2754.606655,2733.585581,2736.626849,2779.457451,2830.248673,2815.260552,2822.758560,2857.509838,2773.329285,2729.267509,2683.534332,2613.278677,2555.724390,2529.628572,2548.031820,2586.914131,2629.468602,2664.421849,2693.113003,2727.553883,2738.791483,2748.230568,2718.957601,2633.432795,2572.643069,2552.299784,2545.573203,2541.255198,2540.527478,2541.809970,2546.132929,2547.064977,2545.696763,2541.995305,2547.703737,2552.431674,2571.379172,2585.776883,2592.421860,2581.981925,2577.595985,2578.410333,2590.169384,2611.817069,2632.533339,2648.762840,2661.081022,2673.600226,2691.467663,2718.881933,2772.955844,2863.518067,2965.324476,3068.251670,3168.341880,3262.080266,3325.761918,3358.572745,3291.064313,3211.046732,3200.268285,3241.938012,3332.354462,3327.486028,3329.565105,3361.078959,3398.338930,3484.068311,3605.016988,3695.978268,3658.080676,3556.190840,3524.358518,3465.556331,3386.186163,3295.965572,3224.015185,3208.015949,3219.781754,3278.771633,3371.225189,3486.966512,3587.140590,3548.909246,3496.984354,3484.594481,3453.443966,3488.608093,3559.824770,3641.386742,3740.787428,3827.104626,3782.984031,3692.897696,3649.040064,3666.545725,3730.622721,3778.898959,3763.065040,3703.636498,3603.778497,3498.624188,3411.233627,3346.014975,3288.013476,3212.442748,3188.813367,3182.972653,3189.516918,3224.478980,3240.528883,3217.531283,3225.824668,3252.476266,3299.536763,3356.598184,3446.362307,3548.498420,3642.613126,3652.512813,3598.690188,3588.094180,3552.442876,3516.162467,3499.548612,3564.609458,3652.271449,3709.490277,3736.070776,3770.993431,3744.285294,3643.775066,3556.709317,3481.687205,3419.188069,3368.587349,3372.053312,3396.851658,3428.409854,3531.507166,3606.564435,3641.598986,3675.241086,3746.322091,3753.985562,3711.619420,3666.517830,3605.206672,3519.743864,3430.291093,3345.888848,3270.880211,3191.508759,3130.864089,3074.388337,2993.471217,2899.370910,2816.334503,2746.663446,2681.120830,2617.898105,2584.152863,2554.697741,2479.612826,2345.755234,2229.156456,2150.181343,2049.251204,1968.355055,1878.162989,1813.487487,1778.928407,1749.070090,1724.267925,1702.580511,1685.320259,1663.431664,1646.849218,1629.258564,1615.474913,1601.334490,1587.354455,1573.027212,1560.735779,1549.932765,1539.992057,1528.768951,1520.596710,1510.605861,1503.237855,1494.450684,1488.281181,1487.932930,1487.169971,1481.978609,1477.859842,1470.751257,1464.602672,1458.878678,1452.628246,1445.713581,1439.011014,1431.619332
2628.503116,2641.479304,2618.533133,2605.984901,2613.745479,2622.976366,2609.512914,2603.399774,2613.755829,2621.797375,2643.237337,2651.716007,2639.897677,2629.389353,2635.232614,2652.931873,2673.242683,2681.877486,2676.666052,2673.950029,2693.866327,2718.213721,2735.883254,2755.406531,2767.847040,2776.193525,2789.436389,2804.295384,2809.399880,2777.626919,2730.650063,2706.817424,2702.790923,2724.613976,2769.837867,2852.217370,2862.025104,2855.515333,2862.142138,2852.058941,2873.916793,2884.238508,2836.796621,2760.898808,2712.859496,2677.388113,2654.527403,2636.151370,2646.601230,2702.006083,2708.509594,2678.948512,2715.876719,2696.956598,2644.695467,2653.387346,2614.444802,2545.793855,2496.909965,2508.008448,2544.115378,2576.167563,2600.009645,2617.762102,2632.000438,2644.530523,2637.291886,2628.644173,2572.545537,2535.849324,2513.237481,2511.744549,2514.274195,2521.855018,2538.436397,2550.844423,2548.410949,2543.290658,2539.393290,2541.448085,2548.826149,2553.486221,2567.373757,2566.685174,2567.723115,2569.419657,2574.916316,2591.347909,2614.505517,2643.394045,2666.823972,2685.789115,2694.030615,2702.734720,2703.154842,2709.144348,2737.679030,2805.741808,2908.043987,3019.568351,3118.766409,3222.748851,3319.480099,3394.104005,3333.236079,3268.917662,3257.959512,3299.928577,3376.195142,3445.452370,3403.473989,3390.022187,3418.447089,3509.246836,3631.599251,3717.429543,3685.752976,3610.566237,3586.921518,3507.739118,3417.343340,3322.550780,3237.306613,3212.412933,3244.068464,3312.473606,3386.719159,3480.918088,3595.549785,3571.279458,3518.717189,3474.303972,3462.215991,3522.752883,3611.641735,3736.368859,3833.870232,3855.758682,3707.875828,3619.523969,3609.108612,3649.930757,3715.835954,3715.394893,3645.646315,3568.480755,3493.113053,3422.900904,3365.733507,3322.051310,3247.305249,3193.954083,3185.746163,3184.956088,3192.514349,3228.151291,3251.853792,3239.246337,3254.436670,3284.919829,3335.299771,3412.724914,3515.988112,3610.633584,3696.002269,3669.058934,3621.091482,3597.378985,3569.275401,3561.392808,3561.874822,3644.511807,3721.651523,3774.220422,3799.412767,3815.566087,3726.895017,3617.084425,3521.883307,3450.202979,3400.166421,3394.135389,3401.337225,3437.059846,3503.144899,3625.568677,3709.148832,3743.722303,3743.163991,3735.304489,3669.197469,3616.133141,3582.922406,3564.644568,3535.804298,3467.382884,3377.917333,3292.950089,3206.580118,3112.310240,3036.096582,2962.674009,2874.289370,2794.809202,2717.744301,2642.353460,2544.648554,2485.393369,2438.007202,2391.302153,2340.482318,2223.680590,2116.087801,2031.786924,1948.335105,1867.903328,1815.640523,1778.716257,1751.414032,1725.991322,1705.743947,1687.751618,1669.027917,1651.199051,1635.376935,1622.004259,1607.501073,1593.623576,1580.316912,1567.921906,1558.837544,1547.926200,1536.987711,1527.040236,1519.719229,1508.784703,1500.245453,1498.028146,1498.724862,1496.661843,1490.062801,1484.672106,1476.032719,1470.169594,1465.451629,1457.497343,1449.466323,1442.395879,1433.849546
2602.178710,2613.304978,2605.819905,2590.750415,2591.759277,2593.704321,2588.981228,2588.405101,2601.302238,2607.418480,2619.424099,2624.660572,2615.500860,2622.501850,2637.789378,2653.960546,2668.260506,2677.214417,2673.098951,2671.952858,2692.132701,2711.159305,2727.700285,2747.277393,2767.348969,2796.141364,2814.250567,2819.714860,2805.036685,2763.685670,2718.338858,2700.908418,2702.974176,2727.962367,2775.556973,2852.590296,2832.863107,2810.006287,2805.663052,2781.632776,2802.892840,2818.190768,2750.790841,2678.376586,2618.853871,2582.952863,2555.908475,2550.589661,2560.498481,2580.808669,2584.268296,2584.829820,2599.607015,2574.130363,2564.855912,2567.352034,2527.404147,2485.705154,2466.708156,2482.804023,2523.832757,2560.889459,2576.290524,2580.729153,2567.834426,2547.132383,2528.878506,2515.603361,2506.063490,2501.614473,2497.004431,2501.031232,2513.241088,2535.849838,2574.285512,2610.170632,2617.421637,2601.459791,2556.877367,2548.377195,2569.959239,2581.730194,2591.052917,2589.893875,2589.633449,2583.937565,2597.806914,2621.773317,2651.869147,2689.601921,2728.114340,2754.627876,2762.508813,2757.178996,2737.297155,2720.710051,2729.791093,2774.597428,2866.687255,2978.511578,3075.556449,3179.379187,3271.978752,3362.288339,3377.455837,3311.001173,3308.626225,3374.325981,3463.348671,3544.363559,3444.960744,3400.426141,3414.115799,3477.238851,3582.557903,3687.823113,3741.890783,3721.809904,3665.774722,3551.811642,3423.172698,3336.982402,3269.353142,3249.607068,3297.952543,3363.711298,3440.909861,3561.693594,3638.377745,3545.687923,3496.107900,3471.728186,3487.080084,3552.945966,3639.800508,3763.529245,3882.524536,3869.959733,3763.041058,3625.570916,3570.718718,3610.414228,3644.137244,3583.826782,3505.226995,3457.513448,3425.306340,3376.828514,3334.731212,3292.258637,3233.149218,3188.645266,3181.093407,3198.344251,3206.180286,3225.396582,3269.512604,3273.918284,3285.185771,3328.796139,3373.691997,3464.493597,3566.146403,3659.357511,3729.709779,3676.775189,3620.815603,3593.528488,3581.154673,3596.344724,3667.338887,3727.277303,3793.183043,3844.973665,3868.168986,3840.091701,3729.875598,3595.869169,3513.474673,3464.166326,3444.558299,3451.569181,3418.600846,3492.847925,3611.589091,3704.148704,3780.717216,3826.629401,3797.923000,3707.173763,3621.125107,3549.116099,3501.642167,3478.971130,3461.992123,3434.441321,3387.440855,3319.266646,3219.634067,3124.396705,3037.906947,2955.004691,2882.751870,2810.359346,2754.162146,2670.273146,2587.186533,2512.727460,2427.183142,2324.284761,2278.474632,2203.406893,2122.742189,2043.043781,1956.492280,1865.029424,1812.809745,1781.525457,1754.966127,1732.751882,1712.056498,1692.840819,1674.322126,1658.010209,1643.246439,1626.988729,1613.134730,1599.202866,1587.321797,1574.665076,1568.959344,1560.389717,1552.483818,1540.441190,1529.504348,1520.037101,1511.027338,1507.040281,1508.664647,1505.314759,1497.064698,1490.682621,1484.376970,1478.171862,1469.218104,1460.575456,1452.350137,1444.348662,1436.243331
2581.708977,2588.501824,2589.727910,2580.463548,2575.994671,2574.875962,2574.935018,2578.328829,2583.356113,2590.682183,2600.687158,2603.851819,2603.487852,2623.145929,2638.018183,2652.506937,2659.751119,2665.090783,2661.554158,2670.131073,2681.420486,2701.602230,2719.318330,2737.622758,2756.291374,2777.849405,2810.531165,2819.936758,2782.467136,2741.384448,2706.573846,2701.997378,2707.225212,2732.226413,2794.509808,2842.850489,2805.487331,2764.932322,2741.415737,2724.111521,2727.851194,2711.419594,2643.915234,2594.166722,2544.044430,2505.796806,2480.041329,2475.917889,2480.754450,2483.721778,2490.361957,2502.762854,2511.859283,2498.692611,2488.216187,2479.400004,2463.337188,2449.755717,2449.401211,2476.502563,2527.696428,2558.781783,2558.484989,2535.044569,2508.950871,2497.961089,2494.001830,2492.078326,2493.292159,2495.183988,2501.670642,2515.084866,2547.746142,2592.051965,2658.143069,2752.835228,2719.984501,2684.543941,2647.019773,2623.661191,2633.505045,2636.625005,2638.722219,2620.943816,2609.774000,2613.623856,2633.005268,2674.968995,2718.727825,2761.812414,2824.187889,2868.076286,2861.097033,2835.050841,2795.812405,2749.039125,2737.889137,2758.069716,2831.505894,2937.403034,3031.739508,3123.400228,3236.282832,3336.997111,3399.757638,3385.188205,3393.035853,3468.571655,3582.673025,3611.835065,3494.728418,3413.170328,3411.916906,3452.706566,3518.351688,3606.762772,3696.818366,3765.692554,3746.446571,3575.246936,3442.134567,3370.048596,3329.618928,3327.780184,3388.203922,3459.958845,3544.536378,3641.651664,3628.144133,3518.970310,3475.519948,3473.782521,3516.642029,3601.025860,3681.230818,3802.293167,3901.883555,3873.073684,3773.138959,3616.599781,3554.135353,3573.966485,3538.220592,3484.470086,3445.612577,3398.930138,3375.935314,3356.258337,3311.599559,3281.438635,3229.579895,3184.243580,3177.848537,3204.375124,3204.292834,3217.335309,3284.403867,3320.815383,3346.980096,3379.780722,3425.470394,3507.623584,3601.712172,3701.694500,3725.840626,3667.636715,3623.914005,3596.324906,3588.081806,3625.477186,3715.524195,3815.350011,3868.969357,3905.046805,3863.187155,3777.911549,3691.910869,3604.153068,3541.688577,3510.000810,3503.547095,3466.752571,3461.978691,3610.759531,3739.756366,3812.016379,3846.120864,3852.685663,3792.075585,3718.789286,3647.010635,3560.095117,3482.499316,3418.018794,3368.142951,3344.508158,3339.283624,3315.769629,3258.297045,3179.606265,3099.816644,3018.521626,2941.363394,2884.124889,2825.252103,2748.707669,2676.432688,2587.638413,2472.020132,2345.614738,2241.325765,2140.383158,2084.296207,2027.615415,1940.465747,1861.409375,1819.771403,1790.819692,1763.837984,1739.268810,1717.582707,1699.466429,1681.598859,1664.462617,1648.771835,1633.514526,1618.382220,1604.830279,1593.937268,1591.661441,1589.776573,1583.703829,1574.551292,1564.313925,1558.783297,1547.160664,1534.708002,1520.610678,1520.491520,1511.227877,1503.368445,1495.900714,1488.126838,1479.223063,1470.075745,1463.641978,1454.645468,1445.744645,1440.523211
2571.331786,2572.557929,2574.528225,2571.578829,2561.635252,2560.907850,2569.396615,2574.439173,2576.814419,2579.030797,2581.288884,2586.806118,2600.475156,2617.341002,2631.742986,2644.923246,2649.612320,2648.442648,2656.229568,2666.959187,2679.398818,2692.922940,2709.440231,2733.949980,2753.922533,2781.643260,2804.541366,2785.547783,2745.740028,2713.770635,2699.124527,2697.580645,2712.493138,2746.498876,2803.359590,2817.402213,2769.766028,2721.677870,2681.439427,2657.463845,2644.034291,2608.943851,2565.661779,2511.027612,2471.964802,2443.107636,2420.296237,2422.418060,2424.822496,2429.534761,2439.339275,2452.341087,2449.645443,2439.002196,2434.121460,2433.008840,2431.991553,2433.625269,2448.906053,2496.062872,2542.093669,2541.113870,2509.300115,2492.289385,2489.944531,2491.970186,2495.543572,2501.668868,2502.079492,2514.975119,2542.928582,2571.362298,2609.992746,2662.806691,2766.243457,2886.347106,2825.838347,2783.042306,2734.579045,2738.676964,2738.327494,2717.679179,2701.635350,2671.765166,2647.525635,2654.154233,2684.739514,2747.904294,2812.910276,2873.491433,2928.477155,3000.287951,2975.379707,2910.258584,2850.694726,2794.063572,2751.970942,2754.956829,2799.307457,2891.333705,2987.846764,3078.204993,3175.904163,3270.191173,3339.726962,3414.593674,3484.944409,3545.968981,3654.661901,3629.534205,3535.406645,3477.390060,3463.519066,3490.712054,3525.043048,3553.202755,3626.274753,3710.793218,3760.821869,3577.527572,3458.812911,3389.666534,3377.519684,3412.241793,3475.929007,3572.214311,3651.192733,3666.349394,3599.854959,3509.310794,3470.682114,3470.975406,3535.768317,3625.123645,3752.007708,3872.391552,3922.413891,3870.507518,3765.907237,3579.766075,3521.301346,3499.040454,3447.563732,3418.443027,3405.264421,3390.922029,3386.294614,3354.481369,3314.052644,3283.569684,3244.587851,3199.878587,3185.698235,3199.010197,3201.707880,3227.254933,3267.140234,3329.721747,3384.433274,3425.557001,3477.511610,3555.224384,3647.995508,3728.064196,3696.869777,3653.355913,3625.736035,3611.863839,3618.258108,3668.453224,3782.902364,3870.862630,3937.678412,3900.983123,3793.728947,3718.462566,3648.866746,3595.562712,3555.873680,3530.699836,3480.207538,3453.879799,3492.830867,3664.714943,3815.790503,3888.045783,3872.829641,3790.720546,3735.824692,3711.073499,3674.557860,3589.216435,3501.073520,3413.279044,3337.186362,3278.265108,3241.434544,3225.263600,3214.488959,3186.974984,3134.067816,3069.144061,2994.569232,2936.314663,2856.140426,2786.953097,2714.722209,2619.813020,2491.852205,2367.332829,2270.217392,2141.668078,2054.546357,1988.064230,1926.123356,1876.197470,1830.933854,1798.448973,1771.147661,1747.659092,1724.918770,1705.913958,1688.580769,1668.156650,1653.038208,1637.442361,1627.068933,1625.444635,1627.081249,1624.175930,1619.492045,1615.337198,1610.003960,1600.372324,1590.676350,1578.396985,1554.603768,1535.179798,1525.770022,1516.270331,1509.260781,1500.101541,1493.099716,1485.098683,1475.252563,1467.227463,1458.587590,1449.863363,1443.410264
2565.343098,2563.520739,2561.826828,2562.017699,2562.095908,2564.706522,2565.727712,2569.010337,2571.253524,2573.533331,2574.054742,2587.866266,2601.679283,2609.715518,2619.766465,2631.139458,2638.274337,2642.580784,2659.137240,2671.454613,2685.437949,2702.145531,2722.983203,2740.103760,2760.313205,2774.696433,2765.938707,2733.162183,2717.712656,2705.587726,2699.520641,2706.939997,2733.983356,2757.408274,2791.700164,2758.181660,2717.556182,2668.697914,2624.039438,2600.605985,2569.128546,2527.854450,2491.659919,2443.896428,2413.519943,2395.672789,2392.705570,2400.979648,2400.508745,2401.407870,2414.297215,2419.841145,2416.043445,2415.053162,2422.634504,2428.636747,2433.846809,2441.815558,2449.395892,2490.503136,2511.230309,2483.566461,2473.903775,2486.476945,2498.329362,2512.489226,2543.476932,2553.739253,2563.258801,2573.965175,2614.281513,2652.009437,2686.022737,2740.476280,2903.071263,3002.244417,2945.776501,2895.552243,2843.677147,2863.949628,2854.301868,2780.041504,2736.302147,2703.879739,2689.972702,2711.756218,2772.398364,2852.304665,2927.202682,2989.595707,3031.569702,3094.841543,3057.958628,2971.037166,2902.419103,2827.916060,2774.026280,2757.513369,2781.001858,2842.726530,2933.850538,3028.646850,3116.327079,3185.582256,3269.799948,3371.046352,3452.457213,3515.465239,3610.609357,3639.026192,3563.632106,3539.228349,3544.996575,3546.003819,3558.111411,3582.803510,3599.612043,3649.811399,3746.125960,3647.145493,3511.310450,3422.938084,3408.714179,3452.112733,3538.829542,3672.189630,3725.151295,3653.456707,3571.521282,3510.850736,3475.822518,3481.756990,3554.440004,3653.043949,3787.295878,3912.056369,3919.836605,3863.304931,3733.514697,3547.925493,3479.484232,3409.800380,3389.638166,3387.981939,3393.636571,3424.494507,3424.008374,3381.737297,3330.699002,3292.636173,3254.954713,3204.953189,3191.059662,3192.067445,3195.864108,3229.504080,3252.147604,3291.835961,3372.959825,3455.734311,3550.816184,3632.656943,3723.649138,3743.944536,3693.254066,3650.947227,3629.632586,3635.750720,3654.994097,3693.770993,3823.294448,3913.756765,3962.357988,3868.127128,3767.306395,3701.899592,3652.597990,3591.310938,3540.485053,3492.088031,3446.248919,3472.317414,3535.442610,3667.446801,3795.566839,3888.919334,3847.104467,3737.808046,3654.447615,3631.633330,3625.109007,3578.017357,3508.168129,3433.574001,3362.037986,3276.169702,3187.965242,3132.983030,3111.345102,3095.543157,3069.710106,3032.218586,2963.616752,2866.004075,2801.356678,2733.021625,2646.626057,2570.301527,2445.221782,2321.467790,2224.225842,2114.917380,2041.898401,1971.225672,1915.119515,1876.435790,1839.829283,1801.067009,1770.430897,1746.742932,1727.534386,1709.037304,1690.686387,1677.720809,1668.260026,1660.861016,1659.850243,1674.097546,1672.370741,1662.488045,1659.542171,1644.356366,1626.819782,1606.523478,1584.218481,1566.479405,1551.904349,1539.558120,1528.934169,1521.674370,1513.275665,1503.876190,1495.583045,1486.234212,1477.685471,1469.056286,1460.468578,1452.968514,1445.588162
2556.753930,2557.066170,2554.623527,2552.028287,2554.703044,2556.718354,2558.122185,2562.213636,2564.762608,2567.653667,2576.874005,2591.577145,2604.599837,2608.706541,2616.275080,2625.193486,2631.376368,2640.702846,2659.343635,2674.793742,2690.027034,2710.616887,2728.780767,2736.707482,2736.028822,2736.147090,2718.702932,2711.495102,2703.263192,2695.562822,2695.487523,2723.214775,2752.741276,2767.083962,2762.370326,2715.409799,2663.582423,2619.961498,2582.022588,2551.085640,2520.613357,2473.387280,2434.311044,2395.579701,2376.688658,2372.164480,2376.466383,2380.630245,2385.725685,2389.185082,2396.773745,2399.111217,2402.653309,2408.559656,2417.330841,2427.211027,2436.260116,2452.274195,2459.017293,2464.425620,2468.963291,2475.712034,2485.270939,2520.261578,2557.533313,2608.538434,2662.949023,2658.063168,2694.221257,2732.889811,2740.475452,2747.590482,2763.797337,2826.635049,2970.130493,3091.287624,3046.073314,2969.133917,2943.479658,2972.029084,2951.439207,2833.949742,2773.327702,2727.632068,2722.906909,2759.614264,2860.762697,2993.819969,3060.917536,3110.157536,3124.737377,3176.473555,3114.645706,3007.094259,2941.073088,2879.704250,2809.496493,2768.598648,2774.927907,2806.294200,2874.455544,2958.143451,3036.672546,3125.524853,3222.922223,3306.960415,3371.847241,3450.295569,3558.933628,3654.214201,3648.142689,3685.102041,3715.103402,3682.866861,3625.748359,3605.440426,3627.120647,3682.565762,3754.062284,3677.364477,3572.321756,3477.255182,3454.445230,3469.812244,3542.035032,3674.788986,3726.873689,3637.320998,3549.329959,3496.579027,3476.740833,3482.735162,3560.194118,3671.066371,3836.064472,3952.620884,3899.476339,3771.102326,3621.801917,3525.563376,3447.560893,3389.196197,3386.969805,3387.715516,3412.798781,3452.918491,3455.311260,3394.677585,3343.931770,3311.976961,3260.862480,3208.127348,3190.930624,3193.691886,3207.674443,3245.839400,3258.550821,3305.382599,3379.417901,3510.760394,3620.617357,3709.213702,3779.292232,3753.515055,3731.179561,3714.700494,3688.628396,3679.055052,3684.738558,3714.584819,3829.655975,3951.305286,4002.349268,3922.678179,3809.326923,3708.616477,3619.161572,3562.320669,3533.059874,3506.471046,3469.259447,3500.772987,3588.144901,3696.797000,3799.574221,3896.579212,3840.485864,3730.334213,3617.824630,3547.020756,3525.750552,3502.181505,3464.283502,3428.281835,3389.545791,3316.694871,3218.140251,3124.319711,3044.526838,3000.672394,2966.263761,2944.591216,2885.893045,2800.636107,2734.633504,2661.608932,2560.019715,2494.465579,2399.102118,2293.367090,2190.227982,2088.627217,2010.945169,1948.836410,1894.866637,1868.807533,1838.790944,1803.827933,1774.102475,1749.374806,1730.878240,1715.772401,1710.562717,1709.155189,1701.166543,1694.409293,1686.732051,1683.524577,1669.706272,1644.650337,1628.042292,1610.581914,1597.267247,1584.853837,1572.197853,1559.993782,1551.432579,1543.178525,1534.527229,1524.459962,1515.378538,1506.167954,1495.861482,1485.985079,1479.728892,1470.707704,1462.918694,1454.239546,1447.103792
2552.422695,2554.482857,2552.548545,2551.724392,2552.450765,2553.905908,2555.869523,2557.195761,2558.343029,2562.071824,2573.055593,2588.251062,2600.105875,2603.659770,2609.748980,2618.746901,2628.015034,2632.424931,2649.010276,2672.230590,2695.618502,2710.888516,2708.340129,2703.322810,2705.793214,2708.832118,2706.699130,2703.527718,2692.142663,2698.577870,2718.826947,2750.805213,2767.780905,2760.252425,2719.660341,2666.297495,2612.670330,2573.944994,2537.867389,2507.071478,2469.689436,2434.101476,2398.715271,2372.404837,2363.942036,2378.971671,2384.480875,2384.892058,2390.473407,2393.849768,2397.366233,2397.624515,2405.143165,2408.176692,2414.993713,2427.366731,2443.138274,2458.703774,2472.909998,2489.435582,2495.792991,2509.022187,2545.227393,2594.029287,2658.746764,2721.771713,2765.091187,2749.963907,2799.244941,2899.172646,2923.755491,2877.335528,2886.815351,2909.515594,2953.262720,3054.734278,3089.005964,3034.115355,3039.838890,3067.401580,2986.834732,2843.973542,2782.252483,2743.303700,2742.367454,2778.728885,2898.138739,3095.696830,3216.300768,3248.342906,3255.420162,3255.993424,3162.513300,3066.276725,2989.726217,2933.244597,2856.312455,2795.737177,2777.169312,2787.224391,2827.128622,2882.529595,2975.545939,3065.738230,3156.315565,3231.297863,3317.757743,3415.631202,3498.074024,3554.533343,3570.248858,3638.068251,3691.269183,3715.180458,3735.140369,3756.007596,3764.101839,3794.654076,3756.934919,3652.342344,3576.857147,3542.803569,3483.553598,3471.694560,3526.391353,3640.516239,3688.493586,3604.507953,3548.405169,3503.484408,3480.461536,3493.604323,3579.703907,3674.685279,3850.194360,3909.581966,3766.838625,3659.063158,3584.666565,3505.935182,3443.490945,3394.695733,3391.001810,3413.612907,3466.720496,3518.032298,3477.104315,3389.762586,3337.776632,3308.627938,3245.681514,3199.538523,3197.862137,3206.523008,3225.153732,3259.006159,3274.595069,3326.938062,3406.312868,3530.206392,3635.355171,3741.675734,3823.968286,3795.191000,3806.987237,3824.012075,3793.848224,3752.021005,3732.871714,3772.715150,3860.538768,3973.232052,3979.314762,3933.269602,3848.053830,3745.842979,3623.307742,3575.730170,3543.933795,3523.552247,3513.238580,3560.668111,3646.584852,3747.785403,3846.117777,3875.149227,3831.891947,3729.896814,3631.248203,3517.406087,3452.668442,3422.846834,3369.805411,3341.889474,3346.048289,3326.217521,3243.384599,3151.941986,3058.002751,2990.957194,2916.002274,2866.009560,2809.908894,2725.422851,2670.525483,2598.065898,2501.451442,2416.186819,2341.990299,2266.304757,2170.018053,2079.986320,1998.085509,1935.113451,1887.809257,1856.695703,1829.620128,1805.477841,1783.900678,1759.064806,1744.792207,1744.081455,1745.659984,1736.322999,1712.338490,1688.241184,1663.395768,1649.482487,1637.558837,1625.863372,1615.971656,1602.940802,1592.985903,1582.238963,1571.517920,1564.735113,1556.081420,1547.289835,1537.461071,1527.023010,1515.988256,1506.603705,1496.878853,1487.628296,1479.151689,1470.877832,1463.793041,1454.919760,1449.795936
2549.723352,2548.581940,2547.232406,2543.707340,2544.253578,2551.024415,2551.904578,2552.046138,2553.337652,2557.676515,2567.603030,2581.071876,2589.679434,2601.674566,2610.904305,2622.072824,2633.645940,2638.205941,2646.509678,2665.722415,2682.766310,2686.382858,2683.918510,2692.008870,2698.305802,2704.305103,2706.296626,2704.644307,2707.708937,2726.266196,2762.793179,2784.245311,2766.728502,2724.146026,2672.265078,2617.826305,2572.353653,2532.216664,2499.226173,2475.027859,2440.893453,2401.112881,2371.119592,2356.216103,2382.522024,2421.504860,2436.194218,2446.851999,2443.687446,2429.622798,2423.964302,2428.652457,2439.257753,2450.377685,2451.609080,2454.676174,2477.722695,2510.850994,2540.209954,2548.787263,2550.633706,2567.457560,2612.181801,2668.102458,2731.035586,2816.514852,2873.660641,2848.565237,2856.494122,2928.292530,3003.409524,2995.970807,3040.169787,3056.625229,3033.019982,3064.278595,3099.185081,3133.686020,3172.601562,3162.344257,3021.144935,2867.723757,2804.377527,2762.894658,2752.195742,2791.887294,2913.295511,3100.386396,3234.295115,3341.463886,3366.140574,3324.488756,3214.231554,3116.605670,3034.266377,2965.037161,2906.169119,2837.333910,2789.694866,2784.012430,2798.912298,2831.688650,2896.862289,2984.670395,3062.180807,3169.706328,3271.120132,3347.271520,3409.766169,3433.512674,3472.987237,3541.366051,3585.026409,3612.649812,3685.394031,3750.928496,3806.472268,3821.065208,3730.667135,3629.193185,3582.690164,3596.512469,3514.328303,3483.778772,3509.088766,3586.394131,3646.418368,3582.240373,3543.472501,3503.973923,3482.724598,3503.928951,3589.340450,3688.522315,3870.179640,3936.974123,3728.130612,3682.249537,3608.097663,3543.841477,3497.379517,3437.812148,3437.310139,3475.599254,3542.951820,3550.975158,3456.922502,3359.718757,3316.923614,3281.595435,3229.532408,3205.155393,3205.322416,3220.740750,3246.542206,3280.624627,3313.714010,3357.932735,3446.518362,3563.217995,3661.299249,3766.278189,3868.350776,3878.761521,3898.711173,3924.679927,3895.693290,3862.663504,3837.557193,3861.955005,3937.100804,3985.753285,3888.778094,3819.327100,3770.493581,3707.098269,3654.722149,3587.618620,3541.125570,3530.855151,3567.653885,3640.976517,3695.329085,3778.713393,3814.390779,3762.822745,3739.515553,3686.343824,3619.210200,3509.261960,3402.538825,3339.549301,3295.963619,3248.911376,3247.685403,3263.633940,3227.582888,3139.345705,3051.154536,2968.361806,2895.363510,2818.935862,2741.229813,2666.893361,2606.460342,2557.832817,2463.498406,2380.401415,2311.757238,2212.816295,2130.311402,2054.585367,1983.373781,1924.666259,1880.246676,1853.045242,1827.916549,1807.825075,1786.606416,1778.190001,1784.226510,1777.585140,1750.979156,1719.275317,1690.241473,1676.882229,1673.035635,1657.592961,1643.870930,1633.634246,1627.890746,1626.717454,1619.606403,1595.774811,1572.397785,1564.657963,1554.374612,1545.062398,1535.415704,1525.237019,1513.894799,1505.386090,1496.452291,1488.073869,1478.646433,1471.906867,1464.395032,1456.366758,1447.973902
2545.625581,2541.725170,2539.827183,2539.047749,2540.146471,2547.743305,2547.510111,2548.710893,2550.433321,2552.054607,2560.113421,2574.468019,2590.330610,2607.450126,2622.425595,2630.599234,2640.129321,2648.982654,2655.140174,2662.033131,2671.414582,2676.476284,2678.404909,2690.177556,2693.197375,2701.099472,2706.495709,2721.715906,2736.091700,2766.588231,2787.604181,2775.437675,2725.938343,2678.124118,2631.835067,2585.333964,2544.448732,2502.950877,2475.600419,2438.814117,2400.885460,2368.617660,2355.212956,2356.318034,2384.446931,2425.615172,2474.627461,2502.989049,2490.019430,2481.060458,2480.415153,2490.188990,2505.889764,2529.136242,2540.663647,2537.475322,2562.712198,2602.742100,2629.882794,2637.451704,2640.888218,2659.979546,2705.537395,2760.402948,2822.217942,2920.660881,2986.255340,2930.644113,2893.921349,2938.979156,3039.874352,3095.929133,3134.150138,3173.919324,3116.638823,3095.846163,3103.329385,3188.863820,3274.364378,3184.245528,3025.324300,2892.149392,2827.459538,2791.195793,2778.078403,2818.686444,2919.360229,3125.622054,3244.552067,3338.016583,3410.565072,3365.374184,3251.848277,3155.251398,3078.830941,3006.268543,2952.579552,2899.482911,2827.031966,2790.577563,2794.031592,2801.698668,2829.990854,2896.859523,2991.889849,3087.793940,3180.553806,3248.809175,3283.671655,3316.828832,3377.921029,3424.897396,3479.344342,3534.375592,3584.677874,3647.106309,3710.101501,3772.999848,3705.866780,3622.360704,3595.333411,3613.455670,3550.979925,3533.356750,3535.621943,3606.569340,3617.980226,3559.939319,3528.501466,3503.769633,3488.794075,3524.691970,3606.241831,3712.585130,3856.077424,3931.410149,3778.250992,3716.297741,3638.798536,3579.944543,3547.763294,3515.483962,3489.094316,3512.238009,3554.249798,3542.888512,3431.713159,3351.053524,3307.784537,3261.425406,3218.586791,3226.642302,3218.595177,3227.642634,3256.548005,3276.248743,3338.690799,3391.462630,3476.195836,3579.882663,3686.736818,3789.599135,3890.263818,3970.155220,3971.362767,3960.781192,3962.928654,3964.104822,3959.484229,3975.413617,4022.098844,3990.951897,3862.269936,3740.650149,3682.076105,3659.300256,3642.512743,3571.417570,3528.402590,3536.110806,3597.854327,3704.174856,3726.851550,3803.147287,3784.869403,3667.662989,3612.321301,3610.892293,3582.818697,3511.344886,3412.931085,3300.570694,3228.243472,3171.551460,3150.526039,3165.413336,3178.191064,3131.932469,3045.926543,2960.025531,2887.445214,2820.107914,2770.190124,2704.101013,2604.304261,2498.233347,2419.563756,2343.000872,2270.275636,2179.667953,2094.557811,2021.486451,1961.945612,1917.492992,1882.563463,1855.033711,1831.205312,1810.602140,1804.295462,1819.513725,1809.472690,1765.817772,1730.299565,1699.183750,1705.310628,1707.773108,1696.025930,1676.791967,1670.937280,1675.854922,1664.692715,1640.072377,1614.091849,1588.697373,1569.076396,1558.681817,1549.306808,1541.293551,1530.240041,1520.889541,1513.582577,1503.960314,1495.231521,1486.550460,1479.097511,1470.817505,1463.261386,1456.276589,1448.725198
2538.331368,2536.716959,2536.505970,2535.827162,2533.570949,2535.836175,2539.170384,2544.820102,2546.725543,2550.946052,2558.079011,2568.842312,2588.155083,2604.456703,2622.346684,2641.357092,2649.930327,2657.282058,2664.863043,2675.901149,2680.152937,2680.278320,2678.675157,2685.756158,2696.112317,2714.691859,2726.377489,2745.352672,2764.244499,2770.101609,2757.778104,2731.082553,2689.090876,2644.450136,2603.844885,2561.336093,2516.974103,2477.780709,2440.601762,2401.201691,2371.042675,2350.472020,2342.817705,2364.359919,2383.493240,2429.790446,2510.080618,2538.156849,2530.815137,2537.631462,2541.036558,2552.576143,2570.965460,2601.469560,2632.814172,2636.641525,2653.737143,2681.277083,2723.555396,2736.461574,2745.233461,2773.517534,2794.231711,2838.677019,2862.023276,2931.792196,3049.817777,3015.699375,2948.399183,2975.892688,3066.689585,3175.899064,3252.285950,3213.160649,3165.245759,3146.395042,3157.779699,3213.331691,3264.343312,3146.855636,3020.390873,2907.762092,2857.742510,2845.028976,2858.675092,2897.729369,2963.311441,3111.002037,3269.336557,3350.515999,3411.901053,3409.363183,3302.199273,3224.550659,3141.096832,3074.162523,3021.941756,2962.725888,2886.031784,2816.254306,2787.389131,2797.109299,2805.353589,2834.519276,2900.262533,2998.525847,3088.189443,3141.100796,3172.520051,3215.401688,3247.219640,3282.119435,3366.122746,3438.169782,3502.148203,3563.409048,3634.225602,3731.522173,3687.786445,3609.506141,3601.968257,3626.582963,3573.552405,3565.558977,3596.952320,3668.248442,3614.590922,3543.923459,3521.873591,3518.769917,3522.347744,3580.601288,3627.104690,3713.537737,3828.926807,3961.534843,3894.508628,3806.215634,3719.638557,3656.541167,3589.815623,3527.195073,3505.248541,3494.184352,3456.446217,3459.546787,3434.632880,3381.027257,3305.472641,3246.072727,3228.668434,3235.978793,3222.931420,3225.483512,3265.943729,3300.574008,3362.523004,3412.701058,3508.554030,3613.676370,3700.980983,3805.617566,3913.951991,4000.377437,3999.991445,3988.065147,3994.098804,4003.870931,4014.366098,4014.719999,4033.182525,3997.379008,3878.842320,3702.887146,3666.511757,3649.587728,3615.752111,3553.500961,3541.859039,3544.418370,3656.638106,3717.305187,3736.468665,3805.341905,3740.672906,3610.861041,3527.280552,3505.338398,3487.292887,3451.369322,3388.631014,3300.622291,3209.004911,3110.203810,3060.113641,3067.545533,3099.703638,3107.519189,3055.178704,2994.882110,2931.582273,2885.959732,2844.598579,2749.511348,2638.304906,2493.892614,2395.482194,2296.998023,2215.234265,2156.793893,2083.777097,2012.731441,1963.013001,1921.200746,1886.086069,1857.481143,1833.488324,1830.300982,1851.281248,1843.863059,1793.712949,1742.695834,1715.897813,1739.355722,1742.635864,1733.532498,1715.662775,1705.690013,1697.160390,1670.887647,1646.615120,1629.139183,1617.193906,1604.781322,1590.844516,1569.439933,1557.147303,1541.632702,1525.093237,1516.134624,1508.139379,1501.103424,1492.132652,1483.094178,1475.976802,1470.399136,1462.607871,1455.173759,1446.580758
2513.319922,2516.957062,2516.705128,2514.415755,2513.878259,2515.878349,2520.547631,2528.644828,2535.638865,2542.800004,2555.505022,2568.212922,2581.135646,2603.016611,2622.208096,2641.510941,2656.413582,2665.159834,2671.393471,2680.604946,2677.052519,2678.216851,2681.377121,2688.395413,2697.037045,2715.250563,2734.119058,2744.141303,2748.176665,2744.631668,2726.931003,2698.420285,2651.356615,2612.972749,2578.466711,2534.995887,2484.337441,2433.452074,2391.954954,2361.679594,2350.398677,2335.262432,2347.895170,2371.789318,2400.517605,2456.706695,2526.337643,2551.888280,2567.719071,2590.323772,2604.760910,2627.033070,2670.134177,2703.880748,2727.182903,2726.415862,2735.369146,2764.741273,2803.902719,2822.659770,2851.049984,2867.460079,2856.585336,2881.235830,2897.335557,2937.741047,3048.326975,3094.803971,3031.774483,3060.021621,3173.685679,3258.294342,3299.409586,3298.571137,3219.381422,3195.346890,3173.935709,3204.810355,3279.601938,3214.046408,3054.555696,2951.407765,2924.970038,2924.246609,2943.408588,2992.707114,3022.970163,3075.632245,3208.065928,3326.737124,3402.040891,3458.719816,3414.130693,3310.754386,3210.383673,3166.195839,3102.079544,3020.961618,2950.744221,2865.682924,2805.632456,2792.754784,2799.426155,2804.534041,2840.741312,2905.620574,2993.262656,3055.956512,3089.576978,3115.848203,3163.610813,3197.588664,3223.521395,3314.327827,3399.187473,3460.800620,3559.280643,3656.524464,3678.083013,3613.579179,3632.894385,3686.505250,3641.978494,3625.809249,3684.217871,3732.973210,3611.240314,3535.654130,3524.226392,3536.375032,3564.180330,3626.560618,3659.899260,3730.777280,3848.427368,3948.465519,3864.000416,3765.942938,3672.504983,3617.300652,3546.075912,3511.432510,3504.221520,3462.235091,3433.452332,3402.304931,3395.014819,3358.061736,3273.650549,3223.815033,3234.243620,3228.755942,3221.121593,3231.303082,3288.071214,3349.878389,3395.990925,3437.619127,3546.309358,3649.044273,3752.913956,3835.063365,3933.143905,4030.488065,4034.429888,4024.122676,4019.376137,3958.095708,3915.015593,3887.979875,3918.582570,3956.864567,3859.685924,3712.853647,3683.514344,3673.366125,3638.826300,3597.969023,3569.772299,3583.341512,3701.700797,3730.598039,3754.253066,3802.260083,3721.162137,3596.357748,3474.695119,3412.808616,3371.672251,3347.503971,3323.779140,3251.125830,3168.178469,3082.279816,3004.978891,2971.837738,3005.900943,3033.965378,3019.322993,2991.517353,2935.847686,2896.165215,2827.697079,2734.328801,2643.039404,2550.584492,2440.084688,2343.989137,2235.251213,2136.215206,2075.655157,2016.372554,1971.402377,1933.593373,1900.054517,1871.222021,1856.341331,1875.697187,1867.581019,1808.891151,1754.615996,1734.176613,1768.708018,1782.991184,1771.847008,1753.292042,1725.647311,1689.010617,1659.933973,1635.010075,1617.581735,1604.651724,1586.575373,1572.734423,1559.954449,1545.614977,1532.575397,1519.709874,1515.366373,1511.356897,1505.842432,1497.752641,1489.431243,1482.404664,1474.477564,1469.550954,1461.242727,1454.004658,1447.078640
2489.444553,2490.113229,2492.192196,2493.033221,2499.402199,2492.355784,2501.516980,2509.336805,2517.596477,2528.304232,2546.216796,2568.296409,2586.694022,2611.631608,2629.433730,2645.152245,2651.253875,2653.353253,2655.244608,2657.497079,2652.040889,2651.504681,2663.000209,2677.593360,2691.265662,2705.307484,2712.964370,2719.751549,2721.190394,2719.199366,2701.172684,2663.260023,2624.557570,2592.998473,2563.517517,2510.805891,2446.194907,2392.837487,2354.877002,2342.735837,2329.323652,2331.813430,2353.962571,2386.438804,2439.523206,2495.048138,2553.540697,2612.122162,2647.224771,2666.486365,2684.001058,2710.384092,2753.734283,2789.071692,2793.864403,2791.451106,2809.564331,2839.256850,2862.165084,2884.375803,2936.089456,2952.814669,2916.126174,2936.194960,2962.896645,2958.861595,3025.904933,3125.993094,3138.832847,3162.671889,3240.623412,3311.639752,3353.404692,3368.783141,3289.380963,3213.669771,3180.901756,3199.773331,3314.732477,3282.438235,3106.581929,3021.285013,2980.787196,2976.497045,3021.820512,3053.216812,3075.006612,3086.829693,3149.496107,3270.302041,3391.721820,3475.854237,3493.313433,3414.506677,3334.978209,3271.092306,3182.695254,3089.889599,3008.719902,2931.120292,2859.111319,2810.917377,2806.015186,2813.670414,2822.793667,2865.782607,2935.083868,2988.359762,3051.027235,3102.823745,3133.659570,3154.143336,3176.629855,3204.362952,3272.240428,3334.011406,3480.044062,3574.821637,3626.655065,3668.303593,3721.438736,3739.522332,3757.169590,3772.370821,3755.992208,3744.321576,3615.936929,3543.485485,3539.309185,3577.188723,3597.526549,3636.685123,3703.666724,3778.996942,3889.639764,3917.248508,3815.054992,3702.729303,3604.144440,3559.093495,3532.508454,3531.141917,3522.637276,3487.144473,3480.240744,3452.426162,3377.421558,3294.623864,3232.456241,3218.883298,3235.375592,3227.465300,3246.661578,3250.550953,3295.468546,3369.738613,3415.848851,3449.702492,3554.211865,3665.739394,3792.030339,3888.163916,3977.239335,4082.240634,4097.239776,4075.743021,4010.189793,3885.554023,3806.150885,3775.772270,3781.081291,3865.730949,3889.504917,3810.523149,3747.249251,3721.096080,3674.965387,3626.794330,3627.540288,3706.520458,3769.998762,3755.210149,3779.867548,3800.685151,3703.326104,3583.603600,3464.044615,3359.650723,3290.479020,3232.091870,3223.674048,3187.239460,3149.561848,3069.405509,2972.673749,2897.662092,2894.473472,2929.462564,2914.755145,2898.654101,2857.725472,2839.711948,2774.084512,2700.412233,2613.065387,2523.168923,2433.964443,2342.726056,2258.254763,2167.500996,2090.228341,2009.807649,1964.323566,1937.871194,1913.466019,1892.245217,1899.435053,1888.450856,1823.765709,1760.080726,1748.098502,1792.010938,1814.223887,1807.961779,1788.710975,1751.390764,1703.864829,1665.578286,1635.186323,1611.807234,1595.082517,1577.977938,1564.829952,1553.047361,1539.680456,1525.255835,1511.133988,1503.115033,1503.373855,1500.764670,1497.644209,1491.847105,1484.828723,1476.493973,1470.642856,1464.324239,1456.075473,1450.720821,1444.440321
2475.982191,2479.423903,2471.847787,2480.433739,2486.233895,2476.314159,2490.789703,2496.881850,2502.167960,2517.612393,2532.187114,2564.520569,2606.685762,2624.956825,2630.414551,2628.823528,2626.736343,2624.029633,2619.827290,2617.000684,2614.291907,2612.580959,2627.909446,2649.546614,2662.247464,2672.721474,2683.705821,2691.656660,2694.032685,2691.066516,2679.732240,2639.882303,2613.296555,2580.408281,2539.555963,2472.784356,2405.336730,2357.819133,2331.813333,2324.930809,2322.765498,2332.962963,2361.695335,2412.244260,2485.572632,2557.876750,2623.356137,2690.200049,2739.820925,2753.663929,2763.219707,2792.804555,2818.624065,2845.435906,2859.138671,2856.675935,2902.239049,2943.897804,2933.625728,2930.086004,2989.728727,3027.339030,3001.474036,2996.548196,3062.827505,3046.588665,3056.031168,3151.298905,3189.163622,3210.905926,3246.939794,3298.565555,3349.745610,3368.436015,3312.966169,3229.623805,3219.450284,3256.759547,3343.809226,3315.439686,3135.080443,3044.885534,3015.354317,3019.933383,3063.542770,3092.358033,3113.446357,3129.982764,3166.466507,3246.118429,3374.799170,3449.879166,3512.939573,3512.126503,3439.937489,3341.232591,3238.837889,3134.438612,3053.826224,2992.220970,2932.790263,2861.276132,2823.716958,2832.207569,2842.997345,2872.428218,2910.932271,2963.582093,3065.703998,3139.020671,3160.021263,3148.021763,3176.525288,3200.152419,3219.626687,3259.697896,3374.298114,3452.674354,3523.701061,3602.229296,3678.511040,3757.221841,3799.857286,3819.891876,3790.128666,3746.734871,3649.958775,3581.000833,3576.305657,3615.407075,3627.120100,3660.058961,3739.477288,3850.888420,3930.411263,3868.748195,3757.442747,3659.938054,3592.663823,3564.769209,3545.964213,3563.912100,3562.110952,3541.668937,3513.156623,3464.423998,3364.957873,3260.719706,3220.749870,3220.515099,3238.288065,3253.133473,3282.840762,3265.092829,3303.189651,3381.156530,3428.047623,3454.107513,3540.040055,3649.867794,3754.478336,3867.648893,3968.658399,4065.471939,4137.354015,4089.961638,3985.684584,3866.388771,3785.299395,3735.872256,3712.522415,3746.035916,3861.460020,3954.160089,3872.511615,3770.992725,3712.952258,3695.573408,3753.962063,3832.391912,3823.144967,3785.197384,3794.357556,3775.397134,3697.532998,3590.264060,3485.063776,3370.367185,3274.773252,3167.252990,3098.968841,3079.889635,3077.644060,3033.322726,2938.239801,2834.859261,2796.369027,2821.644749,2825.086192,2794.013996,2756.354185,2741.025421,2677.750908,2624.439667,2562.352178,2475.765500,2379.125272,2286.121223,2210.283708,2139.549619,2062.789241,1997.023358,1952.070633,1933.206677,1919.476116,1909.148257,1887.494051,1837.364847,1780.341246,1749.301311,1777.910498,1829.648708,1831.897621,1803.255801,1768.145099,1726.632590,1687.806479,1653.959312,1625.516050,1602.026991,1582.969913,1566.927293,1555.593725,1545.462229,1532.966602,1521.968046,1512.158876,1502.346636,1495.636353,1493.158479,1490.540675,1484.808062,1479.143898,1472.275848,1465.454241,1458.809101,1454.401258,1448.285599,1442.557350
2464.860289,2468.850370,2469.501481,2463.711704,2467.092267,2460.320610,2469.207147,2480.278522,2489.539842,2505.083163,2520.083866,2546.410873,2596.034751,2610.869052,2603.210639,2595.806902,2597.154195,2591.679291,2585.903582,2580.961576,2577.719003,2581.002967,2598.495968,2618.113977,2628.787243,2640.176908,2656.366935,2665.119501,2663.690383,2666.781431,2650.689630,2622.496876,2596.360554,2541.587950,2495.153048,2432.020865,2373.479791,2331.627494,2321.775339,2321.372095,2323.857522,2334.593100,2377.007747,2450.807812,2525.985178,2610.206671,2693.427783,2747.286189,2791.959461,2829.517698,2836.834564,2855.765261,2876.668457,2904.745798,2908.685732,2909.894446,2956.576812,2994.601934,2997.141435,2968.576961,2992.786630,3038.217466,3060.025559,3070.124728,3108.077944,3135.524972,3153.328861,3188.370745,3205.448952,3229.539553,3260.486811,3296.888154,3331.152164,3343.675962,3314.284518,3256.024108,3259.557846,3305.586446,3384.906114,3336.666785,3141.824420,3058.580371,3062.289369,3081.360097,3101.286027,3128.580566,3158.024230,3183.927497,3201.795487,3251.102660,3352.775731,3425.781193,3490.984740,3507.767415,3441.857811,3347.041294,3246.558749,3166.502591,3095.848297,3033.588240,2984.843985,2929.983028,2869.189975,2841.889680,2848.628323,2882.196345,2943.217798,3016.102532,3114.655847,3180.206347,3197.234735,3169.321076,3185.500398,3223.439948,3227.568379,3253.663339,3339.411641,3355.000614,3404.481494,3485.730697,3573.519516,3663.186547,3713.276217,3786.491489,3834.051328,3773.836585,3688.083340,3643.064455,3630.711802,3656.967964,3677.422645,3683.465204,3772.164781,3890.484672,3890.064921,3816.524704,3692.101739,3631.029392,3584.512578,3552.233290,3575.157984,3598.131904,3577.291702,3539.661816,3499.662396,3450.983656,3356.540128,3253.598834,3223.580591,3223.513933,3258.027586,3288.458209,3291.459822,3270.971424,3305.030702,3382.276124,3438.214345,3457.900827,3507.701003,3603.485347,3714.059795,3826.713607,3924.103607,4027.469388,4119.396467,4130.853657,4036.257453,3910.607835,3812.388881,3739.505970,3690.027505,3681.018597,3763.462677,3904.400216,3939.925360,3858.410684,3796.657879,3761.499374,3778.041554,3781.197203,3798.171905,3765.592784,3721.535667,3686.742213,3639.205050,3547.873661,3480.873909,3387.130982,3271.353061,3164.540513,3067.303779,2995.446609,2972.736193,2936.499651,2908.575880,2798.018535,2719.922745,2709.596659,2749.631410,2722.985128,2659.470209,2622.730302,2580.159888,2527.144321,2470.814282,2393.257880,2316.500487,2230.320218,2151.296097,2078.903450,2015.581092,1976.700835,1946.546299,1922.462669,1896.034337,1863.573969,1830.814049,1794.937456,1770.231649,1778.325043,1814.302340,1856.212799,1817.492815,1768.076832,1732.066255,1705.411611,1673.887952,1645.545795,1617.921098,1597.172827,1579.724861,1563.936995,1551.488736,1540.381183,1532.248928,1523.956884,1514.749168,1506.600370,1496.833060,1489.920263,1482.426126,1478.960970,1473.132251,1466.278498,1460.128228,1456.751363,1451.306712,1444.646720,1438.329697
2452.904825,2456.414394,2457.269587,2452.535581,2445.948182,2444.429429,2447.610345,2456.643943,2470.718426,2489.297007,2508.546415,2529.991682,2558.801929,2573.613735,2564.694263,2566.101413,2564.775955,2558.070402,2547.885365,2542.966436,2548.905600,2552.672492,2564.001674,2587.072703,2602.402836,2614.946318,2634.344322,2640.861544,2630.862874,2630.483281,2625.087512,2593.007709,2550.054659,2487.231365,2433.418584,2384.575134,2342.734440,2322.129604,2321.024619,2321.355111,2322.519244,2351.804853,2424.313707,2514.995122,2598.295235,2677.055455,2734.939388,2796.762653,2850.484254,2882.718030,2880.297587,2900.398947,2915.223073,2936.137595,2940.509785,2935.865507,2983.468122,3012.462540,3028.614836,3011.252139,2990.867054,3031.748148,3075.095283,3096.733764,3119.191913,3145.172831,3176.239842,3198.692117,3221.363564,3252.653928,3285.549341,3309.484541,3332.192335,3338.932740,3322.156298,3284.144469,3296.271092,3354.695324,3373.028826,3234.737513,3113.697810,3095.250664,3139.348834,3174.277496,3158.638472,3192.071458,3215.329451,3222.157873,3237.555838,3265.103245,3345.879952,3425.266917,3484.472262,3469.637857,3395.870276,3303.754160,3234.946432,3179.655936,3122.336448,3066.107651,3020.148893,2983.367760,2916.064991,2868.256994,2861.610449,2891.140737,2966.426942,3063.905587,3158.176372,3218.428399,3239.255847,3204.553964,3207.628549,3256.313186,3272.151508,3292.418720,3322.314259,3319.148131,3340.433008,3390.545523,3462.964158,3531.348232,3605.257846,3703.512975,3793.962979,3827.637983,3728.747618,3688.943252,3659.415161,3673.965283,3691.168471,3701.979266,3796.454942,3890.308962,3832.160943,3722.691415,3630.889998,3595.638905,3563.744395,3567.699017,3616.110698,3604.417279,3559.002592,3506.178232,3474.370788,3429.822968,3327.283591,3255.644421,3238.264381,3232.983150,3268.619355,3291.061766,3288.491911,3285.304901,3300.867183,3376.815646,3465.804711,3488.695150,3513.236995,3573.825440,3665.029384,3782.638879,3896.435098,3989.153281,4045.580243,4086.809576,4080.448864,3980.759225,3895.525789,3802.890506,3696.907920,3664.395890,3702.352048,3831.992042,3922.484383,3856.277473,3736.956751,3645.962847,3641.387830,3652.079172,3663.594554,3670.362460,3627.442345,3597.978838,3564.506490,3497.094235,3395.599269,3314.592669,3219.342256,3125.281960,3040.185045,2954.199607,2860.806353,2823.521776,2831.007893,2779.763355,2683.534719,2611.511499,2666.745841,2702.902575,2618.991507,2540.104605,2472.030351,2417.043461,2365.534348,2294.301021,2215.778575,2146.515751,2074.314912,2010.399452,1983.155101,1950.975100,1916.316925,1876.095399,1841.101607,1817.794691,1799.443431,1792.625127,1799.504854,1819.212282,1860.493260,1841.942058,1795.949786,1753.962326,1717.009042,1686.903006,1661.180258,1640.146972,1617.831170,1596.727794,1578.758372,1566.360358,1554.202335,1545.066728,1538.206010,1528.231974,1517.658295,1506.829504,1497.235912,1488.384467,1480.192986,1473.737345,1467.487219,1462.789078,1457.779960,1453.554182,1447.416920,1440.858131,1436.170089
2445.842579,2441.856409,2444.343556,2445.708303,2440.772791,2437.445323,2437.171338,2443.440047,2451.857224,2470.615048,2493.781562,2509.554218,2528.710804,2535.590627,2531.816010,2532.279503,2527.139251,2518.318313,2509.967720,2511.012150,2508.017609,2514.047947,2527.368075,2555.828925,2581.258502,2595.902208,2609.463405,2605.195448,2603.765373,2599.033020,2582.339360,2541.983816,2494.578765,2436.594171,2394.115441,2346.431167,2322.451654,2321.000000,2321.000000,2321.091308,2328.855914,2391.679605,2489.248791,2579.575322,2667.004486,2718.317133,2783.349701,2857.865209,2899.621541,2923.865475,2921.932136,2925.171131,2932.594562,2949.695415,2968.405732,2976.764355,3006.468131,3039.636647,3050.728604,3045.737990,3019.522245,3037.399917,3078.328223,3099.986281,3120.013881,3141.659484,3168.993451,3196.483768,3226.831614,3266.365780,3306.188856,3335.147574,3353.983370,3355.475777,3351.109432,3350.467783,3361.962078,3356.597529,3334.004978,3205.291226,3143.559192,3182.712916,3268.281140,3260.922408,3231.361503,3248.161794,3250.164608,3249.150389,3271.242542,3292.311716,3342.436978,3425.360556,3472.349221,3439.036021,3357.056759,3285.266471,3243.734353,3190.690908,3143.160584,3094.948549,3056.023158,3021.593393,2963.951845,2900.632232,2867.487612,2893.623875,2942.369251,3037.576464,3167.161986,3281.254674,3285.803976,3237.105634,3234.316879,3260.612841,3271.736501,3287.780620,3294.181534,3302.554786,3312.896975,3322.407145,3382.521021,3445.099858,3498.899930,3577.163696,3701.287957,3833.539459,3829.707323,3709.821130,3673.106725,3702.417251,3701.467979,3724.046286,3819.837878,3819.081037,3744.092278,3668.191513,3625.006979,3582.400742,3578.041888,3627.208686,3634.836796,3606.987287,3578.137934,3508.440912,3485.071790,3415.806770,3314.193035,3259.869750,3242.881015,3248.573711,3277.479018,3289.626603,3289.459756,3287.359898,3299.740121,3381.539519,3495.127202,3535.296797,3536.909988,3552.718563,3644.564172,3777.110502,3870.907820,3911.087568,3944.448202,3996.756611,4034.867572,3969.697091,3899.150707,3817.706836,3705.330365,3652.440453,3682.524264,3806.955012,3906.535018,3818.781296,3710.869950,3591.905351,3544.614335,3530.688446,3541.969576,3557.723279,3531.991058,3509.200651,3501.197622,3448.907316,3365.810092,3267.603038,3189.506360,3114.225156,3072.539204,2969.595209,2879.434106,2773.763179,2720.437439,2684.481692,2623.337845,2548.535651,2563.025987,2632.866260,2601.026072,2503.135695,2420.971130,2323.178565,2260.301539,2196.418248,2133.176081,2067.145942,2015.787613,1951.718855,1922.239787,1895.791720,1859.026290,1835.442071,1818.683820,1804.949300,1804.751746,1819.874588,1837.187533,1877.007420,1868.721212,1816.770563,1772.199220,1731.042140,1701.793673,1675.915630,1650.055171,1629.818134,1610.445519,1594.717889,1580.665101,1569.459846,1559.773434,1548.912802,1540.193998,1529.363826,1518.322309,1508.024426,1498.391956,1488.618340,1480.529156,1474.791998,1466.329403,1461.576653,1456.280482,1451.111680,1446.401737,1440.151435,1435.876330
2443.600738,2440.062745,2440.573104,2440.117982,2440.467165,2435.343345,2435.240602,2438.041175,2441.843156,2457.780315,2475.879899,2491.392487,2506.194926,2507.729355,2502.394155,2495.536935,2488.806595,2483.946100,2473.083551,2467.475630,2471.260162,2481.434976,2494.834552,2526.672020,2558.348235,2574.664445,2574.736937,2577.160393,2566.289203,2545.341046,2518.510850,2481.631285,2438.080632,2395.383544,2352.001962,2322.590543,2321.000000,2321.000000,2321.071990,2320.150172,2352.220618,2436.429187,2537.951985,2640.586168,2717.918348,2765.464771,2827.461081,2890.974950,2927.883166,2957.775850,2969.863819,2971.144095,2988.533507,2988.675682,2997.962757,3013.176861,3032.937226,3064.903649,3068.352281,3067.871324,3042.945735,3042.294691,3084.488141,3104.789978,3118.660573,3134.966290,3153.165886,3183.971778,3220.325901,3264.331270,3316.336243,3366.322471,3384.621257,3380.744156,3376.271494,3383.851837,3362.897228,3332.882242,3316.922948,3300.301354,3244.567174,3311.820608,3406.882672,3350.063799,3289.424676,3297.284696,3305.172639,3301.433487,3292.096920,3315.284740,3349.281593,3414.026115,3451.629947,3408.647410,3343.938210,3299.870712,3256.611716,3214.604713,3176.036249,3145.119876,3115.351138,3054.662423,2986.090608,2927.760077,2888.502476,2892.612387,2919.806037,3001.110123,3136.106176,3292.547685,3355.584915,3292.065860,3255.749237,3251.645861,3257.638246,3285.404643,3309.867016,3305.520440,3301.079143,3304.125924,3334.777797,3374.975772,3411.109206,3474.878213,3612.080869,3740.451949,3807.853559,3734.125351,3722.763293,3752.941808,3730.728877,3750.749106,3840.319217,3788.968365,3705.221369,3666.184723,3634.460044,3582.271657,3610.547267,3628.640423,3606.714944,3587.078300,3565.746016,3513.688372,3478.037570,3423.068625,3335.381871,3268.886470,3241.811624,3254.667649,3273.016169,3285.799375,3282.455855,3284.936366,3307.348696,3397.842489,3537.032013,3589.960269,3548.766286,3566.880029,3677.093805,3785.504304,3785.657768,3795.197346,3849.482053,3905.835876,3954.885631,3891.700649,3824.404270,3743.680227,3663.270153,3621.319890,3661.759032,3783.752076,3912.270952,3869.134048,3742.577384,3615.496964,3529.034646,3476.666865,3452.954733,3451.620884,3443.293943,3422.795018,3434.512087,3463.500540,3416.940790,3332.306017,3263.879955,3209.310211,3157.462457,3045.546283,2934.747893,2807.187952,2690.827057,2621.887177,2556.166015,2501.072913,2489.161399,2510.155195,2502.309634,2454.954894,2360.195729,2256.536035,2178.569038,2136.572428,2077.319615,2032.143867,1980.052699,1926.405245,1889.248950,1864.652722,1847.599582,1834.180822,1824.197409,1820.167844,1834.464665,1863.052429,1888.692207,1868.456036,1844.015336,1801.657858,1754.393275,1717.658222,1690.918998,1667.230109,1644.814808,1625.139273,1608.510637,1595.717805,1583.107533,1572.956790,1562.626225,1554.167287,1541.806387,1533.161430,1521.451390,1510.615959,1500.410962,1491.513018,1482.498095,1473.434170,1466.873556,1460.581231,1453.892228,1449.626145,1444.935831,1437.894461,1433.543529
2437.236006,2442.708156,2445.219186,2442.403310,2437.455215,2435.430999,2434.338042,2434.616850,2435.557317,2446.415403,2465.682664,2477.656974,2480.615473,2478.338860,2475.691118,2465.935193,2460.067875,2459.129611,2448.509159,2446.080526,2455.657608,2470.960500,2475.551753,2506.506896,2536.425591,2548.171266,2549.735287,2529.618243,2491.090280,2456.090852,2421.825550,2407.414349,2370.660382,2347.174714,2325.558113,2321.000000,2321.000000,2321.000000,2321.061128,2322.391281,2385.774090,2494.237855,2591.442825,2687.243366,2760.488493,2820.318604,2866.333073,2914.626763,2951.356975,2979.945693,3004.106712,3022.883518,3042.221169,3054.497710,3064.370901,3057.860507,3074.576108,3089.308862,3078.831405,3071.431387,3046.057617,3042.085683,3068.945536,3089.755207,3104.356375,3116.747948,3135.910189,3160.660125,3202.082251,3249.058721,3291.400263,3335.863794,3369.947704,3373.327846,3372.569042,3366.819577,3340.782270,3310.239009,3294.823798,3307.428295,3331.637471,3392.987216,3460.852931,3472.795684,3361.577782,3323.642754,3335.128660,3328.018460,3339.678875,3359.897883,3368.259859,3427.867697,3435.912599,3395.718001,3360.950774,3339.174596,3302.795453,3272.930326,3241.720153,3216.305882,3154.811167,3088.651873,3008.937667,2957.693873,2909.243481,2890.557082,2906.398214,2977.866556,3111.553786,3259.076650,3368.917247,3389.646510,3318.984169,3283.284599,3286.465207,3326.986923,3374.014932,3361.948910,3319.114839,3318.798170,3337.495848,3365.288879,3377.140155,3441.485440,3549.413291,3667.819758,3772.373689,3817.707751,3824.264755,3801.345493,3783.371347,3804.065626,3882.253620,3791.626544,3709.454666,3673.363331,3624.311342,3608.596933,3641.273913,3614.196042,3602.935692,3605.036500,3576.793385,3513.559099,3460.668570,3412.646005,3348.518956,3274.883003,3254.339123,3262.525300,3276.001361,3287.697795,3285.469309,3288.193486,3332.979610,3432.648179,3571.640686,3647.354765,3599.433329,3635.078096,3729.818152,3754.741523,3682.214839,3690.924165,3743.673176,3809.712794,3876.061136,3825.703353,3720.600389,3655.270960,3624.074070,3598.702698,3656.465071,3771.015355,3883.618247,3930.792394,3847.029784,3731.403473,3605.462723,3516.852627,3433.643980,3395.835852,3388.506198,3354.358352,3355.138814,3413.610196,3449.537796,3417.872177,3363.697609,3289.273531,3185.849107,3088.171336,2970.502168,2857.914224,2760.380636,2680.076184,2587.813497,2494.465484,2432.715878,2416.969687,2396.276554,2371.205950,2298.266598,2191.991755,2125.363248,2082.036232,2033.718251,1974.173745,1927.796770,1890.668744,1875.415357,1861.335943,1852.611200,1853.407850,1852.565905,1864.725061,1886.595438,1888.523462,1860.208258,1826.267975,1801.041490,1762.704823,1720.425417,1698.549402,1678.591031,1658.927694,1641.372179,1624.880934,1611.104342,1599.593739,1589.158496,1578.804317,1566.172789,1558.218744,1547.895944,1537.517616,1527.934379,1516.912969,1506.443830,1495.676485,1484.967169,1475.579994,1467.448628,1458.836012,1452.625752,1446.209432,1441.998116,1438.936987,1434.529281
2442.601003,2451.374029,2454.288524,2453.881651,2447.130948,2440.737896,2434.109502,2428.703183,2430.837449,2436.641862,2445.397579,2454.096924,2456.285025,2457.105407,2450.998393,2448.728515,2444.319249,2443.888458,2443.752671,2445.406613,2451.762163,2465.511820,2477.873209,2494.391371,2516.046355,2528.302330,2504.143034,2464.931464,2410.910678,2365.752209,2346.480233,2336.745493,2321.397631,2321.201317,2321.000000,2321.000000,2321.000000,2321.000000,2321.483592,2344.963928,2430.354345,2532.318116,2646.098934,2740.239768,2797.112739,2848.752549,2898.011278,2936.098670,2961.126353,2982.887686,3003.548609,3025.156403,3050.276845,3069.606419,3091.050227,3096.983217,3111.048849,3112.305918,3097.249400,3072.725258,3057.425691,3041.847861,3054.933644,3078.191806,3093.617016,3107.919159,3121.814912,3131.835341,3161.676756,3207.163040,3247.057626,3285.375782,3310.760229,3332.154594,3346.711511,3342.670172,3319.039893,3290.394897,3278.550664,3298.635332,3334.534643,3385.583295,3446.452359,3513.547285,3511.771981,3401.985360,3373.011475,3376.165396,3379.314491,3388.995018,3408.591342,3444.193656,3458.683481,3455.910385,3419.184154,3389.400875,3352.732608,3333.540717,3291.833913,3242.500579,3202.690247,3132.299625,3038.863436,2973.989765,2926.243141,2896.116084,2906.282184,2964.732758,3071.360808,3206.283998,3341.657284,3450.461694,3423.218864,3377.578736,3374.591238,3398.149472,3411.567745,3416.210913,3396.940364,3373.258718,3381.466136,3383.188502,3398.306411,3440.640255,3516.163060,3615.926321,3715.528402,3821.776266,3894.807763,3858.330292,3852.066341,3902.513112,3913.128226,3792.956522,3726.325407,3692.607868,3673.937392,3687.988536,3685.491915,3654.942365,3606.009827,3577.079536,3565.359545,3515.868625,3435.647851,3384.689076,3315.798424,3278.660509,3278.729452,3276.852718,3285.493453,3288.615362,3287.119328,3306.020908,3372.582732,3462.860283,3592.228077,3706.308149,3728.118226,3786.342944,3803.234569,3715.583118,3594.841194,3605.459746,3647.922440,3729.063291,3805.374109,3812.077483,3704.845577,3620.663022,3581.777339,3571.007211,3645.115242,3745.076060,3851.363814,3945.174187,3930.724544,3827.780259,3699.129921,3622.992852,3512.546315,3401.136348,3357.855235,3295.574083,3286.233193,3312.108238,3366.820991,3373.653313,3317.645500,3273.969830,3203.435100,3109.517629,3010.203705,2921.130733,2844.205433,2751.820858,2655.061866,2524.439647,2423.420459,2360.581144,2324.672965,2296.844304,2260.441709,2164.148921,2102.130358,2042.515539,1993.366746,1937.486043,1908.809151,1892.548879,1883.529176,1889.199726,1909.045636,1926.990371,1915.574407,1911.544078,1890.405606,1861.355863,1830.886945,1804.077118,1773.797792,1746.805547,1717.608425,1697.425409,1677.503839,1658.327981,1642.338751,1626.907190,1615.975390,1606.886946,1599.451099,1585.783969,1575.563494,1565.452571,1556.091510,1545.957069,1535.440889,1524.626780,1512.358134,1501.818243,1491.187264,1479.387089,1468.185368,1459.977596,1451.613482,1445.403651,1440.930850,1437.342335,1433.854970
2462.422765,2466.271994,2466.258866,2462.391044,2456.669999,2446.785984,2434.596228,2424.583330,2420.663651,2432.484168,2435.122312,2436.625904,2436.717350,2435.425621,2433.185351,2429.496755,2428.948123,2437.045896,2444.090976,2452.456911,2457.257400,2463.636085,2466.415186,2477.071677,2483.679574,2477.629611,2431.206722,2388.149860,2340.382599,2324.967219,2321.105473,2321.000000,2321.000000,2321.000000,2321.000000,2321.000000,2321.000000,2321.224875,2339.157471,2398.033480,2485.817664,2609.588894,2707.713682,2785.883896,2832.545024,2875.508337,2908.159151,2929.257791,2952.772764,2973.421505,2997.393344,3025.899055,3047.044863,3067.994397,3084.293916,3099.999660,3115.150184,3121.994849,3113.419921,3085.293326,3065.793673,3051.799504,3059.853700,3083.949624,3098.508851,3102.018857,3106.895783,3112.542276,3126.555975,3154.483751,3186.506325,3227.204745,3246.853837,3288.694019,3323.673078,3319.342894,3297.354832,3275.687888,3268.127543,3290.569576,3324.829133,3380.648088,3443.832928,3513.145982,3567.688989,3561.303223,3490.512764,3455.089207,3426.195650,3420.368745,3429.926165,3463.129572,3504.621266,3546.255176,3522.485133,3474.216866,3434.664357,3370.820744,3317.637833,3283.611096,3241.869610,3166.781771,3069.345783,3000.181202,2951.221625,2909.856597,2910.039772,2955.372390,3033.579982,3135.323623,3267.873867,3402.304370,3468.198103,3430.299280,3431.335138,3452.056533,3479.122914,3468.350448,3427.975790,3390.182637,3387.925469,3394.022401,3396.669827,3416.933626,3464.085061,3558.166078,3648.066635,3758.107612,3871.374626,3959.732049,3985.846121,4005.621710,3892.737277,3784.432930,3729.000308,3715.612331,3715.158639,3737.242035,3725.007219,3680.633718,3598.677853,3549.459760,3540.807683,3510.797145,3416.791376,3366.226218,3313.892902,3302.033992,3318.291552,3297.042984,3301.156890,3296.799710,3302.506962,3335.253875,3407.457470,3536.723345,3650.187564,3748.652678,3824.753004,3865.353478,3795.810749,3688.690872,3572.320055,3548.562232,3575.571569,3646.115802,3742.702266,3814.531533,3744.531208,3641.845342,3572.421629,3545.579915,3609.871162,3720.895001,3827.356412,3922.667960,3963.913618,3808.722961,3652.299573,3559.272545,3494.931983,3463.139461,3371.279336,3259.765711,3225.521603,3225.100000,3266.184109,3305.010066,3234.785245,3179.629274,3154.901521,3132.653897,3078.259973,3000.015423,2913.437507,2782.742025,2662.629447,2563.743075,2490.813520,2395.861981,2294.988104,2248.301092,2207.702433,2151.281929,2091.698708,2030.476815,1970.632093,1936.956996,1916.971742,1910.653475,1934.077258,1974.345939,2021.292743,2035.424155,1982.328312,1917.777571,1881.770814,1846.096861,1815.844033,1789.606150,1769.859930,1746.361695,1722.000098,1700.490511,1680.179847,1660.526871,1646.146733,1636.393166,1626.522424,1616.571715,1607.722322,1596.000554,1584.602937,1574.236404,1565.957340,1553.101774,1541.170158,1530.295604,1519.040795,1507.115305,1493.936348,1484.660131,1474.798806,1463.890230,1454.674779,1448.273303,1441.808823,1437.556359,1435.655206
2462.336084,2469.615507,2466.433169,2462.218276,2452.014087,2440.202526,2424.851005,2411.721617,2417.040620,2430.252685,2433.277148,2435.064867,2434.821698,2430.011161,2421.541376,2413.625382,2424.364037,2436.668804,2451.438006,2458.763848,2461.408018,2449.255266,2442.644561,2445.092139,2431.888961,2405.926422,2363.783632,2329.231762,2321.189449,2321.000000,2321.000000,2321.000000,2321.000000,2321.000000,2321.000000,2321.000000,2321.000000,2339.179224,2385.111426,2453.375067,2543.378516,2650.387904,2751.111417,2818.821250,2852.321105,2876.247074,2894.212772,2915.239937,2936.308297,2962.379582,2987.199253,3015.343770,3037.859605,3058.987097,3073.404740,3091.050325,3107.498915,3120.925592,3120.553734,3104.757503,3078.003362,3060.774431,3068.971402,3091.073580,3103.832101,3110.620888,3111.915124,3110.101025,3115.239604,3129.202108,3150.025245,3178.168166,3211.720861,3255.024191,3291.667172,3302.452247,3287.096858,3268.264415,3265.291341,3279.423224,3321.697882,3377.960551,3442.181108,3508.147008,3561.988050,3615.456639,3644.498033,3620.810829,3504.207328,3454.221442,3437.249200,3469.466677,3522.484908,3609.164177,3635.469322,3516.196515,3441.740181,3394.698930,3349.569986,3300.443356,3242.170263,3169.920486,3105.296646,3037.725640,2977.077649,2924.566555,2914.326565,2938.434678,3002.104438,3086.629598,3190.982741,3352.938256,3472.057757,3463.125726,3472.318797,3551.822875,3609.969221,3555.755991,3483.110442,3416.026990,3400.065104,3396.201537,3395.575260,3403.235760,3441.857602,3517.382659,3600.850110,3703.444798,3814.476858,3919.829361,4043.691897,4032.791254,3866.112623,3781.381465,3743.714385,3724.891021,3724.728146,3773.667970,3755.015167,3699.291992,3648.386208,3617.082891,3579.213227,3519.530419,3416.967223,3373.415706,3343.535211,3342.256640,3386.776478,3361.465766,3324.699931,3320.207234,3316.740534,3377.109159,3481.334375,3635.246531,3712.648253,3752.309843,3773.972958,3810.317395,3802.976624,3702.120554,3570.457331,3512.563682,3533.854855,3596.486843,3693.830143,3797.920824,3778.438600,3662.667084,3560.073936,3514.704377,3547.575244,3673.970098,3775.919616,3867.069847,3909.772299,3793.042354,3654.000334,3531.908935,3426.640996,3388.997323,3348.638422,3253.907093,3190.219877,3159.783141,3152.170534,3210.442375,3201.793281,3108.099120,3061.299109,3049.117988,3033.948929,2997.630883,2897.121805,2785.788217,2686.806561,2606.393942,2524.696226,2439.788829,2331.782937,2214.200121,2184.035088,2140.400820,2071.548094,2008.398658,1968.403231,1940.899815,1928.894331,1963.800682,2023.339163,2077.151019,2131.135644,2133.941298,2057.825477,1978.131871,1936.583610,1897.605026,1849.844026,1821.953911,1802.255133,1771.606459,1737.323396,1700.854317,1676.812279,1663.805593,1656.355844,1647.356743,1636.687812,1628.965694,1617.477864,1603.729286,1595.002831,1584.129293,1571.482635,1560.960221,1548.696901,1537.594149,1523.715811,1510.741929,1500.750792,1489.681328,1479.245264,1469.801530,1462.182690,1452.996532,1444.954760,1440.886244,1439.480318
2465.819040,2468.410619,2461.741892,2452.002447,2435.742768,2420.491203,2399.784097,2404.091040,2414.685526,2418.144433,2418.363207,2420.390609,2422.652398,2419.919431,2408.556832,2411.004055,2425.481885,2429.411101,2437.234508,2440.060659,2437.423363,2431.600936,2425.032302,2420.544489,2391.570087,2357.424360,2327.527530,2321.000000,2321.000000,2321.000000,2321.000000,2321.000000,2321.000000,2321.000000,2321.000000,2321.000000,2323.679100,2366.262616,2422.215870,2488.267514,2580.220900,2683.877635,2771.255775,2823.028653,2847.520900,2868.884779,2888.811994,2904.480841,2919.913429,2948.819509,2977.314261,3003.567530,3023.306910,3047.699776,3064.292205,3080.246773,3095.524071,3110.062406,3119.185285,3119.972787,3101.230726,3075.878581,3069.791211,3079.606155,3090.275471,3112.078536,3124.914237,3121.967146,3115.907162,3123.052209,3131.383943,3153.383130,3185.638759,3235.216484,3263.887965,3283.688431,3274.056021,3258.910684,3257.940588,3271.857637,3309.442341,3368.335584,3435.703453,3491.525192,3543.219385,3602.570987,3663.336332,3682.003177,3538.384399,3470.352109,3437.910260,3446.670728,3492.686780,3570.644579,3643.500973,3542.980188,3482.794903,3433.841205,3370.651109,3322.829408,3264.222739,3197.181357,3145.824046,3099.045330,3032.712974,2956.054562,2926.329685,2944.456684,2986.385479,3060.511584,3147.918693,3310.960255,3464.190073,3471.790438,3482.291227,3564.596490,3667.732477,3638.302196,3555.575700,3492.270763,3436.797266,3402.165381,3394.484159,3406.169845,3441.189063,3500.328542,3570.713384,3649.622463,3764.217254,3866.588072,3974.837365,4044.346968,3884.480974,3782.320747,3754.703898,3730.576908,3725.246029,3791.333606,3785.319037,3745.577341,3764.975785,3725.909544,3639.540164,3544.859944,3451.531527,3407.190352,3382.222244,3398.562770,3414.335291,3373.666081,3332.794398,3320.395452,3320.998189,3373.619231,3481.647775,3590.742330,3647.362303,3662.334613,3668.034185,3723.841133,3780.082808,3714.886913,3563.972785,3482.043558,3498.176069,3563.603089,3662.992557,3768.967832,3763.701710,3660.978622,3549.205235,3495.608785,3515.704600,3625.799548,3728.747878,3821.855487,3880.803427,3785.638638,3655.361477,3556.531626,3450.808079,3338.439883,3250.138740,3197.273421,3132.487734,3091.971053,3049.541622,3054.077071,3084.604971,3090.384401,3022.631924,2958.614176,2938.714771,2942.215130,2910.842820,2837.646173,2766.338059,2673.235998,2548.608773,2433.084659,2323.091169,2216.259846,2147.534238,2114.918317,2042.124660,1989.760878,1965.163264,1944.821678,1966.892038,2041.941458,2123.953370,2192.310439,2233.560644,2199.810877,2127.617308,2075.687549,2037.121931,1986.933824,1929.882091,1882.413119,1845.514462,1803.641965,1749.761952,1708.791700,1685.851452,1675.430481,1669.233429,1658.959117,1650.477174,1641.583551,1627.978028,1615.780506,1605.202662,1593.199720,1582.892659,1571.109517,1557.753136,1544.879428,1531.467499,1518.074808,1505.843556,1495.644011,1485.287522,1475.829830,1466.308817,1456.461713,1448.199994,1444.022353,1442.870958
2464.035254,2466.155682,2452.978837,2435.612013,2420.410406,2406.342313,2388.063260,2397.026524,2400.695328,2403.774793,2405.282538,2401.767630,2403.568656,2394.407132,2385.634553,2392.439439,2397.921081,2400.777977,2407.261324,2413.472300,2405.189529,2393.722841,2390.205397,2383.665200,2358.305416,2324.736517,2321.000000,2321.000000,2321.000000,2321.000000,2321.000000,2321.000000,2321.000000,2321.000000,2321.000000,2321.000000,2331.664135,2391.442331,2457.856475,2524.105617,2613.773378,2707.493884,2776.754334,2814.346905,2838.767973,2858.078401,2875.805580,2890.658521,2916.157670,2950.368011,2974.294046,2994.359646,3015.066834,3037.781172,3054.729369,3067.644349,3080.744720,3095.402038,3111.907227,3123.435875,3117.216954,3095.923711,3081.185746,3078.898511,3084.828743,3104.371876,3127.591559,3131.600654,3128.183882,3124.746268,3125.862142,3144.741086,3189.106521,3233.707407,3253.787655,3265.943360,3254.273642,3250.399006,3255.760657,3270.406792,3293.479004,3340.257675,3402.317417,3460.459191,3525.707406,3587.421820,3640.434518,3661.892900,3545.372869,3491.777960,3468.192338,3448.126655,3466.938433,3540.849132,3610.438397,3603.293327,3526.055820,3467.499681,3418.551205,3379.943142,3321.370079,3245.423218,3211.988093,3177.794641,3133.637622,3043.383497,2974.510941,2963.950937,2977.483861,3034.664346,3122.157437,3300.217039,3460.236162,3495.622773,3491.678467,3535.835932,3632.886772,3690.510721,3604.497811,3532.993579,3468.165211,3416.037757,3396.174724,3401.386514,3433.105948,3483.501020,3525.044654,3600.963425,3685.565676,3778.077812,3867.852998,3951.804932,3933.768685,3819.573862,3795.339282,3761.363926,3735.459984,3782.752746,3882.871505,3866.663854,3841.095999,3763.726016,3656.606410,3570.686789,3477.709868,3422.704912,3398.122965,3424.051640,3398.686931,3349.645196,3327.657543,3321.054621,3332.320956,3368.873834,3414.356389,3476.037675,3524.217887,3538.351849,3560.501242,3629.190134,3688.785995,3641.811831,3520.462688,3456.838447,3463.421290,3518.644018,3626.286996,3732.074980,3755.406879,3652.681429,3535.888282,3473.763922,3494.391519,3577.104880,3683.233725,3787.908474,3863.974538,3786.120391,3671.465313,3551.784184,3447.425901,3351.302539,3259.337557,3147.350241,3056.581615,2999.928020,2954.823471,2927.385696,2955.454616,3000.466026,2990.121494,2926.947564,2864.077447,2832.234885,2842.737555,2820.553719,2760.526861,2644.928024,2529.520957,2438.287461,2317.633582,2193.314626,2109.157317,2068.596976,2028.265393,1997.681837,1971.381873,1969.948284,2029.037953,2119.008003,2212.504493,2286.290190,2315.184898,2273.752680,2218.181288,2171.228441,2129.098589,2058.465292,2000.583665,1939.259573,1885.383081,1827.721167,1769.855410,1718.834460,1698.566123,1691.811481,1684.646631,1675.437139,1665.558100,1654.560630,1641.585943,1629.767334,1617.461830,1602.940825,1593.373053,1579.288697,1564.876433,1552.128756,1537.752206,1525.893826,1513.898804,1503.430170,1494.197124,1482.742588,1470.945266,1460.079337,1452.988027,1449.856598,1448.064974
2462.863051,2454.094313,2434.976057,2414.569915,2400.293382,2389.463416,2378.025085,2383.211573,2388.792031,2392.599026,2393.969693,2388.907495,2382.376512,2365.033594,2358.182297,2365.947452,2359.711804,2362.357914,2377.611914,2375.998228,2363.560369,2349.355450,2338.811031,2328.655398,2324.700149,2321.000000,2321.000000,2321.000000,2321.000000,2321.000000,2321.000000,2321.000000,2321.000000,2321.000000,2321.395807,2336.725032,2376.937418,2438.505729,2496.119536,2569.258462,2662.813387,2737.023100,2776.092424,2808.393163,2832.440493,2850.824775,2865.879303,2883.031033,2916.610526,2950.827966,2968.216256,2986.847166,3006.072936,3025.843907,3040.472221,3052.167648,3064.406293,3078.949615,3099.763790,3119.588800,3121.546862,3105.263490,3093.022670,3087.007877,3096.701913,3111.753909,3131.995685,3140.269524,3142.687453,3143.135854,3144.456014,3166.627941,3206.821718,3233.534985,3238.792768,3237.378248,3232.585420,3241.878216,3248.216193,3253.768809,3268.832448,3300.109163,3336.400819,3389.467569,3467.499460,3547.360981,3601.357926,3637.110112,3582.136187,3543.047898,3533.965010,3508.689514,3497.783416,3533.940357,3590.262726,3641.542836,3571.300760,3525.145376,3489.075568,3465.210886,3400.571832,3309.111518,3284.898695,3267.273109,3243.318076,3145.774499,3056.942957,2984.373057,2986.309074,3028.840931,3104.170859,3260.285990,3478.122023,3548.482232,3509.206879,3529.982768,3596.904839,3688.024324,3629.620931,3556.381234,3489.979891,3425.875506,3394.520737,3397.066296,3426.781658,3500.961685,3528.076323,3586.578394,3640.377426,3707.872559,3754.571464,3843.892485,3932.158197,3932.882070,3869.374718,3811.826277,3773.526630,3784.351669,3841.917574,3763.736270,3722.140226,3684.308455,3620.738209,3537.305604,3440.971861,3412.224011,3411.386144,3419.036117,3371.619723,3333.969198,3335.080645,3356.681609,3367.881107,3396.325676,3375.030098,3373.895412,3401.479205,3420.808947,3446.127242,3517.531748,3568.297914,3542.821637,3459.757499,3414.304445,3425.594431,3472.286051,3571.229374,3663.195931,3713.092414,3637.913762,3517.116634,3462.198256,3479.990035,3558.395109,3674.961295,3773.301649,3868.390368,3819.911638,3710.664299,3602.495070,3510.638220,3417.235944,3339.885017,3209.888016,3088.183736,2972.707159,2871.506955,2837.735508,2839.253748,2861.803064,2863.277044,2846.562678,2790.887525,2745.493276,2730.214971,2712.706889,2694.169393,2598.515966,2483.308567,2388.841482,2269.176655,2168.814370,2077.339816,2047.522567,2027.885775,2002.437824,1980.220721,2011.561083,2093.724514,2192.315985,2285.796306,2366.592756,2395.195755,2344.561260,2294.702304,2252.157877,2191.329766,2128.810043,2063.308031,1994.738316,1945.953983,1876.355341,1811.440014,1751.552800,1718.360172,1710.300847,1703.295474,1693.157275,1680.038083,1667.515117,1655.536871,1642.600372,1629.932420,1615.522464,1601.368072,1587.866274,1575.082587,1562.095313,1546.913189,1534.105502,1523.622084,1513.182109,1498.953878,1486.629784,1477.614467,1467.587423,1458.733948,1457.759433,1455.458452
2444.915193,2429.788910,2415.559643,2398.428182,2382.863619,2376.996979,2373.539735,2371.616988,2378.010599,2380.266268,2376.908356,2369.207210,2358.042429,2335.743225,2326.290961,2330.812796,2324.859277,2331.428211,2333.953118,2334.658010,2327.397354,2323.247482,2321.000000,2321.000000,2321.000000,2321.000000,2321.000000,2321.000000,2321.000000,2321.000000,2321.000000,2321.000000,2321.000000,2323.549313,2349.918675,2401.053016,2445.273009,2489.417516,2559.204868,2627.110980,2695.077281,2741.711981,2770.173880,2797.918500,2820.889677,2839.035964,2858.209097,2887.696982,2920.496205,2947.844290,2963.779783,2983.588364,2998.250636,3011.520345,3023.341235,3034.560834,3047.275056,3060.795112,3076.576643,3097.723272,3109.828048,3101.178724,3091.891001,3096.067719,3102.175814,3112.816642,3130.163387,3144.703365,3156.461928,3170.617853,3188.981216,3206.077194,3218.401464,3223.659598,3219.602640,3210.387636,3214.882781,3226.914898,3220.317031,3224.979316,3247.505188,3281.167657,3305.896040,3338.462464,3406.492927,3472.315204,3539.718768,3605.832688,3621.483417,3584.715104,3566.189614,3563.409593,3567.606329,3575.895208,3613.186609,3686.178933,3624.788382,3577.829087,3530.234406,3469.971298,3424.645116,3385.896688,3350.967284,3305.535370,3252.340987,3143.955821,3065.253140,3005.247958,2990.170342,3019.484662,3082.823942,3194.810695,3433.911326,3575.533502,3539.073623,3536.081514,3590.869713,3661.022220,3622.710589,3561.579991,3508.492295,3444.785617,3414.427413,3429.830044,3472.245113,3536.768342,3583.328911,3604.504354,3646.299672,3698.497590,3722.261106,3764.538615,3887.743714,4023.110863,3948.893064,3856.881916,3823.996798,3810.700937,3775.681593,3699.987774,3648.721234,3621.085117,3560.148900,3470.808847,3411.914215,3408.628437,3420.161868,3435.520255,3370.451055,3335.854154,3357.382847,3394.526317,3395.802760,3426.454482,3387.753787,3358.741364,3341.241251,3348.352038,3367.234051,3414.220641,3445.669559,3423.475242,3393.036357,3371.361445,3367.755302,3402.922915,3496.547786,3568.077243,3619.812740,3625.090155,3506.634528,3456.239663,3466.744245,3533.507518,3647.358275,3764.852865,3856.961778,3869.833852,3779.482196,3676.969786,3575.843736,3452.937084,3318.534794,3224.442573,3158.476826,3022.026812,2888.180520,2759.782285,2719.028767,2712.733712,2693.751177,2672.938876,2637.662629,2638.497223,2661.492705,2637.308336,2616.713234,2551.613469,2458.833042,2344.971855,2195.091200,2108.539116,2042.905776,2028.267757,2017.153426,2001.801422,2013.173387,2078.670252,2150.220384,2249.937238,2347.697588,2443.881398,2466.021842,2428.518523,2374.540853,2317.912350,2263.709875,2197.735082,2112.426276,2081.196036,2014.297485,1927.303175,1856.069179,1789.073305,1743.285600,1731.185895,1720.666701,1710.468151,1697.741503,1684.524272,1671.255417,1656.360603,1640.589918,1626.753225,1613.494960,1596.872621,1584.346295,1572.561055,1555.177025,1543.584848,1531.457846,1516.915062,1504.027801,1494.450874,1484.067248,1473.195543,1466.930372,1464.101859,1462.428136
2421.635098,2410.900031,2397.855744,2379.903643,2365.427033,2364.457191,2371.489792,2362.997257,2361.930000,2367.378817,2358.006401,2349.357649,2334.140086,2321.159691,2321.000000,2321.000000,2321.000000,2321.000000,2321.000000,2321.021221,2321.000000,2321.000000,2321.000000,2321.000000,2321.000000,2321.000000,2321.000000,2321.000000,2321.000000,2321.000000,2321.000000,2323.087397,2343.480964,2384.183742,2425.305203,2457.131998,2499.628084,2555.346913,2610.968957,2651.443023,2698.860063,2730.011747,2757.126212,2778.113340,2801.775556,2824.519829,2849.151392,2889.910046,2932.455128,2945.363105,2956.999452,2971.967050,2983.975401,2993.940660,3004.217452,3016.927536,3027.187663,3039.474659,3054.177456,3063.606463,3076.034806,3082.228580,3085.110237,3095.955191,3104.586931,3113.076074,3123.494974,3135.340190,3153.923616,3178.905150,3200.177028,3213.640285,3208.876852,3199.494712,3196.793146,3199.178457,3202.271092,3204.105473,3201.851043,3227.111396,3261.674625,3290.796132,3309.636804,3340.374048,3386.891625,3429.041433,3474.897578,3537.084972,3624.655618,3630.126118,3597.748229,3589.183295,3596.374816,3615.864672,3656.023347,3669.108618,3599.032703,3539.813971,3475.093912,3448.885542,3436.811849,3421.842441,3372.022028,3316.055193,3247.539571,3146.900126,3072.723477,3022.568099,2998.047238,3017.413183,3077.056895,3166.548782,3372.681837,3558.928611,3590.285487,3573.325740,3604.561127,3655.918163,3627.242214,3571.585453,3531.974391,3499.355960,3489.468889,3533.362801,3564.237517,3582.752593,3594.949742,3636.693643,3672.293135,3718.893197,3752.207087,3801.087001,3931.359402,4090.929578,4022.939486,3903.252751,3866.155637,3847.891189,3777.777964,3693.010276,3634.711591,3554.092765,3482.833535,3423.010216,3418.144812,3404.280556,3435.245401,3494.417582,3490.910399,3453.320366,3416.111003,3415.920317,3411.618476,3458.498136,3458.762087,3421.467138,3384.541165,3349.468697,3338.387132,3346.914422,3351.153358,3344.356072,3324.576186,3308.904363,3313.088785,3345.924879,3402.077897,3453.680333,3508.063236,3548.419410,3468.337440,3439.541375,3449.228369,3505.878057,3618.458715,3705.534443,3810.976146,3882.344144,3810.092805,3701.515272,3598.014105,3485.362607,3344.245339,3247.941945,3136.831034,3030.506461,2920.348287,2807.315391,2686.446697,2587.423065,2550.561948,2526.569178,2498.618470,2504.590411,2585.461650,2614.967717,2580.042996,2490.097043,2395.454562,2272.377090,2137.787481,2060.953170,2035.627817,2022.903528,2013.939585,2016.214368,2066.412060,2129.358072,2209.279494,2299.036187,2404.973661,2518.564893,2534.095161,2488.088438,2451.851020,2405.739477,2355.817851,2276.345859,2191.898895,2154.349876,2082.233574,1983.392134,1898.322511,1824.641811,1769.394268,1752.593917,1740.420496,1727.628327,1714.935498,1702.627038,1684.029038,1665.434162,1651.854291,1637.781267,1621.130075,1607.115682,1592.995866,1579.280376,1565.431417,1552.675093,1537.331629,1522.754567,1510.542864,1501.083326,1490.286292,1481.760680,1474.433930,1470.665925,1469.453362
2400.530616,2396.378325,2383.145812,2365.761251,2353.200044,2357.130298,2363.068956,2354.319135,2350.559286,2351.015518,2340.533025,2324.408208,2321.092561,2321.000000,2321.000000,2321.000000,2321.000000,2321.000000,2321.000000,2321.000000,2321.000000,2321.000000,2321.000000,2321.000000,2321.000000,2321.000000,2321.000000,2321.000000,2321.000000,2321.014502,2330.779301,2366.483583,2409.360529,2450.640524,2486.660069,2527.564085,2571.091562,2609.343289,2640.117059,2663.100611,2688.527580,2714.963968,2742.824249,2764.413936,2784.418004,2803.022142,2832.559651,2875.835457,2914.023917,2928.719038,2942.635075,2953.975163,2964.422886,2974.523293,2988.809355,2998.023831,3007.834694,3021.481012,3034.645810,3042.801936,3054.830372,3061.632618,3072.006822,3084.528418,3093.482123,3106.690222,3116.517899,3127.590064,3145.997728,3169.774636,3194.525856,3208.253848,3184.823122,3180.221609,3186.290069,3190.975314,3196.626331,3195.380726,3197.326603,3238.120257,3271.608981,3294.770748,3319.151910,3350.367455,3376.032196,3399.843662,3432.349763,3484.557836,3571.533411,3674.890230,3679.332563,3642.367680,3637.307300,3652.313354,3681.875534,3642.044217,3589.699367,3529.864783,3482.414550,3470.569583,3480.833775,3448.600923,3368.134325,3346.909908,3285.661179,3177.749960,3117.212550,3069.362739,3034.102579,3040.544798,3085.405913,3169.745318,3308.704506,3527.064423,3625.587598,3644.994359,3662.187425,3684.318409,3635.697144,3607.352844,3586.949432,3556.329743,3543.349506,3607.391676,3635.937453,3617.963578,3608.640572,3631.277511,3699.962651,3814.081352,3890.804979,3943.253539,4013.184545,4103.885344,4105.203167,3944.266384,3890.687293,3866.813358,3810.007421,3730.992692,3658.057252,3563.897343,3480.620217,3452.589290,3461.844343,3411.479509,3451.821385,3520.964139,3535.295613,3512.672735,3458.505085,3442.968036,3442.437855,3534.390523,3581.643040,3508.690282,3439.479491,3401.940575,3364.407111,3333.078115,3318.077624,3300.594316,3282.910111,3272.837662,3276.394998,3291.551936,3322.879919,3355.497784,3394.854881,3453.435714,3429.301376,3418.646843,3427.507411,3498.442342,3605.003921,3697.640023,3794.954202,3877.391091,3804.528898,3712.029393,3628.758349,3501.469981,3370.515141,3263.900627,3182.728307,3102.551845,3013.455073,2880.666761,2735.249004,2636.225897,2554.989717,2469.808663,2410.931588,2390.915329,2465.803113,2495.330141,2534.498765,2469.704595,2349.569469,2206.767662,2087.665602,2051.997055,2041.007252,2029.658848,2027.038912,2054.137529,2119.864155,2196.303783,2279.890295,2364.043868,2463.436618,2573.893556,2614.729057,2562.969560,2508.339644,2458.382398,2403.295780,2339.708660,2277.927791,2217.780883,2122.417028,2026.646631,1933.279337,1847.386228,1790.937849,1773.904728,1759.202642,1746.594338,1733.095314,1715.110213,1695.756561,1679.276105,1665.790258,1648.665089,1633.062363,1614.486386,1599.902739,1587.776004,1572.064799,1556.755398,1542.787962,1529.293562,1516.388557,1508.084542,1495.482048,1487.299518,1479.924373,1475.617109,1476.179875
2383.901708,2375.438943,2364.635295,2354.400700,2340.430212,2334.348243,2345.489620,2329.531393,2328.486531,2327.627205,2321.252232,2321.017522,2321.000000,2321.000000,2321.000000,2321.000000,2321.000000,2321.000000,2321.000000,2321.000000,2321.000000,2321.000000,2321.000000,2321.000000,2321.000000,2321.000000,2321.000000,2321.357489,2334.118304,2361.017072,2402.705630,2445.280011,2478.952022,2515.934022,2552.572967,2588.982077,2622.979067,2659.104229,2676.229174,2682.014899,2699.701227,2734.844334,2755.163351,2771.148433,2791.099322,2813.061235,2833.750751,2871.905077,2893.598686,2904.616865,2915.893119,2933.338159,2949.596412,2962.155666,2975.610263,2987.064317,2995.259560,3000.716282,3006.803887,3012.518404,3025.578014,3035.871111,3042.098592,3065.041868,3075.923542,3085.408380,3101.150137,3118.535511,3136.874546,3160.001473,3180.671667,3180.624376,3170.689722,3173.591098,3178.069604,3190.034671,3190.766698,3185.187910,3207.837460,3253.553709,3268.513772,3291.614344,3318.077529,3342.025006,3361.688704,3385.977895,3422.602492,3475.118698,3534.182982,3610.315730,3729.000984,3797.804325,3785.507889,3732.075147,3663.980061,3621.749253,3564.436532,3511.979365,3497.660037,3509.203121,3495.663008,3420.263457,3355.210979,3340.466503,3319.510374,3259.402985,3199.676306,3157.858776,3111.102073,3088.321833,3120.951949,3204.135777,3321.449914,3439.073361,3574.679521,3677.229471,3729.866174,3730.306250,3685.532881,3666.130344,3661.913736,3640.196828,3615.842680,3667.537582,3685.315087,3664.728967,3641.680542,3627.666519,3664.652313,3741.994334,3851.927698,3932.308758,3956.935832,3994.526802,4067.806296,3985.244318,3910.002357,3863.337177,3823.610046,3753.858835,3663.081978,3562.696919,3509.660197,3525.544541,3503.015616,3435.242982,3489.911340,3536.087760,3530.162260,3494.919815,3458.828755,3474.060919,3491.635386,3628.142601,3715.510301,3646.713443,3550.959065,3466.126636,3397.671249,3353.159369,3341.774576,3324.197348,3292.767854,3281.033642,3275.291685,3271.953346,3271.844318,3280.883760,3296.927922,3359.999051,3394.257577,3386.571135,3397.680981,3525.168934,3620.376533,3699.228286,3795.944109,3840.673789,3736.592343,3628.928621,3567.049600,3488.017494,3410.198898,3351.964514,3256.068511,3155.106481,3068.647223,2928.719931,2806.775282,2714.660677,2670.656254,2619.380962,2519.509652,2384.409334,2334.403876,2322.471601,2348.874993,2371.476917,2284.898580,2148.261653,2079.716974,2062.642165,2051.395747,2045.030022,2068.773350,2126.257353,2196.762930,2269.543670,2346.797650,2429.856998,2518.862568,2627.773031,2681.214698,2633.549996,2570.321792,2501.909134,2442.407806,2386.791148,2323.465874,2243.833789,2146.186183,2032.778575,1954.638614,1874.933330,1814.508383,1796.595527,1781.378848,1766.357808,1748.389044,1728.575234,1711.935178,1694.254238,1678.439251,1657.596084,1641.978095,1625.286629,1608.401046,1592.746664,1578.210762,1562.495482,1548.151440,1534.418926,1523.071224,1512.391060,1501.118989,1494.102252,1488.302551,1482.501722,1485.004090
2368.839198,2353.542833,2334.651396,2326.138945,2323.653235,2321.000000,2321.000000,2321.000000,2321.000000,2321.000000,2321.000000,2321.000000,2321.000000,2321.000000,2321.000000,2321.000000,2321.000000,2321.000000,2321.000000,2321.000000,2321.000000,2321.000000,2321.000000,2321.000000,2321.000000,2321.081943,2333.911570,2367.211381,2410.969666,2455.214404,2494.811423,2522.223840,2552.724319,2576.493036,2592.724042,2606.746360,2635.570431,2667.539921,2679.459728,2693.312613,2721.312472,2769.459902,2796.859906,2803.524472,2817.034023,2833.395853,2854.134262,2876.222867,2890.873546,2896.205274,2907.532416,2925.065718,2942.211578,2952.215615,2964.126795,2973.448034,2979.466947,2978.863294,2974.612042,2982.751146,2990.571065,2999.857885,3002.746323,3011.423970,3026.146632,3040.204558,3063.341897,3088.513848,3109.035221,3137.004118,3154.495525,3148.530814,3155.127491,3165.777424,3171.565000,3176.172912,3174.853644,3199.359405,3243.207572,3268.579202,3276.266653,3285.124073,3301.783459,3322.337628,3351.963606,3381.377835,3414.774607,3446.087743,3490.275015,3549.739552,3672.914006,3836.821819,3873.306810,3779.546249,3671.454158,3625.992964,3591.896485,3567.764103,3575.653083,3579.614509,3473.428207,3377.558594,3329.383816,3328.005893,3348.703459,3361.697306,3394.169253,3341.116134,3247.178654,3205.088489,3198.935718,3275.160246,3349.213632,3401.086400,3501.888886,3622.637071,3714.658038,3778.961212,3777.927364,3721.401063,3711.318968,3703.419158,3701.346247,3726.581020,3705.351316,3678.735835,3675.987982,3664.411447,3649.390978,3697.534640,3771.408002,3852.811630,3865.458337,3894.556158,4002.137022,4061.774929,4013.233881,3936.181886,3845.947015,3754.808049,3659.567649,3559.404005,3511.984038,3537.207979,3508.036476,3466.827576,3519.114074,3531.122170,3524.235075,3487.493223,3460.696699,3491.899497,3548.575295,3669.960703,3792.306748,3753.114152,3663.135193,3579.575561,3499.726335,3419.770510,3390.055233,3391.453922,3393.852850,3355.713588,3309.425789,3279.406013,3273.763793,3258.680770,3259.312735,3286.696585,3344.096395,3352.908297,3387.485766,3507.423408,3616.889173,3709.124012,3798.897389,3828.772402,3711.732118,3572.330875,3481.036032,3397.266151,3347.578169,3326.208788,3275.234308,3198.713041,3103.759172,2974.522221,2879.358756,2803.576101,2796.993166,2735.261528,2693.014281,2550.801544,2473.430359,2400.508387,2315.617029,2276.599775,2193.201474,2115.526917,2092.754412,2073.210771,2057.983549,2073.671870,2140.429625,2207.057621,2281.062011,2370.796161,2437.171250,2504.813148,2590.566852,2677.944624,2724.676982,2666.500256,2607.804416,2544.540492,2472.329432,2388.331417,2320.669726,2237.406850,2135.290140,2060.504732,1976.681192,1890.486573,1840.298890,1819.420887,1802.029452,1786.238722,1765.643454,1747.642687,1726.793309,1704.895283,1685.613883,1666.012573,1650.059087,1630.971378,1611.791133,1597.654335,1580.871423,1565.487387,1553.391756,1540.589435,1530.192561,1517.404085,1509.687716,1503.326993,1496.313523,1492.529568,1494.572970
2343.754638,2328.013854,2321.037012,2321.000000,2321.000000,2321.000000,2321.000000,2321.000000,2321.000000,2321.000000,2321.000000,2321.000000,2321.000000,2321.000000,2321.000000,2321.000000,2321.000000,2321.000000,2321.000000,2321.000000,2321.000000,2321.000000,2321.000000,2321.007627,2322.034130,2355.555448,2404.812043,2448.234305,2500.406646,2537.842673,2563.781897,2587.985163,2607.283713,2620.070767,2616.547088,2624.591437,2642.903051,2666.046324,2686.544762,2713.029922,2754.414208,2806.154307,2823.353799,2822.101233,2830.038246,2844.067740,2865.584762,2879.333494,2888.567415,2892.750647,2898.538371,2917.259915,2935.539059,2943.721691,2951.870523,2955.450772,2946.480124,2931.393861,2914.664720,2925.940171,2938.790226,2940.067657,2938.743685,2938.886817,2955.407809,2974.422942,3007.970177,3029.615034,3048.358197,3079.706760,3114.185688,3119.788195,3125.178176,3147.664082,3153.831820,3162.586949,3200.699433,3252.774834,3284.520090,3314.068725,3308.835063,3294.661752,3293.066870,3315.011807,3355.415839,3391.764424,3419.239151,3424.472116,3477.277161,3541.539580,3662.120550,3784.867623,3808.749779,3787.957261,3724.172771,3658.372336,3642.587027,3665.025230,3648.502834,3557.129198,3474.283445,3385.124671,3329.122780,3325.670112,3355.406150,3413.706175,3469.234862,3497.617764,3408.415306,3316.255746,3302.578525,3316.338716,3355.315876,3392.851653,3448.970392,3556.141929,3662.102527,3775.987200,3833.662872,3757.571462,3728.519015,3747.376681,3781.057937,3756.429550,3718.242355,3716.530982,3751.790142,3747.028467,3687.147556,3696.376873,3767.982813,3810.509895,3782.704394,3810.503846,3896.599078,4020.878085,4100.747066,4046.805939,3933.081426,3792.106351,3682.909260,3582.431504,3542.410539,3552.270531,3521.943772,3496.605003,3524.704374,3529.345867,3514.398241,3491.274287,3500.627315,3524.599871,3588.024416,3677.747391,3810.300227,3811.607469,3742.942582,3688.169113,3625.780583,3539.507605,3428.411714,3391.122751,3447.152963,3428.494686,3318.720659,3262.836098,3270.103747,3253.019226,3234.204275,3240.691204,3298.907636,3330.614466,3394.001910,3509.953873,3612.626509,3705.925669,3785.954640,3810.513588,3706.706874,3597.367960,3465.231628,3353.610350,3259.843849,3206.129281,3192.936043,3175.934643,3133.379074,3044.726459,2965.818534,2895.947945,2887.474277,2853.498918,2841.468125,2736.851846,2625.613117,2538.916743,2412.758053,2256.093396,2150.060347,2115.376573,2096.578099,2077.126426,2075.053247,2126.026203,2207.874799,2290.217909,2364.481664,2445.277395,2538.013593,2585.621803,2672.201183,2738.066738,2724.812728,2656.946874,2579.325794,2506.861015,2439.145467,2359.596672,2284.818173,2225.868259,2134.039768,2065.447572,1985.759076,1930.693302,1866.146814,1843.964311,1826.811039,1804.957152,1780.426497,1755.697680,1733.093811,1708.759213,1691.702913,1672.604035,1651.908070,1630.991057,1614.912252,1598.757841,1583.662345,1569.044940,1558.265779,1546.103827,1536.808690,1527.988968,1521.524366,1512.106227,1507.426255,1503.368286,1502.972173
2321.011134,2321.000000,2321.000000,2321.000000,2321.000000,2321.000000,2321.000000,2321.000000,2321.000000,2321.000000,2321.000000,2321.000000,2321.000000,2321.000000,2321.000000,2321.000000,2321.000000,2321.000000,2321.000000,2321.000000,2321.000000,2321.000000,2321.000000,2338.763968,2389.533336,2442.661355,2493.928259,2537.135408,2569.384411,2593.767990,2610.623446,2625.534604,2634.736618,2645.838794,2644.670559,2644.382921,2650.753973,2669.802665,2701.034994,2737.965618,2794.041549,2816.855053,2820.541769,2824.821487,2829.668686,2838.174361,2849.152242,2863.285801,2886.490893,2887.034246,2887.247351,2908.548876,2918.169031,2919.939558,2918.665130,2902.000361,2875.671878,2851.485210,2847.524005,2860.473606,2872.352620,2881.174152,2888.330553,2874.017081,2878.852270,2903.183837,2933.203512,2964.778551,2992.965762,3020.835314,3063.576698,3086.089670,3102.385439,3136.640473,3144.215985,3179.355568,3217.803140,3244.915646,3289.054759,3332.191634,3365.924555,3367.265061,3351.621845,3371.865691,3409.762650,3457.690068,3509.462380,3509.687406,3528.269822,3592.007643,3645.071823,3690.208642,3729.832033,3729.477130,3745.002317,3773.387945,3795.151136,3748.891557,3644.792662,3541.482925,3476.221844,3407.388502,3353.981290,3339.442489,3355.863750,3398.036689,3450.139988,3531.800023,3500.812896,3421.674092,3353.122702,3350.095510,3375.627753,3384.401278,3435.187963,3509.803696,3627.321103,3750.496599,3837.204692,3813.491592,3797.435439,3823.670189,3829.931564,3799.213140,3789.835632,3811.442313,3869.843284,3877.113707,3778.115566,3733.400665,3755.509894,3736.390000,3718.285631,3754.524736,3824.336095,3932.336727,4032.441658,4033.001326,3958.935839,3859.223441,3730.190015,3635.005467,3598.044193,3599.487783,3592.786473,3539.498596,3522.402650,3525.961946,3527.197202,3536.959494,3559.849179,3566.945890,3637.559818,3748.266810,3815.355266,3745.404463,3674.734218,3642.564756,3631.072197,3577.398951,3465.385269,3378.429766,3390.641355,3445.157008,3359.649197,3269.852371,3251.143995,3229.715661,3214.830940,3218.462050,3246.106014,3307.102720,3373.525941,3510.300369,3596.324537,3659.483339,3751.064728,3789.206994,3697.508562,3582.154821,3463.491175,3363.172984,3269.221502,3160.823789,3068.704231,3034.136659,3035.944608,3027.389643,2998.152062,2969.274019,2954.861297,2917.595933,2854.852570,2712.695128,2613.927713,2484.282481,2340.547869,2187.248403,2121.885388,2108.660466,2094.405570,2084.896321,2109.722073,2184.856312,2283.758310,2367.995387,2447.275062,2515.326139,2595.518585,2676.205601,2741.899576,2765.532325,2714.280180,2644.153316,2572.327802,2508.926862,2462.084138,2411.506568,2337.338653,2253.763820,2176.841421,2090.438045,2034.428251,1953.851972,1894.397691,1870.644280,1849.742774,1816.178428,1782.075728,1756.830219,1734.683136,1713.834621,1693.552956,1672.788918,1652.618641,1633.258302,1618.802435,1603.631279,1588.239285,1576.640500,1564.026010,1552.566875,1544.239839,1536.395674,1528.461996,1522.862655,1518.795896,1513.997398,1513.065458
2325.056272,2321.000000,2321.000000,2321.000000,2321.000000,2321.000000,2321.000000,2321.000000,2321.000000,2321.000000,2321.000000,2321.000000,2321.000000,2321.000000,2321.000000,2321.000000,2321.000000,2321.000000,2321.000000,2321.000000,2321.000000,2321.068455,2342.399810,2408.396245,2465.131590,2513.697766,2550.714791,2579.935779,2605.075715,2625.922100,2639.325575,2648.900849,2661.993603,2664.644702,2658.732536,2654.286661,2666.869286,2699.108117,2729.980150,2759.783683,2796.133291,2799.037225,2808.301762,2811.964856,2817.310280,2818.746710,2825.313799,2843.331266,2866.683597,2871.323815,2878.211247,2905.674325,2903.331831,2879.406073,2846.998264,2821.592049,2801.372739,2788.888298,2783.410796,2791.323762,2806.239775,2825.496640,2823.916337,2810.441459,2814.556495,2831.900323,2854.345337,2897.508032,2934.784305,2961.938400,2998.074099,3041.607024,3081.458273,3117.526633,3149.785162,3167.296700,3179.972630,3207.978862,3252.310555,3298.060910,3335.377029,3362.759980,3382.029301,3413.710772,3458.640138,3503.289530,3513.033022,3477.976475,3492.440853,3517.299370,3544.228635,3584.798852,3650.513745,3680.215370,3727.896237,3799.402018,3837.076712,3744.032503,3624.315822,3566.244965,3526.566166,3491.271407,3437.224896,3403.818969,3392.175939,3424.565587,3459.114000,3501.550904,3552.905293,3472.780867,3416.137121,3411.208353,3402.576359,3381.860742,3408.484578,3494.108526,3597.456293,3708.694089,3767.790591,3811.915074,3887.759419,3938.819653,3923.512490,3910.002697,3913.549729,3952.045867,3935.253958,3847.514707,3772.234493,3733.746149,3720.902480,3671.064103,3661.811185,3704.524577,3779.869055,3843.388449,3931.209869,3950.527378,3904.240507,3860.050987,3799.251810,3712.033275,3668.854468,3652.054921,3601.274628,3534.296383,3535.612188,3573.982526,3602.520917,3620.511796,3605.101997,3580.012910,3657.251808,3765.907331,3791.799108,3664.854297,3584.192012,3569.310510,3553.023971,3518.662304,3446.368348,3380.175818,3350.266120,3405.224697,3406.972650,3304.218422,3244.420806,3211.199968,3197.149789,3195.709335,3204.467731,3273.960674,3352.790088,3461.186918,3546.080820,3632.692845,3697.897594,3734.615665,3682.779239,3573.774283,3460.066416,3356.369197,3251.215747,3170.200975,3091.532370,2979.656405,2930.443124,2887.350742,2873.657803,2888.099795,2859.991113,2845.438045,2766.210858,2687.618717,2541.588781,2401.424254,2242.325124,2138.695444,2102.321484,2099.198208,2097.135720,2103.229286,2174.753358,2260.471649,2357.012570,2452.777168,2539.795818,2616.504451,2669.683727,2740.032634,2819.790631,2809.038464,2742.539235,2665.311924,2621.582020,2603.461872,2543.026531,2465.907605,2368.218919,2270.815832,2171.070757,2070.071301,2005.712468,1954.028174,1915.448193,1890.827705,1881.521274,1845.895688,1806.393753,1771.314005,1739.885612,1715.283743,1694.842142,1676.006423,1659.248907,1641.641719,1624.046686,1608.309073,1594.923279,1583.106620,1571.276522,1560.622904,1551.293440,1544.081846,1538.484016,1532.184142,1530.735081,1526.516223,1524.903397
2371.542033,2356.862337,2339.743329,2324.225213,2321.000000,2321.000000,2321.000000,2321.000000,2321.000000,2321.000000,2321.000000,2321.000000,2321.000000,2321.000000,2321.000000,2321.000000,2321.000000,2321.000000,2321.000000,2321.000000,2321.000000,2335.953565,2396.709763,2453.908076,2504.490733,2545.101714,2576.766994,2612.076470,2634.581268,2649.028472,2653.586539,2671.741060,2686.475904,2679.203105,2675.332959,2677.086276,2706.989506,2746.354783,2765.950436,2777.436187,2782.301679,2785.054584,2789.422477,2793.987222,2798.434625,2797.482657,2810.284828,2828.517515,2857.447397,2868.337507,2874.803586,2884.012089,2849.834269,2814.325555,2781.451340,2756.861100,2746.589172,2735.784335,2736.757608,2757.777521,2792.157107,2793.385464,2764.946129,2755.624161,2768.441659,2781.356213,2805.522635,2833.902617,2871.281810,2904.607781,2936.826379,2977.060320,3012.172639,3066.373494,3108.749982,3132.352333,3156.604878,3182.012410,3221.518476,3266.122865,3296.035308,3320.663983,3348.777567,3390.615086,3441.703728,3469.575136,3443.790203,3414.201422,3419.788129,3447.321414,3473.532285,3509.831346,3558.721722,3605.152021,3663.777847,3757.530034,3809.340666,3753.635420,3674.572221,3603.128788,3560.600648,3557.949070,3519.477732,3493.811309,3480.086440,3494.658880,3486.335082,3480.980622,3568.508221,3564.605396,3481.243154,3468.369577,3434.814509,3389.764640,3404.026037,3473.785046,3558.820376,3648.438314,3726.533783,3795.287485,3893.985890,3993.720923,4058.858237,4085.553527,4040.952477,3958.323215,3871.435672,3802.513570,3751.822644,3723.502107,3674.260952,3626.001803,3621.240218,3661.713302,3711.879377,3771.270087,3837.370275,3896.570968,3846.270660,3847.709853,3870.196992,3838.200213,3737.252659,3651.297988,3573.890402,3535.512570,3579.190852,3635.086989,3671.946957,3678.307242,3608.122848,3591.401592,3628.869410,3750.211027,3791.183525,3670.528026,3573.950323,3531.849240,3456.927166,3416.901921,3390.330587,3351.231010,3321.808314,3354.187073,3411.919027,3360.976785,3266.168992,3214.054103,3173.173097,3147.939576,3176.978954,3237.707629,3323.209397,3420.569146,3527.248115,3582.980147,3605.729264,3659.408662,3656.588170,3538.245672,3421.805461,3323.298825,3227.076309,3131.215417,3046.130291,2963.639845,2863.074913,2780.036091,2734.408468,2751.248893,2754.367681,2713.361099,2690.308581,2573.713622,2462.787768,2345.591482,2186.048469,2114.155441,2098.758926,2100.613931,2113.741159,2157.320824,2248.245402,2352.015987,2443.796766,2523.210759,2620.749264,2702.910105,2753.541132,2809.914296,2885.974884,2859.853937,2792.490885,2722.660048,2693.950138,2651.314208,2553.930670,2447.673843,2337.940103,2226.539468,2129.274651,2062.859744,2030.590605,2004.042536,1961.011517,1935.175591,1937.817305,1920.774109,1880.032253,1832.976461,1785.332547,1734.494158,1705.625758,1691.415142,1672.390285,1652.964196,1634.587078,1616.894700,1599.214349,1588.478868,1575.968194,1573.309007,1565.192557,1553.949746,1549.638236,1545.895345,1543.877007,1540.292894,1536.355049
2393.599319,2387.710283,2380.689024,2366.788204,2338.115540,2322.288993,2321.000000,2321.000000,2321.000000,2321.000000,2321.000000,2321.000000,2321.000000,2321.000000,2321.000000,2321.000000,2321.000000,2321.000000,2321.000000,2321.000000,2334.392651,2394.166596,2442.269196,2483.094576,2524.616344,2565.176442,2607.613657,2633.797233,2652.654179,2664.200594,2666.126837,2696.146131,2721.145304,2708.821910,2697.330103,2700.807085,2722.755363,2759.392536,2784.563984,2781.127130,2777.948422,2776.720436,2776.201235,2782.368144,2789.694460,2794.009286,2808.909699,2825.836388,2860.800496,2858.408906,2835.631858,2812.608638,2783.097519,2759.157853,2732.789905,2711.005037,2703.960264,2706.560266,2720.615355,2745.938819,2782.514606,2761.704451,2732.666908,2726.228214,2735.607422,2741.173958,2755.422861,2780.874488,2816.393277,2858.049900,2886.432314,2901.697874,2939.591536,3009.840816,3066.808121,3111.027705,3135.369007,3163.011994,3197.382018,3230.587033,3251.639007,3286.600407,3339.420681,3394.559220,3431.137469,3432.766840,3389.727970,3373.410547,3383.674490,3411.600257,3442.373899,3482.802941,3502.236248,3532.488304,3586.896271,3712.450995,3770.533208,3695.268223,3633.173623,3651.132932,3654.870591,3651.120083,3596.158584,3576.365705,3558.726891,3549.146610,3517.560437,3505.813732,3565.783895,3609.612086,3523.910543,3474.426206,3447.954941,3428.392995,3435.827920,3486.972456,3548.457543,3641.124129,3722.730781,3813.281161,3920.598169,4031.660861,4103.179145,4099.403919,3996.341584,3893.310636,3806.143995,3780.909260,3750.667394,3699.203869,3642.843693,3601.585320,3603.599147,3633.307415,3664.286721,3717.021288,3790.489482,3874.672906,3861.672319,3877.470838,3924.314048,3862.349564,3736.491869,3674.567354,3610.604578,3577.164119,3607.911849,3651.427774,3720.744512,3737.230886,3642.538198,3611.065386,3640.420852,3756.907034,3807.605389,3738.109235,3652.366542,3576.150873,3449.490053,3376.736390,3338.927444,3320.767052,3290.558780,3311.806666,3315.391279,3368.031359,3302.494591,3221.299074,3160.042276,3129.120461,3162.603101,3227.588293,3305.491537,3393.202949,3470.312578,3513.191770,3521.621262,3566.681568,3592.121197,3509.378570,3400.857535,3310.032395,3215.309692,3138.966459,3080.069407,3007.171828,2951.375792,2868.128701,2751.912200,2649.070725,2591.854469,2581.313559,2540.530294,2510.354266,2423.277810,2272.094810,2145.751706,2108.489564,2105.460219,2109.646627,2162.191081,2230.586399,2321.344333,2425.285309,2523.432847,2588.552014,2676.596602,2781.695185,2854.683347,2904.455719,2948.880391,2912.350275,2841.357402,2785.406483,2738.942491,2664.592150,2538.714048,2434.016640,2337.805559,2226.644078,2150.552875,2157.825214,2131.992713,2095.576970,2050.354884,2009.939922,2015.712052,2019.745701,1973.801687,1912.012642,1846.235938,1794.962361,1748.329392,1725.073320,1691.052632,1664.171272,1644.611452,1625.916970,1612.392524,1599.965593,1591.088309,1585.309772,1577.202496,1569.395915,1563.577741,1560.199544,1559.148270,1555.627344,1551.385477
2406.759296,2401.524591,2395.442959,2386.721344,2374.808824,2350.541313,2330.601436,2322.781547,2321.528126,2321.113293,2321.056093,2321.000000,2321.000000,2321.000000,2321.000000,2321.000000,2321.000000,2321.000000,2321.000000,2333.442211,2384.080556,2422.630499,2455.676968,2494.007771,2537.365022,2579.829175,2621.895586,2649.415674,2661.364593,2673.140091,2688.482617,2719.923395,2747.021795,2726.709001,2716.618693,2709.794332,2708.800883,2738.645409,2774.230872,2777.555727,2772.188253,2770.039927,2767.643990,2777.193613,2786.481860,2793.702015,2811.602455,2821.965995,2846.332767,2802.344160,2770.358602,2747.425033,2734.548013,2714.376638,2693.430273,2685.447083,2689.462755,2701.105735,2714.853165,2737.751175,2759.851386,2736.111543,2712.837923,2709.528830,2713.698621,2717.212464,2726.437334,2749.043527,2780.217093,2803.420390,2828.589239,2839.665102,2884.878367,2949.710920,3015.667513,3071.000081,3103.637029,3139.204419,3173.844160,3197.402859,3231.504344,3289.892853,3345.030064,3395.335270,3424.920919,3392.879020,3345.481797,3347.004340,3365.585734,3390.889288,3420.672758,3442.304751,3468.686237,3516.615387,3579.343418,3688.240372,3707.623041,3627.833882,3565.203237,3580.738432,3616.171279,3663.647007,3673.598638,3643.112255,3611.543765,3599.902054,3564.288848,3555.921638,3598.158915,3589.208289,3515.085362,3465.753477,3471.950215,3508.410357,3518.974578,3525.117709,3578.394897,3684.235183,3781.344370,3869.046392,3958.027925,3993.873611,4000.133113,4011.518401,3940.513531,3840.911090,3771.355304,3751.121060,3731.745653,3654.601490,3605.631657,3585.203762,3588.006230,3603.373899,3632.802225,3666.510981,3755.286326,3835.271639,3913.717952,3955.351383,3981.762228,3891.804472,3771.673404,3719.049529,3662.166923,3614.387691,3618.954566,3665.606189,3758.886381,3820.111810,3729.601676,3668.391595,3724.600957,3792.605404,3742.525299,3637.798747,3559.725424,3544.505398,3513.061835,3412.319324,3349.312583,3308.162674,3275.379930,3266.433142,3234.151567,3277.142264,3323.720064,3223.180880,3160.199733,3117.482919,3148.921020,3210.827522,3276.807726,3338.161270,3412.219685,3434.898510,3423.122267,3466.195009,3498.982706,3488.093446,3433.551160,3351.440018,3275.690665,3226.301485,3165.815114,3114.076892,3048.540093,2984.240397,2883.069944,2747.452305,2617.225740,2524.921065,2459.348109,2390.993126,2332.906260,2188.773488,2133.422178,2120.338466,2115.072046,2131.406210,2196.662467,2289.543410,2382.075598,2482.491766,2569.077092,2660.700336,2734.027008,2813.729481,2911.124500,2991.930839,2998.767584,2951.882376,2893.549988,2860.383067,2790.703092,2698.134193,2578.017088,2464.471271,2335.941758,2249.665086,2249.375139,2266.608603,2246.733721,2208.310411,2155.158162,2091.604585,2093.125928,2097.136751,2056.152656,1980.046733,1921.018309,1862.929665,1808.573234,1767.241759,1717.122354,1692.169155,1671.614001,1649.816492,1635.854293,1619.160576,1606.782308,1601.653533,1594.145251,1586.112095,1577.903331,1575.372462,1573.812674,1569.032981,1565.160514
2413.096331,2412.746300,2407.301070,2397.613853,2391.653872,2380.446248,2368.077035,2347.147735,2331.269135,2328.717408,2323.282020,2319.682969,2322.322116,2321.337432,2321.244745,2321.000000,2321.000000,2321.010956,2328.271654,2372.065147,2398.025678,2428.779651,2469.875758,2507.384886,2546.133595,2581.740104,2624.829385,2656.713871,2681.458993,2700.404939,2724.488459,2743.872506,2758.452655,2762.169751,2746.002007,2720.846689,2711.183716,2716.269249,2751.758480,2774.563516,2772.154148,2767.451844,2761.619260,2772.986216,2782.935492,2789.128571,2802.315819,2813.250007,2782.681858,2731.564893,2707.677779,2696.776197,2694.098725,2680.591014,2667.858710,2666.162139,2664.127516,2678.933792,2707.390366,2726.459647,2748.457924,2713.535991,2692.731482,2687.581276,2690.159990,2697.172257,2710.184473,2726.908371,2745.249010,2765.899607,2772.038536,2790.331123,2837.095945,2885.089044,2945.082791,3001.117412,3070.052876,3131.124333,3158.635304,3191.088152,3236.365023,3280.536234,3329.508929,3363.384562,3363.751402,3330.662354,3317.528460,3332.986420,3351.429466,3370.554044,3393.501609,3414.354270,3462.858654,3530.561232,3600.633307,3627.918231,3613.014780,3566.560039,3519.391376,3524.795791,3539.767347,3614.757038,3711.041473,3709.948132,3664.459185,3659.035600,3634.815648,3631.086825,3640.275483,3586.076210,3550.079657,3519.970432,3531.691117,3568.981490,3565.360558,3554.764264,3595.355200,3654.189680,3728.703978,3817.038501,3914.970703,3909.779682,3901.313462,3892.066156,3857.590183,3792.540518,3736.814628,3723.344484,3669.033812,3578.634793,3554.982088,3558.540385,3563.879958,3577.911461,3601.371109,3639.303955,3719.767757,3788.829975,3822.464037,3875.360633,3954.737393,3939.924531,3828.205325,3780.255630,3728.309193,3667.061280,3644.225774,3684.784800,3782.528633,3861.455073,3807.525932,3721.810687,3736.102188,3753.845492,3720.447758,3642.862867,3518.383238,3463.273153,3448.950622,3412.519644,3363.891692,3310.535556,3271.546969,3229.795342,3175.778362,3171.829211,3225.196470,3185.641710,3124.861816,3103.654346,3140.780385,3184.722020,3229.288069,3272.920040,3310.039340,3306.171366,3318.126565,3367.800726,3394.012706,3409.617370,3430.602687,3377.090009,3301.448107,3237.738635,3178.202023,3159.325316,3080.129724,3003.061136,2909.486639,2811.304064,2689.264073,2593.844494,2499.894261,2378.072560,2240.746318,2172.649312,2144.704861,2130.059884,2128.375320,2169.761318,2242.087038,2339.687776,2439.466083,2524.016335,2628.019729,2721.833337,2809.438248,2884.416141,2960.247468,3049.235930,3048.373862,2996.757724,2943.534512,2922.873570,2827.843858,2714.429275,2598.145910,2494.681404,2391.577716,2318.377646,2292.816006,2335.953327,2361.552916,2319.526175,2226.780803,2157.384268,2155.055645,2131.769851,2091.396783,2028.179876,1956.484818,1903.963627,1883.249053,1839.466379,1783.530472,1740.714218,1713.319663,1688.632952,1663.257450,1638.115993,1625.859492,1618.193231,1608.997696,1601.369915,1595.937458,1591.660327,1590.561568,1584.450810,1578.854120
2399.194122,2401.444397,2400.742719,2398.371990,2393.358011,2386.762403,2378.923677,2365.723639,2348.369322,2330.627040,2322.272763,2315.325601,2307.056344,2302.223482,2308.103203,2315.244487,2320.564543,2329.193498,2353.617472,2383.997064,2402.770428,2435.596873,2473.213377,2507.587528,2531.478405,2554.576609,2591.919794,2627.986085,2665.160359,2703.410164,2731.188094,2758.377974,2779.220438,2804.969400,2797.091238,2758.751383,2731.441059,2722.828079,2749.205803,2766.771306,2764.344333,2762.539062,2753.034610,2764.545964,2773.979365,2772.964172,2764.551407,2751.774808,2707.155013,2663.723484,2641.510885,2643.550420,2643.337462,2645.362601,2643.817541,2631.777710,2666.275191,2698.686591,2706.663531,2712.534455,2717.663225,2672.913946,2667.166212,2674.561873,2678.031084,2685.730797,2691.006501,2702.069684,2716.421137,2733.943285,2738.236904,2758.648629,2788.351417,2824.661738,2876.080775,2943.912654,3029.673810,3104.019707,3147.210777,3178.516293,3212.854595,3237.072248,3251.705250,3286.328347,3292.816412,3295.603095,3306.710541,3321.005788,3342.004917,3367.168983,3400.702470,3437.531564,3512.404551,3569.961135,3544.199075,3527.548233,3523.444692,3487.747836,3480.516000,3494.200361,3544.064279,3615.200832,3697.921087,3763.832811,3729.910276,3703.187500,3706.656892,3711.498734,3642.114607,3594.425775,3591.517242,3596.341301,3595.376419,3614.045522,3595.111714,3569.244435,3571.409486,3607.831250,3684.073314,3776.704705,3884.175628,3900.063353,3856.558489,3837.175943,3804.011306,3747.547927,3690.121305,3663.744221,3574.693856,3527.641602,3520.507225,3526.196222,3525.971370,3533.854101,3574.130840,3634.914459,3697.629542,3738.154617,3776.834070,3829.702967,3918.440482,3976.360204,3906.158882,3828.478337,3757.561135,3716.099852,3700.714367,3735.001612,3802.521643,3765.315858,3682.255643,3612.473258,3604.681822,3631.945934,3666.183490,3654.017942,3561.533392,3473.729899,3409.014038,3336.656432,3283.937889,3249.435405,3239.256584,3191.326238,3124.733077,3104.789440,3126.990057,3126.780367,3066.303875,3061.223009,3108.356794,3141.417837,3168.977919,3176.041573,3192.920772,3181.210316,3205.598243,3276.711394,3303.502873,3302.585329,3337.631232,3320.881623,3228.834165,3140.036467,3070.257183,3066.665627,2997.482419,2928.654949,2858.893611,2791.143238,2688.757561,2590.826752,2481.779379,2356.498282,2215.578058,2165.268660,2146.322258,2142.669471,2155.171890,2214.843107,2298.585530,2385.178620,2482.135736,2583.089062,2691.532009,2793.739172,2873.175405,2964.149333,3055.084945,3113.785516,3100.288482,3054.494538,3001.015001,2940.277652,2844.771107,2770.221386,2657.720495,2553.823844,2480.724296,2396.575539,2348.831289,2384.121344,2443.124741,2360.092004,2258.718659,2217.378607,2209.289666,2167.877077,2104.482796,2047.291241,2005.061086,1965.481129,1938.370585,1889.670925,1843.308236,1792.943118,1754.937441,1718.013746,1682.491060,1657.108894,1644.817800,1637.071281,1626.039274,1618.781430,1613.103532,1609.248925,1606.789014,1598.266417,1590.843336
2369.020620,2368.776896,2366.600695,2367.062418,2367.814266,2365.166474,2361.141642,2357.787639,2349.870186,2331.884442,2321.213911,2311.595761,2304.235295,2295.016099,2293.288358,2307.329316,2316.132542,2334.440789,2359.955563,2390.119579,2413.324955,2441.606868,2474.719337,2496.873136,2513.542279,2535.453197,2567.097766,2601.340539,2630.303005,2670.968304,2703.379424,2750.552599,2805.990783,2836.130905,2823.002864,2785.995019,2749.722262,2735.596824,2747.185853,2752.987730,2751.241582,2748.186793,2741.852524,2752.557451,2743.439106,2722.051747,2700.928851,2683.491646,2656.911735,2601.350121,2573.720986,2577.313093,2589.005583,2616.200224,2602.114137,2589.626990,2658.690624,2670.555974,2675.068362,2683.482249,2663.410687,2668.531545,2701.629856,2728.570997,2718.713612,2702.013417,2693.118659,2695.033280,2705.317638,2714.854574,2720.106407,2734.565643,2759.764967,2785.523001,2819.056830,2877.949250,2962.902101,3050.862619,3113.247066,3140.220821,3159.495867,3182.994269,3223.666827,3258.223054,3279.271802,3291.765824,3301.863274,3308.119494,3345.207278,3407.595885,3459.804493,3526.574059,3566.530557,3526.610537,3462.310653,3455.087229,3447.086012,3445.644918,3474.228489,3527.059543,3562.481768,3580.268241,3618.924282,3688.512675,3755.308172,3800.051643,3833.000987,3755.352914,3634.184123,3620.908418,3643.524140,3672.474102,3665.358228,3683.234950,3626.523458,3583.535914,3579.598260,3623.754931,3700.597610,3804.837686,3853.333126,3863.823797,3857.381768,3812.826256,3771.832671,3701.116349,3646.603791,3594.383870,3534.620069,3503.510335,3496.594545,3495.414643,3495.767045,3502.612562,3540.580589,3619.828453,3688.009226,3746.118193,3800.096483,3866.716260,3914.064732,3955.958686,3937.022232,3846.174751,3805.035149,3779.942007,3761.408955,3754.625844,3720.226169,3660.013057,3594.230560,3551.610431,3537.447558,3543.360512,3562.497496,3578.524867,3517.269810,3440.080040,3389.156879,3347.138888,3306.957641,3291.096210,3271.119130,3202.908499,3156.747008,3123.233903,3093.654300,3066.869191,3008.583712,2998.773696,3024.264552,3057.141592,3075.762491,3065.341203,3063.847739,3059.619519,3112.100891,3206.466322,3195.540069,3198.708495,3244.658856,3260.635696,3172.206656,3068.074096,2983.965007,2925.815627,2881.273137,2828.037848,2765.774653,2697.961616,2630.322392,2540.139522,2418.217305,2287.080659,2186.352375,2170.503224,2150.574751,2172.640634,2206.625519,2263.930924,2348.043071,2456.613144,2549.132717,2643.366097,2746.766305,2833.195482,2931.526113,3026.262362,3122.485340,3179.022122,3151.273860,3105.399301,3064.424385,2983.322569,2903.414396,2805.699453,2717.225938,2651.433639,2552.456023,2465.391703,2406.260282,2436.413694,2479.307291,2384.350196,2308.892758,2284.674553,2243.389024,2192.224143,2146.034807,2097.102679,2059.422116,2047.411813,1995.128148,1919.281414,1866.844097,1826.613514,1783.710956,1735.727917,1700.522033,1680.253256,1663.841319,1653.982464,1643.745857,1635.364845,1632.124061,1628.590845,1621.804735,1609.412475,1601.674660
2326.089121,2332.746631,2334.443233,2335.472324,2332.833618,2332.295357,2335.331651,2340.921443,2340.008218,2327.673820,2315.432759,2311.160753,2303.387557,2301.317261,2295.652749,2307.324028,2322.671877,2345.230970,2370.598025,2403.122078,2435.348199,2457.906417,2476.559606,2491.644053,2501.357392,2519.179819,2553.084474,2591.186925,2612.861723,2641.030500,2682.581479,2737.973775,2804.879420,2827.365435,2812.423873,2781.125373,2751.321087,2731.975136,2736.774295,2738.846670,2737.795550,2729.649734,2717.074604,2710.293474,2700.042093,2671.721037,2644.816871,2623.078352,2597.371565,2546.930927,2539.099232,2541.081541,2552.112562,2563.766455,2546.114380,2548.060791,2588.376971,2633.086229,2657.937456,2640.693212,2657.778545,2707.932392,2738.770493,2774.446314,2775.897243,2743.885787,2715.110190,2701.717981,2702.241419,2706.125334,2710.649373,2723.543400,2733.585203,2748.446285,2777.395762,2827.444873,2903.145680,2998.818290,3068.533639,3100.405388,3114.792490,3160.053996,3222.227473,3248.084043,3261.040723,3280.079092,3300.821022,3316.769165,3356.644846,3428.268004,3522.891349,3569.040334,3504.879248,3450.821197,3404.950054,3400.594975,3430.446940,3473.709872,3518.567178,3529.997650,3523.373934,3525.392684,3550.963347,3592.096938,3661.305210,3716.656533,3767.199777,3776.337482,3719.139966,3680.188623,3706.238297,3756.749733,3776.803573,3770.360467,3669.278083,3620.036402,3630.520489,3685.818221,3770.363053,3812.260103,3765.614824,3760.941221,3803.787580,3782.939615,3713.704357,3643.073847,3603.391614,3557.738540,3519.582977,3495.657371,3483.557370,3477.386423,3466.642597,3475.046592,3504.693523,3573.547222,3656.414698,3732.948453,3829.965468,3890.225519,3918.190010,3946.783797,3973.206403,3977.864197,3940.811901,3862.362822,3790.194703,3706.447643,3654.133553,3611.006474,3568.804920,3552.574815,3530.979631,3531.523626,3534.232689,3521.374070,3494.623472,3427.599025,3399.541774,3403.260494,3352.290483,3317.686897,3275.449203,3226.353092,3189.004049,3145.946743,3082.067340,3051.639247,3019.017827,2986.849647,2965.368621,2973.410771,2984.427220,2961.886571,2944.789757,2976.468783,3033.100909,3098.992775,3087.265415,3086.136958,3148.455885,3193.506181,3140.229550,3040.667572,2938.436871,2848.647147,2783.139941,2766.629152,2696.661550,2601.038737,2525.789709,2466.941245,2364.420373,2224.302838,2176.381198,2165.846127,2161.515386,2200.016727,2254.219555,2327.594403,2438.421005,2570.018084,2662.185727,2752.533184,2837.676693,2888.141407,2960.399958,3057.045666,3168.782227,3235.855559,3204.308773,3161.183687,3118.205097,3028.124607,2934.052632,2857.111895,2797.178920,2678.799716,2589.327990,2500.842319,2475.562938,2494.255192,2519.180922,2446.060363,2383.663680,2350.713671,2288.701227,2237.536943,2201.342598,2152.263633,2108.742399,2071.970915,2008.266513,1946.783365,1895.392326,1846.089663,1793.092063,1747.967486,1718.778775,1698.981210,1684.397343,1672.394608,1660.760893,1653.823859,1648.467443,1644.566986,1631.472693,1621.853286,1616.004289
2299.153735,2298.962712,2302.798364,2304.613223,2303.067859,2313.473893,2322.640304,2326.311237,2328.792139,2317.185285,2305.574809,2301.593531,2299.887351,2294.792854,2291.907301,2311.238333,2334.405591,2365.980452,2396.960537,2435.489615,2473.550969,2492.375244,2494.245891,2497.163099,2503.271752,2514.767070,2535.324404,2581.781637,2611.122528,2633.693746,2682.738072,2753.220334,2804.700784,2798.622598,2777.810670,2752.406782,2728.944866,2710.218845,2711.197577,2714.303783,2712.484404,2701.219862,2682.183331,2677.444604,2666.112403,2624.359625,2591.728896,2552.520189,2533.370721,2526.487783,2522.962418,2530.756116,2531.539880,2532.079382,2545.926631,2552.574622,2567.052437,2601.760640,2616.683872,2618.945848,2653.244331,2698.394213,2743.662345,2795.888219,2834.196104,2800.568095,2746.386982,2722.559748,2715.326656,2713.367918,2718.536776,2722.879849,2729.160576,2739.565202,2757.315044,2792.658081,2854.252948,2945.114849,3014.341953,3074.888759,3112.271997,3161.979061,3197.900001,3215.605446,3220.972707,3263.522560,3297.373070,3328.231236,3360.669941,3439.150408,3529.687174,3499.110694,3436.006077,3404.025182,3372.083514,3400.266614,3442.107719,3478.742491,3495.153287,3486.273938,3483.179018,3483.855629,3494.124299,3525.500864,3573.985883,3613.986576,3647.775821,3679.947768,3731.303406,3768.902495,3793.593254,3805.961024,3771.030279,3780.168738,3741.240365,3690.275139,3706.398135,3767.717700,3824.598219,3756.898744,3702.723462,3696.743826,3713.817434,3689.659841,3632.606690,3594.528067,3567.104331,3530.734906,3505.985619,3485.161053,3470.789312,3458.868652,3449.086642,3451.926915,3470.414731,3513.731206,3590.631610,3687.456019,3791.094883,3912.594302,3944.653974,3968.223686,4011.445845,4087.152638,4031.658073,3909.682264,3813.277812,3729.350568,3657.310926,3622.199077,3600.745932,3570.836293,3529.067668,3526.098118,3525.725379,3491.281135,3456.562462,3425.361983,3422.350354,3421.884854,3404.371243,3341.297880,3291.960637,3282.688750,3246.634215,3182.864893,3112.896821,3061.642324,3050.803850,3027.039240,2989.488838,2955.200290,2939.012393,2910.642619,2887.204838,2884.308511,2927.806195,3025.862378,2993.911376,2978.818851,3039.778801,3099.441350,3109.636073,3027.657621,2910.412853,2813.584902,2713.400141,2646.476583,2613.926609,2539.936524,2435.813381,2362.610644,2273.257451,2205.115243,2179.837388,2159.842141,2168.517871,2221.915823,2296.016297,2372.833870,2486.533204,2621.669762,2743.412526,2844.201190,2932.081089,3005.185660,3053.064722,3099.975153,3188.873849,3283.158750,3278.021675,3224.969550,3155.979436,3063.162366,2991.421113,2925.883991,2809.250291,2687.035086,2638.779624,2578.347078,2544.710477,2542.817521,2574.813048,2510.778107,2467.243664,2406.318055,2348.778299,2308.248126,2250.103420,2194.271201,2139.327721,2079.382578,2025.454767,1973.322566,1916.536565,1854.901613,1801.076487,1767.200917,1741.122115,1719.994470,1702.153931,1690.483863,1679.131014,1671.146836,1663.566648,1657.909465,1645.233324,1636.852449,1629.178521
2276.381394,2279.962991,2275.893960,2276.112090,2280.458378,2296.143917,2308.991029,2310.988583,2306.200191,2294.897469,2291.456892,2288.268986,2285.094211,2283.346658,2297.084577,2318.660730,2353.131386,2389.933541,2430.009103,2467.219250,2497.646699,2517.485543,2521.947010,2512.154443,2509.545623,2516.739031,2530.053729,2554.955724,2594.581266,2645.692692,2708.788180,2770.543337,2789.984574,2764.156254,2740.295490,2710.394746,2684.916971,2669.848274,2656.307052,2651.464269,2659.061064,2659.746759,2654.486321,2655.980586,2631.616971,2580.504252,2534.059212,2510.848090,2521.935689,2509.193712,2505.125073,2515.456521,2520.321888,2546.928970,2576.184661,2583.949531,2597.131333,2611.306935,2625.597676,2650.101979,2684.874068,2733.867648,2791.308307,2853.094198,2889.844584,2856.537701,2798.635915,2754.836936,2733.656592,2727.264876,2736.105284,2737.168144,2735.201494,2749.600446,2755.318856,2780.968240,2829.477248,2898.010930,2986.478428,3075.939026,3146.046008,3179.526868,3185.891114,3199.638706,3225.293513,3299.451077,3317.809726,3328.601256,3391.597681,3467.956297,3455.298768,3425.145612,3392.324534,3344.545925,3366.368313,3409.732633,3439.599325,3468.667523,3484.807432,3520.127420,3511.681850,3489.477617,3492.464186,3495.833107,3519.334249,3546.249332,3567.785096,3608.102559,3658.464582,3727.018473,3830.276109,3777.907961,3696.429796,3701.303779,3753.514109,3780.409764,3805.491808,3834.011636,3784.953017,3693.145120,3648.858397,3633.140482,3648.159353,3618.369887,3581.706129,3556.684537,3527.508625,3505.832065,3486.688012,3470.038128,3453.091674,3439.493411,3429.352932,3430.685776,3440.982049,3469.543837,3542.999119,3659.345870,3755.113527,3875.504647,3970.287112,4023.193635,4073.993394,4040.379187,4010.160440,3972.380106,3880.149507,3758.666555,3692.880806,3692.124643,3670.109592,3609.665338,3553.298167,3533.399903,3525.703100,3474.305908,3438.897090,3419.044714,3438.807720,3506.509868,3497.908705,3389.760319,3320.639698,3302.628734,3245.390085,3203.886384,3160.611662,3099.548741,3086.520506,3084.794585,3074.160746,3036.244856,2968.369521,2911.950138,2864.859998,2836.459910,2837.003278,2886.356194,2886.396767,2868.677473,2935.298656,3007.278993,3031.906411,2969.164781,2873.004002,2771.009125,2663.597633,2568.134256,2515.256886,2453.432269,2341.929707,2271.429917,2227.486672,2203.891027,2171.385476,2169.753887,2193.112059,2262.683649,2360.741717,2454.028831,2507.512014,2607.761003,2782.848873,2877.814826,2985.504021,3091.071919,3155.480497,3158.677119,3235.403024,3332.227136,3322.054206,3253.396907,3156.067600,3077.495264,3001.794231,2907.475280,2819.141123,2736.930472,2706.362149,2656.314936,2632.634684,2605.125587,2636.318996,2600.469433,2548.528498,2474.271476,2414.127730,2344.053881,2278.823555,2210.784771,2149.942318,2089.272305,2030.284527,1972.130988,1915.300173,1861.292492,1819.073901,1785.807762,1757.705838,1734.669236,1717.399966,1708.909071,1698.601357,1689.106428,1680.436046,1671.474212,1661.314514,1651.085153,1641.130604
2260.755072,2262.547483,2257.628882,2255.202008,2264.952705,2275.877532,2290.770396,2295.968047,2285.585536,2272.162614,2271.898721,2269.914976,2277.637976,2297.127849,2306.414365,2321.956230,2355.540293,2395.488179,2435.790623,2465.823728,2487.369316,2509.770754,2531.490372,2533.631247,2531.149375,2534.627958,2534.651006,2540.208668,2571.723141,2645.834301,2729.426896,2764.596015,2752.281527,2723.210529,2696.561087,2657.228262,2640.367321,2629.976338,2612.410868,2595.749900,2601.424001,2630.848196,2626.310551,2612.585981,2585.214598,2543.504662,2494.499957,2484.733752,2492.155479,2495.753434,2508.575723,2517.052746,2542.544282,2571.725376,2600.331633,2628.695699,2660.396802,2691.759225,2715.233693,2732.087672,2757.972176,2805.876763,2866.195939,2912.177261,2935.551854,2913.560297,2859.151769,2807.291375,2769.992225,2748.669921,2746.704268,2757.493463,2764.327099,2765.891811,2771.322157,2776.013998,2810.243470,2872.801028,2962.510229,3067.193413,3164.828178,3266.557526,3274.441310,3250.141656,3275.660279,3346.272095,3400.699923,3434.832188,3450.208987,3410.028789,3367.861918,3354.351735,3352.012704,3315.850161,3362.435957,3404.666297,3458.760129,3514.645474,3586.706377,3647.395234,3624.119890,3570.277918,3554.371160,3539.420453,3531.991254,3543.153370,3569.131481,3616.099057,3671.654259,3738.743765,3820.837886,3753.012228,3670.500761,3642.974692,3669.283903,3724.698594,3775.228360,3753.132573,3686.450362,3627.443478,3589.566073,3584.460240,3612.739688,3580.226530,3553.566579,3534.453379,3507.766181,3488.688458,3467.640868,3449.893158,3432.762811,3420.563419,3413.921369,3414.810836,3425.067093,3451.876758,3524.712616,3628.588761,3738.577821,3801.144793,3871.906609,3954.682447,4028.074749,3926.230652,3839.397107,3798.581581,3789.990185,3749.057303,3737.573553,3765.530036,3792.899096,3746.462458,3649.109005,3588.955207,3561.710033,3504.443254,3465.833114,3459.822752,3502.372844,3539.506264,3475.383904,3353.727916,3305.268318,3296.901013,3255.144142,3228.442866,3194.190596,3174.617855,3138.530902,3139.968758,3152.406423,3111.116859,3041.109870,2985.040070,2908.779507,2837.435650,2768.854823,2762.761095,2777.766690,2759.057108,2824.141395,2900.179568,2913.073830,2885.262028,2793.675658,2696.765769,2595.953959,2487.122033,2420.372061,2320.725466,2261.485455,2237.536560,2206.915363,2184.824756,2190.462521,2206.525435,2258.492657,2341.626710,2467.002863,2566.981900,2636.605133,2667.070602,2802.159863,2923.958383,3025.075375,3106.732345,3205.364490,3255.564571,3311.920417,3361.947924,3311.059418,3216.229529,3129.577048,3034.053203,2972.030333,2902.134706,2844.188940,2827.545649,2772.680808,2749.648826,2705.306840,2674.709601,2709.790635,2694.600169,2616.401123,2538.458566,2453.332055,2374.858064,2285.515722,2210.447813,2153.981636,2102.991607,2048.633894,1988.545470,1924.651768,1869.082451,1823.334000,1788.072758,1764.365770,1747.674914,1734.197951,1726.824895,1718.189368,1710.832002,1701.092136,1686.335084,1674.773239,1663.842998,1653.967326
2243.034401,2246.181647,2239.095180,2236.440724,2245.991977,2264.936603,2269.668438,2267.910212,2266.440772,2264.512671,2286.315053,2273.004671,2275.298936,2287.575361,2299.778983,2312.635162,2344.313420,2385.473942,2418.334161,2437.734735,2450.881398,2483.990353,2520.396683,2547.790008,2571.286588,2568.446761,2551.468033,2547.375695,2571.995782,2651.340031,2718.656334,2724.832921,2708.699674,2677.534688,2648.448952,2615.202794,2594.169383,2593.052311,2575.578790,2551.725726,2559.342722,2570.331407,2553.308692,2519.399665,2511.295047,2489.908889,2476.327437,2483.286712,2497.284118,2506.756902,2519.142974,2548.687984,2575.849199,2601.259941,2635.879929,2675.076666,2704.668391,2737.943150,2781.638558,2811.965655,2832.446355,2883.955872,2935.450165,2973.344641,2990.896264,2964.490829,2908.469098,2857.079721,2817.715054,2786.496645,2776.975456,2794.519396,2794.952444,2797.856351,2805.672932,2774.955364,2799.413386,2852.832026,2931.839718,3026.107276,3126.928221,3231.054866,3316.331884,3329.217556,3332.382001,3397.496910,3454.582608,3441.179428,3406.912525,3323.255607,3286.194973,3284.602548,3299.305956,3309.922007,3365.799113,3432.303623,3512.805459,3601.465126,3701.828853,3780.139537,3783.884558,3719.551521,3680.607024,3643.901095,3617.839680,3600.603001,3623.868602,3677.189057,3751.217874,3832.581670,3873.847860,3747.038792,3658.653234,3607.580822,3616.543714,3645.497638,3660.852519,3637.865311,3604.989960,3573.927166,3540.202611,3545.298142,3576.155975,3559.956666,3530.281089,3517.610770,3494.661390,3470.202040,3444.488076,3424.320374,3415.529988,3410.931338,3414.334644,3419.009417,3434.198141,3472.561592,3532.424132,3619.954792,3701.887502,3725.122671,3763.816052,3861.255142,3982.962292,3926.953096,3820.529579,3774.375011,3731.871163,3686.913698,3663.633307,3670.455097,3700.539589,3758.452657,3775.167125,3707.361934,3608.780607,3551.521682,3541.920635,3569.276325,3600.401954,3560.443237,3471.172872,3362.617683,3296.077594,3290.844176,3277.538183,3232.494946,3193.570996,3185.062129,3183.307027,3207.579367,3235.108894,3209.314598,3155.835090,3077.236207,2974.141981,2881.438534,2781.744337,2706.195553,2661.260275,2660.615400,2718.651244,2800.388983,2800.653243,2773.002025,2688.568625,2588.740825,2506.059747,2402.335261,2323.231140,2262.486325,2252.280937,2227.006018,2196.257974,2189.834147,2216.868066,2271.073909,2354.204279,2453.759211,2588.886078,2677.019007,2756.206512,2812.301537,2827.724586,2895.956124,3042.542731,3161.750103,3244.415732,3326.026946,3392.508927,3380.371432,3294.593228,3194.341241,3110.325294,3059.127867,3033.643294,2968.053663,2930.219758,2891.618038,2829.324937,2816.313485,2747.624998,2746.166303,2785.022413,2755.851842,2671.776876,2580.516397,2486.126312,2386.464622,2305.807743,2251.905244,2197.217348,2144.078339,2076.842221,2006.951366,1947.285530,1891.072620,1836.196850,1799.468513,1781.247859,1768.287945,1755.348167,1749.470833,1738.869738,1729.254539,1714.018706,1700.269235,1686.652177,1676.780944,1665.432295
2227.782453,2225.661930,2209.321800,2203.409454,2220.387796,2243.162984,2240.551344,2249.579706,2251.762870,2266.648300,2292.824983,2288.809800,2291.941711,2293.574787,2300.272782,2313.073649,2338.545478,2378.556956,2409.036900,2432.765931,2448.140926,2474.057452,2515.158074,2567.541168,2610.997199,2596.970591,2579.722852,2581.256908,2603.028977,2643.803071,2673.756782,2664.888560,2634.747518,2616.128506,2587.840779,2549.996368,2531.748545,2546.544937,2527.489106,2496.521673,2487.996707,2482.312462,2461.783844,2447.365073,2456.739920,2475.177730,2496.093175,2501.252234,2514.015322,2528.036586,2544.171272,2580.258761,2623.675038,2661.466187,2696.106256,2729.211787,2757.233174,2796.781564,2848.855701,2876.267934,2898.024029,2946.694634,2992.465697,3028.476952,3037.656031,3012.263605,2950.436568,2907.965019,2869.303619,2842.334689,2822.660351,2830.389992,2834.458899,2821.757851,2815.998049,2776.664284,2786.359618,2829.282312,2904.321547,2992.412005,3090.381896,3189.182313,3290.272431,3358.698813,3419.911495,3451.842685,3432.935724,3381.462054,3333.061320,3287.385039,3245.285178,3257.997295,3288.833135,3329.897477,3412.641087,3500.051045,3570.904435,3654.102734,3720.587570,3761.430039,3783.793791,3804.430681,3793.130505,3769.076919,3748.664759,3728.582674,3740.907922,3803.303744,3877.957934,3934.858704,3910.988289,3758.629291,3658.789748,3600.394596,3593.026114,3579.485762,3560.802085,3546.221942,3537.141355,3525.937451,3500.988451,3512.027260,3553.348655,3540.036898,3508.960977,3490.038774,3467.543412,3440.198642,3419.790452,3410.129369,3412.362555,3419.004666,3424.995871,3434.988351,3460.142885,3503.969718,3564.479920,3628.881156,3664.642340,3664.547730,3705.896902,3776.607725,3893.553971,3960.233981,3848.051761,3781.792544,3736.939920,3676.360076,3646.692538,3621.466426,3622.526176,3638.027490,3678.871479,3711.328531,3693.527677,3654.083617,3661.739254,3696.595026,3719.856690,3645.855035,3516.134692,3408.941352,3362.384951,3346.030290,3300.747760,3224.269522,3190.329745,3190.295039,3229.806493,3293.384265,3334.727230,3301.849755,3214.005692,3124.673875,3047.928807,2963.087210,2882.466886,2788.989118,2688.668146,2592.678297,2621.230084,2677.123520,2673.344439,2637.776209,2558.515388,2477.254663,2406.113483,2325.880717,2269.096941,2249.363962,2231.481732,2211.564498,2207.264252,2235.271440,2292.360870,2379.067244,2415.397557,2504.860988,2645.813942,2762.247040,2844.791417,2918.553664,2941.828302,2948.189283,3036.718146,3145.618270,3261.414400,3379.683918,3458.404692,3394.941973,3311.465090,3246.321452,3189.489019,3152.905985,3112.857021,3054.199732,2975.584471,2901.797093,2901.929446,2858.621947,2805.457787,2833.216854,2856.021911,2802.273970,2698.680139,2590.204757,2497.645772,2442.690064,2393.960090,2320.701704,2232.906534,2166.198675,2098.262116,2037.873292,1978.844411,1918.361726,1857.628423,1821.172464,1804.540839,1792.929706,1778.874694,1771.883690,1759.553707,1744.268939,1726.998574,1715.306187,1702.903614,1689.004352,1678.482732
2216.553337,2202.201603,2184.370047,2211.842612,2226.504946,2233.459945,2252.839190,2264.089262,2263.850934,2270.905815,2292.073306,2291.705811,2298.604794,2307.623831,2313.015795,2335.052032,2359.073354,2384.791643,2412.550584,2434.458149,2452.535445,2479.640434,2527.678554,2593.816625,2641.142144,2624.317542,2619.327225,2661.111058,2663.118082,2652.271405,2625.185009,2583.926617,2555.982096,2537.607918,2498.803399,2453.406899,2445.768233,2464.241704,2468.986440,2453.386693,2432.651194,2424.520342,2438.033793,2450.499643,2482.175135,2523.378144,2541.140742,2542.286310,2548.506445,2570.079390,2591.018363,2618.707263,2658.757676,2713.854865,2769.692151,2804.071663,2812.930997,2853.108488,2889.604044,2905.284700,2939.065152,2975.506234,3013.233741,3050.353175,3066.599724,3048.244941,3009.211232,2964.403788,2917.910864,2886.147571,2863.518789,2875.834278,2865.708877,2831.089391,2827.428252,2785.934004,2784.517586,2807.483080,2864.604377,2954.157680,3049.652562,3137.579112,3232.005643,3324.537085,3412.595134,3424.945557,3388.719119,3316.928816,3280.359761,3260.552705,3245.309581,3269.392200,3311.658515,3368.003274,3451.986899,3517.127161,3579.178877,3632.135821,3647.185455,3659.591869,3688.556258,3745.880643,3773.630950,3781.922728,3797.027402,3835.756323,3884.326735,3944.846203,4005.913120,3999.635542,3930.882251,3827.184151,3684.891654,3603.623961,3566.622289,3517.059035,3475.979537,3457.247820,3463.781109,3461.366576,3462.890292,3486.244927,3522.959052,3503.267178,3476.232639,3455.044984,3434.246061,3414.842211,3425.157646,3422.165368,3438.312696,3445.995686,3448.006507,3480.576221,3523.770733,3573.502595,3627.413169,3671.118147,3677.619249,3665.838930,3695.061815,3756.728283,3836.966017,3949.671402,3896.457037,3809.088796,3739.659945,3687.766957,3654.095075,3606.121062,3577.265977,3573.283288,3595.086785,3604.171649,3675.765591,3764.694404,3772.822525,3786.685289,3746.957877,3679.456367,3580.323368,3472.454943,3404.743026,3370.432128,3294.928509,3213.176173,3195.997640,3215.500631,3291.793733,3375.502277,3430.103711,3369.353530,3279.869205,3202.091123,3168.202826,3141.226102,3026.899027,2947.069971,2775.330301,2617.706041,2536.786792,2550.268736,2547.696677,2521.205934,2461.291510,2391.665256,2332.842871,2286.311800,2254.216245,2239.598327,2230.339063,2224.431650,2256.813052,2339.590477,2434.271600,2495.162823,2488.153165,2562.483651,2635.893225,2761.167276,2876.081945,2976.110057,3048.965809,3056.173531,3096.515582,3177.366967,3269.129373,3383.644458,3473.248926,3450.653762,3387.427283,3320.250108,3269.359076,3240.248406,3173.806812,3080.833802,2990.936692,2934.338505,2929.558260,2895.315688,2880.752894,2920.712003,2885.895491,2793.773835,2693.706995,2604.389221,2563.015137,2522.251024,2451.277528,2377.279289,2276.122987,2202.593517,2140.950231,2073.936905,2000.646784,1924.414680,1866.956909,1848.543841,1833.660117,1818.485073,1804.509426,1793.746774,1778.911509,1760.222514,1745.454798,1730.260039,1713.606015,1701.157485,1689.820044
2192.561356,2172.286442,2191.912529,2214.764385,2234.838246,2242.875218,2254.836734,2266.567697,2271.122693,2277.839876,2295.864064,2291.158808,2297.841093,2319.690949,2339.780215,2370.431502,2387.631752,2404.265906,2424.515990,2445.080276,2475.338884,2509.718396,2553.582231,2616.340137,2660.145465,2660.215124,2672.321409,2669.550495,2667.590509,2652.540808,2593.589639,2544.129961,2506.210404,2467.948931,2428.691180,2393.438932,2387.121466,2398.118037,2411.897666,2406.120991,2401.594832,2413.831610,2455.069862,2506.556035,2573.815058,2605.659282,2600.590235,2598.545059,2605.385456,2629.115727,2648.637188,2674.748285,2713.052362,2769.432981,2841.665714,2882.260938,2882.076463,2887.073645,2898.229646,2912.288206,2950.105101,2987.210323,3007.316127,3033.190663,3068.834924,3071.746930,3036.834995,2985.066178,2945.733242,2913.331365,2896.602806,2899.078730,2876.603984,2842.678555,2847.903427,2805.760842,2783.859185,2799.300252,2847.092056,2924.875620,3015.993436,3107.566711,3202.702529,3310.859203,3381.316614,3364.962916,3316.892018,3261.548122,3218.340146,3220.188305,3228.141088,3249.078776,3273.121196,3321.093430,3368.768011,3430.453025,3505.591400,3549.536032,3558.499901,3574.312184,3617.631923,3685.256097,3736.003341,3759.700833,3798.411722,3858.389560,3932.225246,3995.477029,4028.135480,3949.797015,3892.492967,3826.317678,3700.970402,3600.953174,3532.450981,3465.780497,3425.833228,3409.805750,3411.430516,3423.861627,3431.967929,3440.143642,3459.068264,3448.017250,3434.511668,3421.517032,3410.489646,3422.921694,3449.413076,3473.394572,3507.227981,3495.083127,3503.769074,3548.615935,3613.034803,3666.893313,3713.964962,3746.864757,3734.059431,3732.150809,3754.164394,3778.529484,3860.746881,3961.070948,3937.407891,3901.970638,3813.987608,3733.539743,3677.201057,3612.177570,3567.755957,3557.512720,3564.442477,3559.048048,3605.071580,3706.455675,3699.989014,3724.769165,3724.473972,3640.588021,3540.344640,3448.212580,3384.601282,3341.022600,3291.992429,3225.740761,3219.844318,3272.121342,3359.645509,3444.815141,3482.583878,3420.307685,3342.547962,3321.866028,3306.767917,3231.617562,3117.594780,3023.560761,2896.162378,2694.298015,2539.686784,2466.508496,2445.567667,2429.918884,2391.134345,2338.797997,2307.056809,2280.321459,2256.065689,2254.457511,2248.325326,2258.522379,2338.795275,2472.724379,2564.083898,2594.198817,2589.546851,2651.693654,2726.082408,2780.173698,2870.461410,2957.335382,3071.166919,3163.274251,3204.416841,3232.218232,3321.172044,3425.373116,3517.156710,3520.481902,3462.784496,3392.722955,3344.621008,3258.242118,3163.853743,3088.625547,3020.563694,2970.586282,2950.664039,2954.807423,2979.068535,2977.516846,2883.558272,2794.931754,2730.754965,2694.012842,2646.923983,2578.879166,2512.852408,2420.904156,2318.146077,2240.814713,2169.347179,2084.931273,2001.215814,1931.418698,1896.852417,1879.065985,1863.093951,1846.437907,1833.226989,1813.871100,1795.912330,1778.058360,1760.144432,1742.617730,1726.552607,1713.451941,1702.882587
2159.932568,2160.061085,2182.487520,2204.437492,2228.866688,2241.499773,2250.840997,2264.893616,2273.764118,2284.046888,2300.864122,2298.175827,2309.311051,2343.387679,2376.520875,2407.008656,2421.838194,2427.610973,2436.155889,2458.883323,2503.431789,2556.314187,2593.064688,2621.431512,2641.848382,2637.585722,2641.117001,2627.111068,2635.820527,2624.656489,2567.407520,2528.390398,2487.086504,2431.574643,2391.780388,2364.844954,2375.551219,2389.444549,2390.687061,2398.144643,2402.786421,2431.043533,2499.205927,2592.708451,2665.738685,2680.518756,2678.767131,2677.239057,2695.538887,2712.178898,2733.868957,2758.000318,2798.019392,2839.240280,2887.519695,2918.225929,2919.263875,2913.560049,2917.177831,2927.207619,2956.537910,2983.196658,3003.292847,3035.566373,3071.314913,3076.854375,3034.887185,2991.687416,2968.401491,2939.337578,2913.711323,2914.559146,2902.206797,2893.433435,2879.773318,2821.466268,2786.346149,2796.169479,2839.051748,2907.821612,2990.713313,3082.996879,3168.321553,3239.620892,3291.590823,3280.216697,3242.611127,3196.390568,3167.766947,3151.403545,3152.450793,3158.926747,3175.598974,3201.325410,3252.384618,3335.898607,3412.431528,3445.824457,3482.569678,3535.142371,3605.968574,3667.309772,3713.055667,3752.756561,3812.435162,3884.637350,3922.366787,3932.095060,3973.095920,3903.414991,3811.351652,3760.360758,3677.302446,3574.926940,3508.295504,3441.465471,3409.743122,3407.001362,3407.057752,3407.161213,3408.329365,3407.537529,3410.640037,3408.388971,3409.075212,3407.333121,3430.461452,3470.619392,3498.924867,3539.485829,3578.352711,3566.542114,3594.342113,3648.088007,3734.839567,3801.365725,3861.768007,3861.452512,3837.257146,3842.235297,3848.899704,3849.806918,3893.433259,3937.597011,3955.749582,3959.986464,3893.005398,3785.978311,3723.852653,3672.446288,3603.874054,3569.385611,3548.750546,3523.577823,3536.527946,3613.083487,3606.965742,3615.912968,3684.722415,3642.204949,3550.790975,3475.374451,3409.111842,3332.012741,3296.330191,3268.671962,3280.760821,3347.604500,3424.873842,3460.692080,3421.743333,3372.100288,3334.323826,3284.944468,3275.875351,3200.093794,3072.780748,2951.972950,2844.669193,2696.647565,2522.620349,2445.247596,2409.793341,2385.746661,2366.324347,2349.802399,2329.344743,2296.466394,2280.429527,2280.529897,2292.517005,2358.095367,2480.622739,2585.882881,2662.786491,2675.790151,2698.768273,2745.928320,2812.863774,2874.583012,2932.944259,3016.136579,3074.662021,3168.395378,3289.609011,3337.532766,3368.186184,3466.254946,3549.964861,3576.774570,3524.206115,3460.477303,3369.849212,3279.215437,3202.244035,3120.414464,3053.834112,3009.652291,2999.223638,3031.772283,3063.841324,3006.290216,2911.222106,2858.068676,2825.375624,2788.006854,2713.379184,2635.664495,2547.754209,2458.461511,2380.292577,2287.535046,2200.650242,2101.656283,2023.602389,1968.084462,1933.883780,1910.771565,1893.196831,1873.320287,1855.201067,1833.697622,1812.106076,1792.252558,1771.524981,1754.397311,1739.397930,1726.604527,1716.786408
2130.989035,2146.168751,2160.002044,2187.647897,2213.459638,2237.292915,2250.250647,2268.711825,2287.884268,2306.851184,2315.709887,2317.201451,2327.879160,2366.863841,2402.817994,2441.826361,2458.323861,2448.955401,2449.853349,2474.229306,2520.032356,2573.477810,2587.008220,2578.794467,2590.869802,2596.369448,2601.430290,2589.779598,2602.103347,2578.298694,2526.304857,2495.281613,2454.723675,2402.959471,2359.118156,2364.519122,2401.043944,2428.875599,2424.983644,2422.125932,2441.334539,2479.105500,2565.513633,2669.012972,2740.817804,2748.739102,2755.007583,2776.747015,2802.445641,2802.072709,2817.374310,2844.128038,2867.525126,2884.165958,2913.421438,2926.977147,2920.450513,2925.422524,2930.328421,2940.263408,2963.300409,2985.261115,3004.116199,3035.873686,3065.998460,3076.454548,3043.975030,3016.486422,2992.752630,2965.964132,2935.512676,2929.677191,2928.269569,2921.118503,2914.966428,2853.360366,2798.212556,2794.749254,2821.999879,2870.709413,2940.446737,3024.669019,3123.006876,3180.602651,3197.700843,3200.170974,3177.341334,3134.687678,3099.281882,3080.613499,3073.687221,3078.343873,3080.923150,3100.198280,3142.279107,3231.980946,3303.649784,3362.822878,3437.374046,3534.805883,3601.772528,3658.092467,3699.698109,3761.717349,3833.644670,3875.808426,3847.959473,3857.092534,3889.802237,3817.044488,3737.088383,3690.250330,3627.346634,3543.458935,3474.768604,3414.356718,3407.543406,3407.135889,3408.744328,3409.145994,3407.784787,3407.971580,3407.000000,3407.000000,3407.716953,3420.704276,3477.955812,3543.272500,3594.899324,3641.518274,3672.653812,3654.490238,3687.015410,3785.522905,3873.529571,3942.365855,3904.482909,3805.419640,3766.235658,3762.976436,3786.458351,3784.197015,3794.351105,3821.420146,3859.891692,3894.057469,3889.735366,3836.431168,3789.243246,3762.066713,3673.396504,3600.719819,3549.785889,3514.714534,3505.274777,3563.507270,3555.225691,3496.611311,3530.844926,3642.791483,3655.009716,3579.878838,3467.532609,3381.537350,3351.992102,3359.401077,3352.393856,3343.572131,3364.198266,3372.771743,3329.710050,3273.504336,3246.941097,3213.412191,3164.067001,3068.555929,2949.441702,2827.690213,2747.442705,2671.143308,2547.607304,2429.738983,2405.213955,2391.882452,2384.228334,2381.932514,2371.838010,2352.250227,2355.332770,2362.908174,2357.399812,2381.397095,2509.296165,2634.827930,2748.979259,2757.373946,2768.435985,2841.887772,2904.990721,2964.746373,3010.365172,3090.775980,3164.906872,3213.349586,3294.940841,3391.760719,3468.226058,3504.272385,3574.645123,3555.539871,3491.276367,3417.160244,3345.853594,3265.297065,3187.621816,3133.176295,3092.560797,3063.045532,3081.358361,3110.648325,3123.408284,3042.385127,2981.770543,2955.850727,2915.472349,2855.336644,2775.928437,2688.644690,2589.421640,2499.198179,2394.370160,2296.530910,2204.801472,2119.445954,2053.541820,2002.110004,1968.781624,1944.985515,1921.720657,1898.749768,1874.401571,1850.088901,1826.368537,1804.488032,1784.830944,1768.120460,1752.000547,1740.310234,1730.644651
2120.117989,2137.051060,2157.706500,2180.532283,2211.358330,2239.587844,2258.141577,2286.579738,2315.193766,2329.839215,2342.001920,2347.644097,2358.014171,2378.941738,2410.677077,2467.386196,2498.965711,2476.425251,2470.452734,2488.143558,2520.120236,2546.155272,2535.428511,2531.234258,2550.954413,2555.199859,2552.275063,2538.516293,2526.078922,2516.948612,2490.703763,2474.172514,2438.545470,2363.322794,2364.188392,2390.321939,2448.444000,2474.084782,2461.123935,2471.374657,2500.143527,2555.177437,2628.850274,2714.679097,2789.077236,2838.057103,2855.170762,2873.620472,2889.684502,2889.042844,2902.662119,2911.179693,2904.526685,2900.486040,2922.557431,2932.284727,2922.957620,2930.693809,2931.133971,2946.015960,2977.924476,2995.091277,3022.556152,3063.287312,3077.733040,3070.840541,3054.503694,3046.389874,3025.354846,2995.230694,2955.843327,2932.194548,2935.576403,2931.375718,2921.356765,2876.339150,2822.984463,2799.774833,2809.026684,2839.267345,2896.003850,2972.785045,3078.158726,3134.973556,3125.659546,3132.738939,3109.459210,3070.599001,3038.160257,3026.919069,3019.710009,3012.144649,3013.623018,3027.451626,3052.439525,3126.233015,3206.276402,3304.739187,3409.517240,3483.449451,3572.394216,3641.889879,3701.501971,3765.689159,3796.849198,3791.210397,3767.459399,3765.153282,3792.111861,3737.782512,3651.338676,3622.860667,3590.924782,3521.896468,3447.781969,3409.058287,3419.535990,3435.874439,3444.986519,3451.532734,3452.249256,3437.127268,3416.414272,3409.271627,3418.938666,3453.955233,3531.545851,3612.213102,3675.554091,3765.145703,3774.279504,3740.172282,3769.544364,3836.468105,3917.930010,3978.580246,3891.801272,3758.295819,3729.783965,3693.606330,3683.184431,3679.330430,3680.957376,3700.068031,3750.685763,3779.466550,3786.829933,3780.348188,3753.002011,3742.185614,3682.494934,3591.161191,3516.659554,3494.700067,3494.651612,3525.035888,3508.889903,3424.047446,3436.046319,3567.811717,3667.231867,3619.718911,3538.690018,3447.558994,3398.661935,3331.158735,3256.291064,3218.208908,3258.184822,3285.463850,3223.704776,3175.006982,3133.348751,3091.072648,3031.996046,2934.710208,2861.534290,2797.742632,2714.987025,2632.254220,2546.594176,2462.945586,2421.943970,2411.989676,2412.586814,2420.699990,2418.585739,2423.506809,2447.559463,2485.237434,2480.413915,2419.492733,2439.056338,2586.640490,2736.777885,2816.761775,2832.230239,2892.732922,2966.264692,3042.497927,3106.463191,3163.369552,3241.637225,3312.744889,3372.631847,3416.689473,3495.993084,3577.251857,3602.039312,3516.940678,3443.465147,3362.337212,3302.439259,3244.856261,3209.422122,3173.593155,3153.616112,3152.634754,3174.392295,3205.916213,3167.765526,3082.306512,3019.333097,2967.873889,2904.694567,2842.931930,2782.278249,2714.008282,2624.820074,2513.732187,2405.246277,2316.060054,2232.677250,2137.488045,2077.016033,2036.146027,2007.827430,1977.186953,1948.694934,1919.929655,1891.518204,1861.672058,1838.485382,1817.423771,1797.528291,1778.326341,1764.915418,1753.481569,1742.597430
2115.624990,2131.006384,2154.346666,2184.693924,2219.990275,2249.482289,2272.904576,2309.509208,2341.245831,2362.544932,2379.773703,2380.405428,2380.552134,2390.578975,2410.872918,2460.696768,2522.761109,2533.471166,2535.821705,2519.081030,2507.462832,2503.171398,2488.814199,2484.181468,2495.350294,2505.784754,2490.372521,2455.089124,2424.492696,2414.236580,2441.898668,2456.550551,2385.135452,2347.695555,2379.764428,2400.770995,2442.561044,2474.552939,2490.341471,2523.288743,2574.370512,2641.310211,2700.763144,2770.641040,2858.414549,2923.098140,2936.047654,2936.744172,2933.164297,2929.505385,2930.816811,2933.143715,2926.248203,2931.517113,2943.511439,2940.413194,2933.260788,2937.057848,2936.703198,2950.581286,2988.028922,3012.330011,3051.468210,3091.715559,3098.539287,3073.809128,3066.038454,3072.996617,3076.254653,3039.811919,2983.100989,2940.584439,2928.440714,2929.712222,2923.378471,2903.960387,2859.269440,2820.923995,2804.442458,2825.326350,2872.104290,2940.702612,3066.575386,3091.552598,3076.991870,3063.676318,3039.658966,3014.788074,2992.812632,2981.374225,2980.194370,2987.931451,2994.240616,3003.205391,3016.064108,3059.109934,3135.315993,3239.899257,3336.370698,3436.923420,3552.529150,3627.323512,3671.189124,3703.993514,3721.959854,3709.938734,3681.407075,3692.424297,3704.102420,3628.959560,3573.529511,3565.305720,3554.395635,3504.549458,3437.426713,3411.572959,3460.626546,3515.082981,3534.560672,3532.959915,3518.747044,3482.556758,3448.549899,3438.026801,3452.202153,3493.642650,3576.325704,3679.810791,3761.733766,3785.094446,3724.485761,3692.093625,3721.670366,3771.666735,3857.739062,3921.372955,3894.055283,3770.222613,3710.337191,3658.017114,3616.781806,3610.585976,3613.510168,3622.782304,3639.925532,3659.762463,3673.448187,3673.539665,3659.354058,3640.973314,3650.272739,3611.026499,3524.915111,3487.096138,3463.068466,3458.925494,3457.028831,3401.878420,3397.669525,3497.472406,3567.447866,3555.160074,3487.610367,3385.266486,3282.251638,3188.619085,3130.474285,3119.264667,3162.246152,3170.391788,3136.788980,3086.028456,3046.380971,2993.759771,2952.365389,2901.146792,2857.377797,2767.007380,2658.822278,2595.021775,2541.433736,2520.492332,2472.567004,2473.140892,2476.448822,2484.511857,2498.805400,2519.714663,2558.055987,2606.738330,2598.916035,2532.507021,2473.204377,2530.111886,2673.251167,2794.371712,2870.669623,2936.476701,2999.682781,3054.765257,3128.428840,3211.448606,3293.805030,3373.065853,3445.815884,3503.852118,3545.616766,3629.303517,3629.714473,3537.399228,3447.701500,3358.852463,3307.041802,3282.137578,3249.326321,3239.631363,3246.012615,3259.185278,3277.345993,3242.575580,3143.535532,3053.087047,2979.844194,2922.464426,2853.966074,2773.110439,2715.616836,2667.332161,2607.949446,2512.877920,2402.650552,2316.603364,2241.183668,2160.098065,2107.997049,2072.050934,2035.193337,1999.862715,1966.272090,1933.021584,1901.397221,1873.759190,1850.936715,1828.939364,1807.629295,1791.977544,1778.195535,1764.503592,1754.621253
2114.796216,2129.400405,2153.115655,2190.229473,2233.584548,2273.919037,2299.979425,2327.000239,2361.442598,2381.394827,2401.851450,2405.675330,2399.473237,2402.709767,2417.719905,2449.551487,2524.624571,2567.298826,2543.123093,2502.949050,2483.619107,2467.536181,2445.999039,2433.268457,2446.233173,2459.547503,2417.137876,2370.837868,2347.241098,2350.801015,2378.939956,2369.477617,2341.795157,2353.962619,2381.622187,2406.826748,2446.016654,2497.124929,2529.426228,2584.371601,2652.916635,2716.570123,2780.803984,2834.805744,2899.348744,2970.832127,2985.846418,2973.774615,2959.830901,2948.169107,2941.260727,2936.759732,2945.920745,2962.429069,2956.922254,2950.874277,2938.909134,2947.110099,2947.037326,2970.083198,2994.802479,3029.091716,3076.184065,3117.301188,3119.347440,3096.054928,3096.484762,3102.994843,3130.151967,3086.393326,3013.277767,2953.952048,2930.563838,2926.981081,2932.507058,2929.960390,2894.369925,2838.223714,2809.981091,2829.950076,2864.838598,2941.290167,3036.113254,3035.467924,3016.478837,3003.123337,2988.055316,2970.096443,2957.921041,2954.984151,2961.037443,2988.026504,3028.717026,3019.717614,3004.854856,3023.031134,3069.694790,3174.250960,3292.776833,3393.553906,3496.987495,3540.842911,3598.013396,3643.921759,3661.261193,3650.518259,3637.757645,3649.290762,3605.194242,3545.317670,3522.084170,3527.113857,3503.345070,3436.380298,3398.302642,3403.549830,3463.565000,3519.691815,3550.895353,3563.716096,3570.262018,3515.042161,3483.340680,3477.483983,3482.544643,3520.419082,3586.126626,3641.259808,3694.010262,3699.621699,3661.888085,3672.671182,3714.097212,3747.727818,3806.619565,3835.559606,3835.507716,3798.139621,3695.718176,3608.804676,3558.257298,3546.915584,3555.777491,3557.272783,3557.744282,3566.487855,3586.520468,3586.039081,3574.087702,3571.448219,3601.314480,3631.134914,3545.446840,3478.079749,3432.994681,3400.829563,3408.920685,3404.852937,3387.149910,3402.525522,3444.172614,3447.750386,3397.792625,3301.486267,3199.358218,3097.240359,3054.762491,3063.973653,3110.540635,3096.393744,3078.343833,3051.146208,3019.941284,2971.440454,2936.266746,2902.199435,2853.136727,2750.109404,2681.099244,2633.823972,2622.975286,2615.004940,2561.936941,2573.315409,2585.405506,2579.052451,2618.622994,2665.043827,2682.949173,2711.384904,2688.321921,2603.652599,2526.511952,2542.086919,2656.392491,2723.505856,2812.269377,2899.121033,2990.807728,3090.444227,3177.799882,3237.624546,3304.489880,3374.338639,3459.417661,3552.662287,3632.916469,3690.893396,3649.639800,3562.797995,3445.456906,3358.067190,3333.854869,3327.812835,3321.568627,3339.227977,3359.989613,3369.461207,3337.074120,3229.881125,3119.352253,3032.382421,2955.421625,2870.893130,2798.595132,2719.978865,2657.487362,2596.909726,2544.529213,2477.014206,2388.964886,2299.349035,2239.183030,2179.611852,2134.862335,2092.467646,2052.140582,2013.725402,1978.214892,1944.037721,1912.853834,1885.314778,1859.774839,1837.294719,1818.373653,1801.175961,1788.023677,1778.066574,1768.358121
2117.116915,2133.448116,2162.567562,2200.113855,2247.080145,2294.116878,2326.203167,2343.427590,2366.193209,2388.195632,2409.911219,2425.347338,2430.069373,2429.491725,2438.951323,2460.491281,2510.571513,2551.622661,2524.694450,2480.956956,2447.149577,2417.368846,2404.212235,2407.350686,2411.138037,2402.993462,2354.446228,2321.963915,2312.844506,2333.182052,2334.708400,2323.964386,2340.636135,2373.944546,2405.752356,2447.406207,2498.613353,2552.407854,2593.976880,2660.222367,2713.033727,2783.339546,2838.677898,2877.157420,2905.276039,2961.948008,3011.124121,3009.327463,2992.880777,2962.322318,2953.444133,2957.027794,2968.034808,2976.589128,2974.092499,2970.496971,2964.569786,2970.094085,2976.688584,2989.777642,2999.973494,3031.816064,3085.917005,3135.144769,3144.221044,3141.626109,3141.725355,3146.752404,3167.702800,3127.856341,3044.344663,2975.190286,2943.189860,2933.349145,2942.499100,2939.826233,2903.854431,2838.839005,2822.467162,2839.276637,2896.029333,2962.307960,2989.965179,2982.888039,2973.226667,2962.330109,2952.275222,2940.811454,2938.250840,2940.180119,2951.629711,2985.588979,3037.019066,3059.459322,3038.899370,3020.506303,3036.873704,3100.503866,3212.945505,3325.494349,3387.597243,3446.628531,3535.099199,3594.088443,3622.003178,3619.563035,3594.955506,3556.933219,3514.258183,3476.244380,3471.895966,3493.575541,3469.304142,3395.467224,3371.860301,3418.295981,3482.867105,3528.339220,3513.634124,3532.105663,3589.609752,3575.367393,3526.396697,3508.327897,3507.727521,3520.060447,3538.083914,3568.031067,3603.755919,3630.427712,3639.356370,3671.872817,3719.797007,3755.660221,3752.566890,3743.258790,3733.807643,3731.647080,3723.316007,3604.161940,3546.164069,3508.879965,3496.993637,3483.624653,3485.987285,3497.716703,3510.954581,3522.149041,3523.160975,3525.507955,3558.324551,3623.740396,3605.660255,3506.076191,3449.789552,3411.963929,3366.663233,3367.795471,3354.528168,3344.212683,3342.757221,3336.887866,3296.244212,3216.965990,3123.621462,3048.699878,3038.019770,3044.387436,3047.052192,3028.577562,3016.858574,2996.625035,2974.391725,2938.461517,2912.444014,2859.904991,2807.399044,2781.534501,2763.318202,2738.545153,2751.522538,2698.687696,2663.271564,2686.151752,2678.995468,2657.021737,2706.803555,2786.842792,2811.599267,2817.463303,2754.351505,2655.496024,2573.794419,2546.872751,2682.885002,2788.550688,2816.091769,2874.242063,2957.624656,3059.960352,3165.926141,3266.258091,3349.833606,3430.460119,3503.026345,3578.026380,3665.913827,3738.457915,3669.767007,3573.317283,3461.050611,3381.242957,3351.657918,3362.300527,3414.397483,3448.818517,3438.493621,3389.383254,3297.128036,3216.613591,3132.141808,3020.812170,2949.778063,2863.899435,2783.142771,2701.656423,2615.611445,2546.443586,2482.333443,2422.494804,2360.105500,2297.478583,2247.838370,2196.718364,2149.223585,2107.412949,2064.542265,2022.471465,1984.560798,1951.002220,1920.153897,1891.853200,1868.654230,1847.235308,1826.904360,1811.656343,1800.387988,1788.137312,1777.037630
2105.843600,2125.819374,2154.817522,2198.808964,2253.151591,2302.441662,2346.640642,2364.315568,2378.431334,2403.298049,2432.490235,2459.781746,2490.256120,2497.423294,2504.693625,2518.951433,2528.805717,2524.992735,2498.131241,2455.846661,2412.524370,2394.523839,2391.299823,2377.316022,2360.590943,2348.501902,2313.548638,2294.099735,2302.554420,2310.973855,2315.730689,2328.616118,2370.273344,2423.240893,2460.954348,2511.224492,2578.465580,2636.501909,2669.038953,2733.171462,2784.957641,2829.349877,2864.581544,2882.569831,2907.153957,2944.129295,3003.496778,3042.856673,3028.010605,2982.369319,2966.781279,2976.685277,2994.452399,3002.650462,3009.883685,2999.629696,2983.553967,2984.780397,3004.910581,3025.460718,3025.456988,3034.404492,3077.078438,3122.039626,3164.253195,3212.775174,3203.647649,3178.174837,3181.351312,3150.248574,3087.178133,3016.440613,2971.700392,2950.632394,2951.238852,2944.271308,2900.775778,2840.824968,2846.868492,2863.107356,2904.452340,2946.938499,2951.580319,2945.243606,2939.916091,2936.181972,2930.304332,2927.401179,2929.651487,2938.301592,2960.617111,2996.604698,3029.562198,3082.734501,3095.201113,3046.924799,3029.767116,3060.582363,3131.230233,3222.303554,3317.030695,3395.143064,3462.946374,3504.535206,3526.604143,3517.691248,3485.492267,3466.088474,3432.203234,3392.820058,3404.451681,3450.120789,3434.884271,3370.928978,3357.159586,3403.024285,3480.441697,3495.744573,3511.368928,3545.657712,3585.513031,3607.222979,3582.814650,3543.125487,3520.743776,3508.268175,3508.557492,3517.565491,3538.982934,3576.507067,3620.747113,3666.309197,3717.528931,3763.166090,3735.766168,3697.384339,3677.679930,3671.976823,3678.771102,3667.974972,3580.133714,3515.211185,3476.289721,3451.495856,3447.237228,3450.440941,3447.229570,3457.564275,3471.507595,3490.802226,3517.397553,3559.665410,3588.903819,3531.524419,3427.437011,3376.853577,3330.762183,3299.744410,3284.438510,3283.795625,3266.297987,3239.434123,3207.903633,3144.481135,3081.148093,3045.632511,3038.583888,3042.866682,3030.700953,3037.239767,3048.281109,3041.234139,3012.331565,2984.730368,2959.097643,2906.756261,2879.136065,2855.545413,2871.559432,2915.385477,2883.941233,2760.285866,2762.226549,2818.583790,2784.129086,2736.784563,2754.265369,2848.587563,2920.410704,2922.830686,2822.044694,2714.125602,2633.876517,2585.108692,2657.335328,2813.344941,2892.079146,2952.252889,3004.527388,3064.618088,3142.612205,3249.696331,3343.979527,3452.195765,3552.801857,3642.201799,3712.387477,3758.396242,3678.961780,3575.251219,3484.639122,3413.866009,3395.079598,3444.987505,3493.055642,3451.105159,3377.667732,3319.013191,3245.903738,3165.280979,3085.309317,3004.464089,2935.714896,2851.704970,2766.976674,2687.043615,2609.167539,2540.695942,2477.280126,2413.504910,2348.003013,2297.417658,2247.837555,2198.285285,2147.425622,2106.705677,2068.366598,2027.428299,1990.516306,1956.343996,1927.748499,1897.755939,1874.786282,1853.323067,1837.738416,1823.124747,1808.085157,1795.896225,1787.366606
2115.742409,2136.368701,2167.663084,2214.881085,2272.265921,2317.760464,2366.564991,2404.142607,2404.213233,2433.512078,2475.802775,2514.174168,2556.167662,2570.261133,2574.815301,2564.623161,2523.692369,2488.672283,2455.598233,2427.859138,2394.044023,2384.894551,2366.998181,2343.204011,2324.277231,2315.583831,2299.556136,2290.232510,2293.425585,2306.772172,2324.909820,2361.425452,2423.291913,2481.982159,2531.232052,2586.257266,2661.259979,2715.560799,2752.721887,2806.928541,2850.904991,2868.370262,2879.808537,2894.174677,2928.022745,2950.418926,2974.908073,3033.888067,3061.606948,3030.772826,3001.850215,2993.199063,3011.360893,3038.239827,3048.785163,3041.363704,2996.597570,2983.813877,3002.652396,3034.069035,3057.024419,3057.700911,3076.311480,3093.813379,3146.951071,3233.764941,3236.909813,3201.361298,3179.068580,3152.277288,3112.138103,3056.732919,3006.156917,2973.430652,2969.788501,2951.838335,2904.827670,2844.549547,2844.366399,2883.897050,2904.310679,2919.980357,2924.354372,2925.232274,2926.050035,2928.409166,2927.671738,2930.839060,2944.244573,2965.887215,3007.355399,3046.921320,3061.228046,3130.376463,3152.332008,3096.261538,3041.714105,3042.926274,3070.179516,3154.786343,3270.815600,3331.720153,3372.884453,3407.695386,3428.046689,3411.838138,3389.214912,3366.500897,3328.476959,3311.845610,3323.804072,3370.204612,3377.273133,3347.864354,3342.969595,3380.039323,3426.849405,3435.177607,3462.162889,3516.286531,3562.490568,3588.213689,3633.050229,3621.602210,3565.506978,3532.810459,3517.410994,3510.926499,3511.344113,3544.886436,3606.149883,3672.238146,3731.400289,3778.291638,3711.101784,3659.454086,3639.780436,3632.703739,3639.251524,3640.631780,3611.536774,3525.514482,3474.276764,3440.493220,3428.485555,3421.380705,3409.103280,3407.858928,3417.331990,3441.731205,3470.782015,3494.649937,3504.042114,3470.790348,3409.374869,3347.846956,3285.996846,3251.395838,3219.718423,3201.250613,3185.361218,3168.374534,3144.911317,3105.186750,3073.552405,3056.187082,3063.640733,3097.722067,3066.322165,3096.097449,3119.621476,3093.926437,3064.163347,3028.634978,2996.459765,2966.360426,2980.972783,3026.645475,3058.906425,3064.350172,2942.423698,2814.918667,2835.418425,2940.814983,2937.199537,2841.308484,2810.691914,2866.053952,2983.094736,3000.079341,2897.781891,2781.848353,2705.169144,2635.819032,2641.150816,2785.091332,2868.585316,2944.689104,3036.186053,3103.707264,3175.822748,3257.676681,3338.754494,3435.016959,3533.241767,3634.334470,3731.995056,3799.160807,3723.357875,3613.799012,3514.761833,3441.789086,3444.405771,3486.998823,3437.476186,3370.893689,3298.674174,3229.177629,3191.135625,3135.839751,3065.533757,3014.277341,2957.473278,2868.558110,2780.856156,2702.027603,2633.200331,2595.391991,2549.300829,2466.068534,2393.632917,2331.290066,2264.297485,2204.032712,2135.228547,2091.673471,2054.485297,2019.723772,1985.855632,1955.908572,1927.517214,1901.009277,1879.007322,1862.377547,1846.369690,1830.463456,1815.398510,1804.364241,1799.138670
2115.540630,2138.933413,2163.106543,2194.476562,2241.540311,2289.302074,2337.110824,2389.527794,2435.233740,2495.234854,2535.276729,2552.312993,2543.582961,2548.564463,2538.886909,2503.870072,2486.625295,2455.774332,2422.966069,2404.183447,2383.165628,2373.200206,2346.849428,2309.724211,2291.701947,2298.322563,2289.924539,2289.725177,2301.618276,2332.103629,2350.663978,2403.230510,2490.188954,2579.315674,2636.545171,2668.883196,2727.798351,2784.629254,2825.305785,2854.279747,2882.294037,2894.587684,2899.796427,2929.498266,2963.886394,2981.534218,2988.738402,3015.157198,3070.912103,3075.566069,3042.046748,3031.807968,3036.072107,3058.958817,3083.074530,3081.832227,3019.491832,2986.689576,2996.644053,3033.541184,3059.804959,3080.095351,3098.773530,3109.181905,3134.657977,3203.905741,3245.502701,3214.103907,3180.106112,3158.394585,3142.610818,3084.998416,3028.785145,2992.081690,2976.015413,2959.467893,2916.555774,2860.709111,2835.684542,2854.775536,2880.125363,2904.275411,2925.437987,2935.910150,2945.504401,2962.478003,2970.373878,2984.439260,3010.276197,3050.103849,3101.707722,3134.050879,3127.293085,3186.431993,3218.743272,3139.225249,3068.902777,3042.786174,3048.703072,3088.376210,3181.358364,3254.864728,3295.461216,3338.562428,3350.161683,3306.273854,3272.121542,3254.990876,3247.056048,3245.538733,3250.418321,3274.122197,3298.558908,3319.150649,3343.444285,3368.581791,3371.026548,3367.274373,3385.937406,3452.364403,3521.454772,3568.154415,3643.594862,3716.359423,3651.336268,3604.751823,3575.246241,3550.902171,3543.917994,3585.117444,3637.601161,3690.662419,3761.475649,3769.199280,3687.512832,3628.544066,3605.507982,3603.514859,3614.291708,3629.324600,3617.800841,3568.540902,3509.324399,3458.803284,3436.948119,3416.032352,3394.826324,3392.802491,3390.329361,3395.988160,3411.764179,3432.737102,3442.075467,3435.842589,3417.757591,3361.860736,3294.584789,3247.208917,3196.852676,3174.543403,3152.789484,3149.754685,3124.324982,3094.259391,3090.371909,3082.396574,3119.826801,3170.843558,3138.608504,3172.357381,3217.737555,3228.934326,3192.121060,3096.057721,3040.384805,3028.830363,3086.988997,3156.671594,3176.709777,3127.176057,2966.294832,2886.756750,2915.996411,3036.899683,3057.999209,2927.822594,2891.726541,2898.971044,2985.767827,3041.352379,2966.101441,2864.845959,2767.738804,2672.691142,2667.436746,2758.269033,2852.206653,2920.783835,3002.089147,3089.929161,3168.920811,3259.795193,3345.659553,3433.888368,3511.967722,3611.135331,3710.943182,3810.879982,3774.682800,3676.536295,3589.455065,3525.341908,3524.845564,3457.464244,3367.141948,3288.843851,3233.306287,3185.909037,3146.081874,3109.895774,3077.390742,3030.012547,2958.891060,2882.597003,2800.481919,2727.608551,2712.155723,2697.603512,2615.238839,2517.377079,2452.571768,2385.941141,2305.821051,2230.151561,2152.261318,2082.692084,2035.009799,2007.061454,1978.351383,1951.751553,1929.104320,1906.827568,1887.663123,1870.584231,1853.296676,1839.399631,1825.208184,1818.134287,1812.911563
2113.611507,2125.872865,2142.300584,2166.789047,2217.474607,2274.600961,2324.188660,2376.703781,2464.009404,2555.303806,2586.793460,2553.453404,2506.345705,2490.246836,2475.777358,2452.566321,2443.984742,2433.266303,2408.350612,2386.341370,2360.637296,2353.603647,2326.022679,2288.311412,2276.428150,2284.454180,2288.629999,2297.718013,2322.430219,2365.219049,2408.970442,2471.928321,2579.565752,2673.917969,2720.505714,2741.544099,2794.124967,2835.275549,2851.341644,2860.497454,2906.921038,2939.206159,2946.993426,2967.482342,2993.026064,3020.829744,3022.531421,3034.127098,3059.422992,3103.102460,3100.291555,3088.533588,3089.846178,3108.443563,3116.702663,3096.873821,3065.549320,3013.377099,3020.636183,3069.544061,3067.902413,3073.475899,3102.658240,3118.578605,3138.471712,3187.413800,3241.347384,3226.526852,3198.867578,3193.485908,3173.439210,3121.321723,3057.475425,3010.593722,2987.374254,2968.691742,2936.614796,2881.861005,2840.884982,2845.734717,2859.645851,2885.144310,2943.702160,2990.949280,3009.779435,3034.334877,3057.123235,3096.257026,3124.610718,3149.613216,3203.087011,3236.392149,3227.024943,3267.074018,3277.803711,3193.594276,3090.515648,3054.674976,3049.928852,3071.432755,3122.761111,3178.583092,3225.397064,3257.278260,3230.944749,3204.539818,3196.548107,3193.494198,3196.769753,3215.935075,3238.755879,3262.338952,3290.409766,3317.354857,3346.725663,3358.982835,3357.123509,3353.325976,3352.799804,3392.642501,3464.021272,3556.445980,3637.963302,3754.933616,3812.438811,3744.840798,3679.865149,3632.186448,3609.370055,3623.303195,3657.988984,3708.881071,3793.508458,3793.471045,3701.213095,3633.614629,3601.787616,3596.567837,3607.273341,3613.897346,3594.534847,3568.594197,3547.386868,3512.782486,3487.094920,3446.818243,3411.258875,3400.979137,3392.636395,3387.642564,3389.725266,3388.483059,3391.056289,3407.167740,3416.650644,3372.980660,3338.514881,3275.327756,3232.805370,3202.044002,3160.802285,3155.649955,3138.395979,3111.361738,3097.432985,3104.691709,3160.276187,3225.386246,3228.229346,3288.400536,3365.974778,3366.307848,3257.580247,3136.894671,3090.333941,3087.794841,3180.383217,3257.995596,3238.828803,3114.123209,3005.775642,2962.566371,3001.363205,3102.674688,3186.963884,3036.012173,2974.002430,2967.741069,3010.948961,3095.345034,3041.221198,2907.675788,2805.702313,2719.653921,2686.554626,2772.142545,2868.930384,2956.435254,3031.231772,3106.695763,3194.613718,3283.157356,3369.440711,3460.330436,3550.183835,3645.096711,3719.892579,3817.100910,3845.905069,3760.093878,3683.976275,3637.339737,3548.036139,3433.882696,3365.116947,3314.177022,3292.452050,3246.785620,3190.139698,3131.558536,3080.883979,3015.345777,2950.061257,2876.503598,2815.611748,2804.958041,2818.782160,2761.275509,2667.997903,2581.782895,2510.781902,2436.116718,2345.315235,2258.827939,2170.643978,2081.621206,2026.319520,1993.332868,1970.371500,1948.487187,1928.082591,1907.611734,1889.855889,1874.923191,1857.983685,1847.846235,1839.425588,1833.266944,1829.271857
2120.463089,2129.782840,2143.982493,2160.676642,2211.490593,2262.922841,2287.167762,2343.053999,2438.673875,2534.585901,2545.769394,2508.388404,2455.604946,2431.043276,2431.354443,2409.305149,2406.750332,2399.897619,2383.913533,2362.493014,2334.028841,2330.686760,2302.807761,2276.910019,2274.338472,2292.364100,2305.520325,2321.161203,2359.155062,2426.756314,2493.213178,2554.704899,2630.086337,2700.883735,2762.499000,2812.259672,2842.287202,2854.623086,2870.070783,2891.834367,2928.507483,2958.422240,2983.303729,2989.374637,3014.645564,3058.170031,3070.396211,3080.394285,3080.875243,3117.437969,3172.055385,3168.973067,3171.184007,3183.899519,3150.992084,3099.469470,3092.772483,3095.869662,3094.521621,3122.923017,3095.240503,3074.589204,3086.708826,3104.249036,3150.409899,3195.780482,3250.925851,3240.367141,3228.149652,3228.352202,3184.893426,3119.133541,3067.758322,3026.288729,3001.629873,2991.179175,2959.339938,2907.310508,2858.329437,2844.889332,2847.108977,2872.420472,2948.809698,3035.537523,3079.953188,3136.293231,3188.437180,3232.679373,3247.455724,3239.069798,3282.308238,3362.686714,3373.959666,3350.073901,3323.834626,3258.179889,3151.828168,3080.438213,3063.772378,3076.858242,3110.919373,3148.234878,3181.156169,3193.525721,3186.132817,3180.677608,3184.504978,3190.372154,3206.596936,3249.758271,3285.489932,3308.622232,3353.208848,3377.990748,3395.317155,3405.960985,3378.035528,3351.421321,3351.189542,3372.402571,3423.797933,3528.764182,3613.267771,3721.155404,3817.483894,3778.735825,3723.540287,3674.957557,3664.420848,3670.558017,3681.628564,3730.539828,3810.578748,3784.807673,3719.943484,3630.349539,3593.037268,3596.075323,3593.890571,3583.792893,3574.764180,3554.302415,3539.529531,3547.679286,3549.179813,3494.659034,3450.089723,3414.284127,3399.442669,3399.576184,3399.072532,3385.570353,3381.587505,3379.152561,3378.126052,3387.358161,3382.080072,3335.256809,3275.542263,3214.399830,3190.115104,3177.745184,3146.125598,3117.326927,3108.073458,3126.441547,3188.003999,3272.066674,3367.097393,3464.847575,3481.197107,3395.978608,3280.436394,3179.954684,3137.609470,3192.936201,3289.821006,3348.855946,3235.041001,3108.971311,3029.123469,3003.323157,3064.067766,3190.401092,3272.525398,3130.275144,3059.733497,3039.690862,3089.182608,3161.173249,3104.828294,2942.337969,2852.701181,2774.537042,2727.085828,2790.518892,2876.059259,2966.081127,3042.632305,3120.501362,3205.910939,3299.306853,3406.255819,3507.173354,3600.907533,3689.936194,3773.928404,3847.874375,3912.911743,3849.131311,3759.709113,3656.396303,3541.491386,3462.091573,3415.274680,3385.252601,3358.182018,3341.955568,3284.412582,3175.924049,3073.967897,3020.900484,2972.667349,2929.581974,2907.976118,2906.269699,2845.641527,2758.938022,2680.630536,2611.688021,2543.751918,2456.112940,2363.786206,2256.608961,2166.302209,2097.632174,2038.975712,1997.826379,1969.860816,1948.100903,1928.332361,1910.736194,1895.230388,1880.679445,1870.513220,1863.858142,1856.869376,1848.392352,1842.383754
2124.917632,2129.007434,2134.283167,2148.389939,2193.002760,2229.085151,2250.202387,2315.873831,2392.087331,2463.455573,2483.033998,2453.455195,2411.455963,2378.727515,2371.472858,2369.993008,2369.721361,2362.661562,2346.579409,2333.157588,2313.610307,2298.458152,2279.894907,2272.537845,2290.044398,2308.308355,2326.393062,2350.153550,2403.866812,2485.721922,2546.530028,2596.728051,2667.472451,2735.406264,2802.353237,2841.918765,2856.992448,2868.506266,2885.882056,2910.121571,2943.190899,2977.146554,3003.275343,3009.066741,3024.586219,3072.465549,3107.571941,3126.496583,3137.985373,3156.562010,3211.206081,3244.065824,3246.491263,3239.821583,3165.178012,3125.270567,3139.676921,3160.220897,3150.251308,3146.636073,3125.326871,3100.527303,3089.385099,3098.111194,3142.426685,3196.008378,3251.558907,3254.731024,3263.147254,3249.488116,3182.602012,3117.384109,3083.983359,3048.399203,3025.766777,3016.696937,2977.967449,2929.352554,2882.697558,2856.460301,2850.385165,2859.633167,2927.202346,3046.982739,3126.643250,3206.387041,3263.465320,3310.942803,3338.258033,3348.866769,3389.367862,3476.296536,3506.346447,3428.441296,3347.171288,3286.973083,3226.761502,3152.263715,3102.091563,3096.716796,3105.652997,3142.066456,3214.341107,3256.808960,3236.114498,3243.438733,3261.769554,3263.947116,3291.827654,3320.859781,3334.124900,3353.105477,3403.509901,3446.578620,3472.108563,3477.397683,3418.534733,3369.871771,3353.606876,3364.222957,3406.608431,3477.636587,3564.982972,3666.921440,3769.409452,3744.316595,3706.872939,3699.621358,3729.417413,3743.541385,3750.259726,3792.137204,3832.755102,3759.557698,3682.684894,3618.722627,3573.344530,3568.792623,3570.287642,3560.042019,3548.866694,3535.430489,3528.323680,3530.961030,3534.652307,3515.237925,3511.054407,3449.316947,3441.110326,3442.918138,3438.588924,3411.480480,3410.635370,3389.187287,3331.499269,3345.996396,3358.006850,3317.290943,3269.298404,3216.579335,3189.206659,3152.076707,3119.613824,3110.511003,3120.649568,3159.798560,3226.998944,3322.024353,3460.829625,3577.172609,3549.226236,3436.760176,3324.126332,3231.894615,3209.260592,3279.216819,3370.825194,3347.941351,3194.903034,3115.460842,3060.514270,3066.402330,3176.086255,3274.868444,3252.325484,3150.946952,3100.876409,3086.470736,3184.384414,3208.860981,3099.286551,2956.292200,2873.835991,2833.407139,2799.858441,2804.722986,2911.382149,3016.298441,3060.342536,3135.073277,3220.559744,3319.980758,3412.106740,3512.227092,3617.922312,3718.299666,3816.624031,3900.422236,3968.305068,3897.128418,3781.114786,3671.911048,3572.622961,3490.364834,3441.695324,3435.159472,3453.311061,3402.700831,3288.626849,3192.387714,3149.974775,3109.122649,3043.844261,3024.721518,3004.294940,2945.370443,2860.564095,2768.037944,2685.786919,2608.495366,2517.538674,2438.363883,2352.931535,2274.829197,2195.713310,2123.718970,2063.979450,2018.205520,1984.191030,1956.543614,1937.946535,1922.621883,1907.803656,1895.609312,1886.529757,1881.307697,1874.290412,1864.407468,1856.752435
2127.156473,2134.633420,2135.330612,2147.332978,2179.826928,2188.583606,2220.416273,2271.047686,2321.410827,2386.327847,2425.060262,2415.656535,2379.406584,2343.437878,2327.929836,2335.419077,2336.417546,2331.973904,2322.780340,2313.969005,2297.769929,2276.492732,2269.803157,2286.755295,2295.913194,2309.426172,2340.920060,2380.524460,2435.551561,2504.989576,2566.040403,2635.438749,2705.493066,2772.565068,2822.875312,2862.484392,2874.145839,2878.951708,2894.863732,2925.898749,2974.947083,3014.277424,3037.630908,3047.114038,3040.511835,3055.581486,3087.344044,3121.622736,3147.863466,3171.324599,3213.974359,3269.664372,3302.040405,3262.775845,3201.736369,3172.353401,3202.830961,3242.212739,3217.875533,3151.910729,3136.233129,3119.590367,3111.568236,3103.651524,3115.667222,3169.054899,3227.239924,3252.239254,3292.470635,3264.479275,3181.364454,3142.849112,3128.842982,3093.834274,3058.434888,3037.446320,2993.731633,2943.257087,2902.328646,2870.079767,2857.434805,2858.658172,2908.142273,3023.634815,3116.521201,3185.048678,3250.014632,3296.930938,3349.267820,3406.624414,3472.528856,3540.232406,3541.905783,3419.948243,3351.827521,3312.433202,3271.354493,3213.048765,3156.440589,3133.845194,3127.138206,3141.032600,3201.697459,3277.340022,3276.833212,3321.406807,3365.964813,3389.832684,3418.400559,3407.760339,3375.779973,3373.533065,3417.485220,3495.210659,3560.585497,3540.447147,3464.352890,3423.303384,3394.871694,3382.573181,3387.546711,3436.335711,3533.038795,3643.333875,3736.285805,3709.145057,3695.634629,3747.804019,3817.090311,3824.814731,3787.105491,3774.405657,3783.866966,3755.925664,3669.696108,3621.111119,3582.498335,3553.372094,3555.869590,3554.571064,3537.494909,3526.115324,3531.161673,3515.016398,3485.868586,3473.660243,3494.016219,3497.354549,3494.120107,3428.547227,3403.384355,3379.956899,3381.009054,3360.764884,3312.741500,3308.703524,3318.768569,3293.021102,3250.665229,3182.348717,3145.260926,3122.037054,3110.718974,3114.518188,3140.608936,3196.140735,3263.091313,3371.861052,3477.582271,3599.682745,3555.657160,3461.677840,3373.236229,3319.462590,3326.895292,3368.880340,3418.935610,3318.819826,3231.850786,3155.776393,3130.230016,3194.166793,3300.864301,3332.482242,3248.855178,3164.118770,3134.376860,3151.008835,3238.668121,3194.090320,3061.043036,2948.835314,2897.076278,2865.055692,2860.939541,2873.851805,2961.294040,3092.793978,3119.812724,3201.537961,3256.680108,3339.923667,3442.946026,3533.243198,3625.077680,3726.876920,3822.863453,3922.167703,4007.116495,3942.146117,3820.389408,3719.172651,3627.303056,3540.183852,3519.716982,3564.093496,3502.401570,3407.253374,3337.754062,3313.064499,3272.263401,3191.830582,3137.880507,3129.871269,3073.727910,2974.832420,2885.138843,2802.351358,2724.068095,2623.183708,2530.623879,2431.189385,2337.346710,2270.276196,2207.014392,2147.879503,2081.745742,2023.901011,1989.262193,1968.548891,1954.524108,1939.120943,1924.739948,1913.512019,1904.714791,1897.123026,1888.305254,1878.099273,1868.210718
2125.599811,2139.892436,2128.371085,2135.504707,2150.479691,2146.022390,2182.948934,2226.120351,2271.020543,2323.166755,2377.662161,2379.000766,2356.230942,2319.944214,2298.487533,2310.613534,2321.998369,2317.064549,2309.784718,2300.238065,2281.151934,2260.362372,2278.540745,2295.367053,2315.086022,2333.427749,2373.949135,2426.089264,2481.630927,2532.662074,2605.826387,2679.571107,2741.613917,2792.295586,2851.770785,2884.485430,2886.449981,2892.660078,2914.362683,2948.919799,3005.120560,3054.684066,3075.606737,3094.072830,3083.030476,3052.898564,3054.640876,3080.534692,3119.312089,3159.829759,3194.890603,3255.106931,3327.822765,3321.393369,3272.044106,3237.549877,3246.402768,3297.288839,3255.433809,3159.171085,3142.855680,3144.284045,3148.369385,3134.594755,3125.962645,3177.281841,3222.955368,3249.653486,3293.890062,3244.209059,3188.749498,3173.720497,3152.219535,3119.622916,3079.282200,3042.242541,2998.981804,2953.870671,2917.410399,2880.958001,2861.694044,2864.821503,2897.083166,2974.014253,3058.231583,3133.577026,3216.047709,3276.565373,3348.965403,3416.685283,3480.947734,3543.483275,3515.203314,3400.370152,3356.625155,3334.300359,3299.163700,3275.884674,3249.353066,3210.008446,3186.395548,3179.860597,3197.613774,3255.584161,3304.330144,3376.474235,3432.221073,3482.859210,3506.245624,3470.781811,3405.335015,3385.837651,3434.065501,3533.293278,3614.194656,3590.040800,3537.398214,3508.846498,3475.026400,3447.781730,3433.785483,3447.088331,3531.126070,3622.523737,3688.081299,3688.405219,3704.278076,3727.931406,3735.746898,3723.193160,3697.660509,3685.696739,3715.885418,3778.461206,3709.873915,3661.514398,3612.158015,3582.232401,3582.008482,3575.521541,3561.232280,3556.296513,3553.586877,3520.010365,3476.476432,3459.773904,3461.455774,3471.444172,3464.487971,3425.806981,3376.869986,3353.604848,3328.518572,3313.371138,3307.028985,3289.923799,3274.368394,3244.849074,3211.163559,3154.482390,3126.633966,3112.339953,3118.033150,3133.381168,3187.632347,3250.640431,3309.693994,3450.281774,3558.439777,3650.501133,3599.381684,3515.447094,3453.489225,3414.335807,3425.727532,3464.969121,3440.665540,3339.325344,3291.395029,3243.673781,3282.432801,3359.035697,3347.833007,3271.256634,3217.609866,3206.811354,3214.521306,3248.295136,3231.568409,3135.224942,3011.049618,2950.904036,2913.640006,2889.588231,2937.398120,2981.015430,2983.098027,3087.485925,3165.160417,3241.052595,3315.290663,3368.001609,3444.040340,3542.742133,3645.064067,3746.120724,3848.547554,3946.347748,4040.476312,3995.450646,3886.839372,3787.563116,3696.010310,3643.217338,3660.123238,3636.338827,3573.857926,3508.307651,3462.629086,3432.173319,3334.791486,3260.213134,3207.223589,3165.294428,3099.162273,3002.798830,2917.890005,2821.694150,2715.282004,2610.744966,2516.384412,2414.050718,2332.258688,2264.583848,2199.944624,2145.910297,2087.756968,2035.833444,2004.654504,1988.159904,1971.597047,1953.974739,1944.207341,1933.098748,1923.833662,1914.250514,1902.009290,1889.388314,1880.861607
2116.509831,2116.021884,2122.225698,2132.934614,2133.822285,2127.300342,2155.310446,2194.495700,2237.174918,2273.991679,2329.101165,2368.164125,2338.176817,2299.031461,2283.642352,2287.439998,2304.440279,2303.857633,2301.315023,2286.871695,2265.871484,2260.659299,2281.388578,2302.575771,2333.199711,2365.525711,2424.603026,2468.552157,2522.505335,2589.970851,2656.481302,2720.495492,2768.490208,2817.561122,2877.670223,2907.090337,2910.144404,2908.477959,2934.353497,2978.867451,3033.255429,3085.705074,3097.185897,3107.532544,3126.482855,3107.318023,3074.867706,3079.946880,3108.512618,3145.196245,3174.718863,3211.097578,3291.895260,3339.310469,3334.155432,3325.970556,3321.225130,3353.953767,3282.827801,3183.674366,3150.983165,3165.921462,3173.269515,3170.348230,3183.954546,3208.168968,3258.259753,3310.814522,3299.787546,3221.532821,3206.343301,3190.822800,3170.915472,3123.981704,3076.140734,3037.568932,2998.979826,2960.208713,2926.245784,2893.101545,2871.998148,2872.180716,2891.854112,2936.630366,3010.182816,3088.392697,3178.196394,3259.729151,3333.660528,3411.731341,3479.299420,3534.355221,3495.945365,3394.070817,3364.707546,3370.891254,3330.340064,3324.315716,3301.040972,3276.888730,3255.217572,3246.693851,3250.595161,3306.173412,3382.423530,3457.642590,3538.277074,3602.839623,3578.593674,3473.847400,3416.155183,3413.520808,3479.807365,3579.255812,3679.294261,3694.052750,3640.953371,3620.142135,3570.790469,3537.929067,3516.787176,3514.748569,3573.790101,3617.538878,3633.406972,3648.995102,3636.847003,3623.100337,3604.799887,3611.709334,3625.448713,3638.997266,3695.285294,3780.040784,3792.580329,3733.859296,3670.347005,3627.222525,3594.393615,3570.531176,3562.603551,3563.288896,3549.162824,3507.335890,3478.682452,3469.538061,3468.918997,3452.995705,3436.368348,3408.710586,3388.853509,3376.892286,3341.382164,3297.441027,3279.461874,3266.335619,3230.096572,3189.684198,3176.706484,3153.707913,3134.298660,3136.089453,3144.330694,3164.631189,3223.440526,3284.897486,3359.414456,3536.447947,3640.514391,3705.601872,3686.757237,3595.297189,3534.933198,3497.011258,3520.163687,3538.323050,3415.106135,3383.560927,3368.991753,3398.795700,3425.044609,3380.824848,3312.003597,3252.573430,3252.551818,3316.345741,3319.401986,3251.875660,3150.611767,3055.060736,2975.637314,2921.419734,2919.687744,2958.462723,3027.601891,3061.549497,3045.724570,3112.311394,3178.529368,3237.297216,3350.662567,3445.182493,3506.297537,3587.090970,3676.455062,3759.268278,3848.249759,3943.603740,4048.382984,4045.548894,3948.620594,3861.266601,3789.616845,3761.086057,3735.690653,3675.738311,3607.904149,3522.392155,3444.353435,3356.163589,3288.617730,3231.552636,3180.781133,3110.648450,3056.724560,3000.675944,2905.749227,2820.775888,2723.745080,2614.079923,2506.550208,2404.487050,2317.394218,2245.334051,2182.759491,2132.469576,2089.507475,2051.245797,2024.931788,2009.526605,1993.037932,1973.441945,1963.644612,1952.353610,1940.527368,1926.043440,1912.284017,1899.247869,1894.136021
2104.443231,2105.610308,2117.012740,2131.056306,2119.737781,2127.711594,2155.608151,2186.049668,2212.064116,2243.259795,2306.610668,2360.451974,2334.732305,2278.502103,2267.565231,2265.218380,2270.924135,2281.860131,2281.017854,2265.580152,2246.832522,2263.581041,2290.236433,2304.462160,2341.976124,2402.225384,2454.240444,2504.279132,2576.156621,2642.265194,2712.972894,2757.052074,2777.465380,2825.014893,2876.437620,2912.458363,2928.332947,2932.536620,2963.326399,3008.557619,3063.644032,3105.262275,3092.790619,3100.375089,3131.275300,3148.989565,3120.674828,3103.838812,3129.823085,3157.162924,3172.822009,3202.749996,3250.515294,3292.283644,3313.133418,3365.244665,3394.961085,3411.491481,3343.948792,3240.231760,3191.497751,3188.841130,3188.552007,3215.926445,3252.148712,3292.450316,3341.602932,3366.426592,3268.178238,3211.750571,3218.269523,3202.869848,3182.310695,3151.386253,3102.235846,3053.601059,3014.308392,2970.608242,2940.444874,2911.748387,2885.199541,2879.859289,2891.427956,2915.975194,2969.459921,3043.752068,3142.351466,3236.965163,3313.747389,3398.565697,3466.016887,3523.045916,3498.250573,3436.512604,3438.267915,3421.789873,3364.826104,3354.619994,3342.106171,3300.795710,3317.516299,3307.560567,3301.254752,3341.732769,3428.582701,3535.763661,3631.997460,3674.977219,3538.618979,3469.085055,3451.044763,3467.534091,3536.742942,3633.347623,3733.390600,3771.181828,3755.738604,3748.680637,3711.613530,3663.261887,3651.799804,3634.567431,3624.277993,3619.164131,3639.811954,3618.951100,3596.596186,3571.029386,3562.653753,3573.615277,3603.005599,3650.114409,3683.817859,3727.975164,3780.896186,3808.737731,3708.923003,3639.640059,3624.063666,3594.084755,3578.134179,3585.182174,3528.723720,3484.347302,3478.059282,3488.536457,3502.758428,3475.477491,3448.262857,3424.157574,3403.904382,3388.510601,3371.923365,3294.238245,3245.250099,3235.157185,3213.215914,3177.263045,3177.250178,3164.041948,3158.882773,3171.990088,3178.621058,3195.358853,3247.852404,3321.061124,3455.715985,3565.068804,3630.700949,3674.006480,3688.716433,3673.673462,3629.416960,3607.856264,3645.066562,3598.061238,3444.717298,3418.614130,3446.989485,3490.064840,3424.143117,3371.100362,3347.746523,3333.393352,3360.743501,3385.187419,3296.225201,3187.180274,3073.667044,3000.739670,2945.424389,2926.336914,2974.177906,3057.207162,3151.775392,3161.627370,3120.660240,3164.271163,3262.035291,3279.221668,3335.051883,3443.739370,3536.003227,3630.752470,3740.464638,3825.258529,3920.954453,3997.669645,4078.187539,4056.409852,3963.238377,3875.033806,3806.904413,3774.162207,3704.958908,3620.057569,3547.153658,3492.461695,3423.276371,3326.466200,3240.406352,3168.992451,3110.244726,3047.643550,2978.437323,2941.284146,2885.614795,2787.756712,2693.829196,2596.738401,2489.212999,2393.949710,2322.260819,2247.546046,2180.140426,2131.974131,2096.037159,2066.290402,2045.949456,2029.813506,2009.295624,1994.531989,1979.660810,1969.569218,1954.046273,1935.849633,1924.366048,1913.083755,1906.860510
2096.602019,2106.445506,2114.865334,2116.553251,2104.246543,2126.425171,2157.000470,2178.071507,2200.966755,2234.131814,2289.508677,2328.739134,2316.960345,2244.376123,2236.070965,2238.732492,2235.696417,2248.442158,2256.672197,2248.638647,2263.863479,2285.751362,2298.728341,2314.975348,2369.516965,2434.842615,2493.253114,2563.437094,2634.177846,2689.566784,2731.197916,2752.193354,2773.717486,2817.507786,2871.920913,2913.695643,2954.034660,2961.247048,2990.784346,3037.317848,3080.779680,3088.238417,3072.513057,3079.262291,3110.700447,3146.197873,3162.078807,3159.572603,3171.963543,3170.257041,3177.237734,3206.201696,3236.822384,3270.251020,3286.709442,3324.333900,3385.728245,3437.535520,3402.138319,3308.585874,3232.861711,3193.096823,3191.575505,3254.758317,3350.333661,3402.272372,3430.256199,3345.026806,3242.932233,3213.401082,3218.482627,3215.061258,3211.759993,3167.286307,3126.415593,3074.673863,3027.340267,2988.096438,2957.625000,2932.501712,2905.871360,2893.213587,2890.027738,2903.116434,2935.735139,3000.119587,3108.790596,3207.540331,3278.000974,3344.231902,3416.476038,3478.567482,3502.566312,3516.003483,3550.965501,3484.740797,3394.140339,3398.489487,3413.680178,3353.352886,3364.256703,3412.503452,3396.265390,3402.677386,3485.876247,3584.571433,3678.750734,3686.952045,3576.905780,3529.826221,3507.789558,3505.359896,3593.146511,3674.712853,3696.058606,3689.156313,3677.883514,3679.205219,3682.868841,3673.165423,3669.049881,3648.989164,3594.784939,3606.546763,3627.174630,3607.392677,3572.380567,3560.083598,3563.390467,3572.841148,3603.146686,3639.358988,3658.959803,3690.503566,3735.678673,3776.153014,3715.762274,3657.663698,3654.584115,3647.865193,3631.961835,3608.809819,3500.998761,3477.055111,3481.273658,3519.983790,3538.227976,3491.228449,3492.089614,3470.597721,3401.224813,3358.257243,3347.020300,3302.946353,3257.629558,3245.422659,3219.859593,3199.001248,3193.165741,3187.770303,3196.214197,3201.094425,3187.670219,3216.280477,3262.741360,3333.790028,3434.994386,3543.363275,3598.087708,3625.830262,3651.871895,3680.932497,3691.593802,3719.459138,3741.548885,3628.746270,3510.073811,3467.785242,3486.667714,3500.719779,3442.870378,3443.972125,3468.452069,3463.577703,3452.980884,3368.039169,3234.298735,3111.150158,3030.515691,2989.525281,2973.300730,2994.080306,3070.155807,3180.327987,3264.738134,3263.117162,3221.878705,3238.931129,3316.785187,3363.512996,3364.588992,3441.244318,3534.098396,3626.222263,3724.513655,3823.051500,3928.528218,4034.153486,4114.428754,4070.586065,3942.088553,3823.626427,3739.618142,3702.526673,3639.002675,3567.221153,3486.063907,3421.883683,3399.393391,3329.782937,3230.590569,3141.277123,3057.421279,2993.715448,2915.592947,2851.207081,2809.380311,2755.883923,2656.393847,2565.335969,2458.830817,2371.461939,2298.546286,2235.484800,2183.185630,2141.938971,2111.508754,2088.448895,2069.320807,2047.792570,2029.227052,2012.468538,1995.881229,1978.050114,1962.695887,1947.933060,1935.967756,1927.383329,1918.347814
2097.115479,2104.109213,2108.787433,2094.703040,2091.383036,2123.815444,2151.343243,2165.964474,2191.682697,2228.789790,2267.398974,2278.147857,2262.518997,2201.181919,2197.147880,2199.759211,2202.610570,2213.381227,2227.276186,2250.137484,2268.856779,2294.806924,2313.503240,2343.064385,2400.633636,2473.253524,2539.382580,2601.968167,2633.522743,2666.432781,2702.751979,2733.658674,2769.558597,2823.277418,2877.054451,2925.757010,2963.207132,2966.868676,2987.236616,3023.740108,3049.704328,3043.184970,3045.924544,3064.552362,3093.375701,3127.080428,3180.734487,3236.528436,3240.863436,3183.484197,3172.075218,3196.284491,3249.229676,3295.439127,3305.764059,3311.990367,3364.109489,3433.658389,3427.337451,3327.952581,3240.405698,3189.265698,3187.987557,3268.536761,3360.560121,3430.378681,3377.584675,3292.546765,3233.345421,3215.098134,3215.332907,3224.292623,3205.454569,3158.650507,3135.617997,3101.509420,3064.490575,3024.870328,2982.178936,2952.459564,2928.429568,2909.074760,2898.982989,2901.178816,2922.895262,2969.937840,3064.806941,3167.089736,3235.132112,3296.925008,3345.720055,3379.808225,3398.301044,3423.607101,3464.306481,3489.881714,3455.140281,3463.026754,3475.940459,3443.967321,3432.824382,3491.005102,3487.592511,3478.611821,3520.900086,3570.434480,3643.515821,3698.095832,3671.430264,3612.893548,3599.456139,3576.766547,3584.561335,3586.250404,3591.962111,3601.060014,3599.709130,3601.076959,3607.165667,3611.750015,3617.766386,3573.262921,3535.407451,3563.346704,3586.071312,3568.865843,3561.979713,3568.326457,3588.866677,3613.310785,3651.019905,3677.547831,3714.893871,3743.580968,3766.495401,3809.862176,3794.182757,3708.712218,3705.745248,3730.406379,3709.813863,3617.856450,3524.737353,3487.476847,3501.535306,3557.027558,3551.364382,3536.901516,3513.974299,3451.070481,3386.115259,3346.588695,3327.791366,3309.777173,3292.527847,3274.960395,3244.695485,3252.089666,3242.026727,3225.823294,3225.535978,3213.913635,3196.321653,3220.873380,3259.923591,3328.626231,3423.392952,3551.172615,3639.799781,3688.741442,3708.208486,3702.299673,3721.178302,3728.843580,3762.630764,3679.465565,3579.897203,3564.566328,3582.334963,3630.803655,3631.179106,3600.095734,3554.389276,3506.409137,3440.842109,3327.581876,3169.410656,3089.863003,3035.333384,3009.899133,3034.555461,3077.692314,3183.593611,3269.395147,3348.373577,3371.367003,3359.278700,3357.949279,3366.020968,3425.187176,3450.175411,3491.540237,3565.110075,3648.707512,3739.328868,3837.838517,3935.068980,4012.699734,4083.782159,4066.764328,3957.899002,3848.886148,3741.222650,3673.519802,3570.885711,3493.243906,3431.105072,3362.445069,3332.417391,3334.059904,3247.107950,3154.862469,3064.812028,2969.435027,2886.550921,2803.994123,2736.890670,2682.726976,2610.849960,2520.266739,2434.592319,2353.235064,2291.926961,2243.117930,2201.033130,2164.951434,2133.902555,2108.933947,2085.749985,2064.353210,2040.039416,2018.980427,2001.627230,1985.675884,1970.728634,1955.426748,1945.475017,1937.229317,1930.885435
2098.328727,2109.988860,2097.812883,2075.349383,2079.922232,2105.575662,2130.357736,2151.820676,2171.315945,2197.181086,2216.997620,2226.536043,2210.573613,2175.336694,2201.381774,2229.071663,2230.766423,2229.298442,2237.171584,2253.643578,2276.032016,2308.601744,2338.376897,2373.610251,2434.609121,2506.362429,2557.522234,2572.254749,2594.517450,2634.063454,2683.852742,2720.209983,2772.996844,2840.381671,2905.788729,2950.401474,2968.041222,2947.843356,2935.586847,2958.397702,2984.684895,3015.365329,3043.914016,3073.604084,3105.887070,3129.842986,3186.211523,3249.588559,3272.355842,3200.806992,3176.228693,3202.683089,3251.273326,3292.388302,3321.969047,3324.909002,3345.833590,3397.566988,3423.650547,3351.664421,3243.170065,3187.922308,3184.765721,3267.640775,3360.736999,3410.725642,3309.860707,3247.637348,3222.769027,3211.555740,3212.107082,3223.324349,3226.134955,3176.222668,3161.822864,3131.457237,3093.875509,3060.727735,3009.638851,2970.519028,2949.056891,2932.255035,2913.795048,2906.813487,2914.431697,2946.998373,3016.017231,3115.954231,3194.835666,3264.612356,3292.779632,3317.079462,3333.079890,3367.355231,3396.158951,3406.155054,3392.950403,3388.920745,3390.380895,3402.162479,3418.073074,3429.116065,3438.962711,3452.487983,3465.100407,3485.736545,3541.591104,3610.251913,3640.593520,3613.952703,3568.708633,3520.655705,3516.710410,3540.098018,3565.146366,3563.357733,3559.099510,3564.931995,3574.677514,3579.355496,3555.978946,3509.423064,3512.631005,3514.854102,3508.433398,3526.892346,3560.729117,3595.310263,3615.361041,3616.575463,3660.557127,3726.854019,3788.824056,3831.002580,3856.212022,3856.264292,3806.544121,3782.320555,3775.727264,3775.605930,3715.440827,3646.608759,3583.200766,3543.549810,3545.478596,3591.287233,3608.780412,3574.996887,3490.533900,3423.833369,3388.559930,3359.154216,3335.848247,3324.641527,3314.284936,3304.271661,3313.519104,3326.605587,3307.437856,3260.773941,3238.133662,3219.640106,3217.571780,3236.942726,3265.379847,3337.932124,3399.849355,3481.612891,3584.759302,3713.868002,3767.822249,3753.467591,3732.559380,3715.638535,3756.553785,3767.841050,3700.576911,3678.353069,3685.927060,3728.269451,3726.759347,3621.307933,3537.475366,3465.660054,3391.210544,3283.095272,3178.128598,3117.409714,3085.060097,3069.678504,3086.917464,3181.526916,3274.090023,3338.415090,3421.499050,3486.029321,3480.577226,3472.696503,3429.069473,3453.196507,3508.505003,3549.684835,3609.187633,3686.806253,3780.352367,3865.727258,3909.781088,3942.346060,3990.317128,4018.156785,3957.087537,3848.108995,3741.416023,3641.232437,3536.658332,3441.228376,3369.419027,3294.800623,3246.437832,3260.647712,3284.207438,3217.450119,3106.690939,3015.235932,2922.004466,2818.680343,2718.902686,2641.012880,2577.006914,2504.120618,2439.728997,2377.436892,2314.914165,2263.151605,2220.118511,2182.954528,2149.134269,2116.376421,2086.423773,2065.909124,2045.538049,2031.556242,2013.207397,1995.871194,1979.808773,1967.809776,1956.388058,1949.478409,1942.772749
2100.080445,2094.987318,2077.421555,2050.335914,2057.677776,2111.266139,2128.812413,2139.487027,2149.431407,2162.767226,2173.676992,2179.091523,2159.824578,2171.640119,2226.827827,2247.407420,2230.649117,2224.369246,2232.482390,2257.423663,2280.801001,2315.204300,2348.355615,2389.240725,2441.505061,2488.735363,2511.231177,2531.885819,2560.954561,2596.550520,2649.565091,2694.760019,2758.318495,2830.635652,2916.809953,2964.247656,2956.885741,2929.096250,2910.796473,2933.203518,2991.940283,3048.724764,3084.424368,3119.362402,3140.364905,3145.936521,3192.579718,3257.306990,3298.722820,3246.475686,3213.517512,3218.442085,3249.380493,3297.261759,3334.742678,3352.035375,3357.116396,3367.174865,3419.337863,3393.732331,3281.708021,3194.038983,3181.486629,3275.138300,3377.741823,3399.726814,3306.042538,3247.877031,3239.879657,3262.829310,3286.646594,3264.623651,3245.652037,3217.151636,3206.226791,3160.834172,3107.612317,3077.408404,3031.102564,2993.785825,2967.488571,2945.917091,2921.913556,2910.903432,2913.585363,2929.491181,2980.596188,3062.971871,3160.106072,3231.206430,3269.297649,3293.913902,3315.554367,3340.542739,3370.114674,3351.413269,3328.555964,3323.896876,3319.770735,3337.175994,3366.550452,3378.373274,3396.066377,3407.525413,3420.975772,3443.724255,3477.276234,3517.458218,3523.021689,3509.044943,3495.357167,3515.283589,3549.558432,3556.764586,3555.305544,3560.383092,3556.030117,3549.131625,3543.499762,3504.497314,3493.016704,3477.598204,3473.426150,3474.169292,3486.732910,3510.728494,3531.747366,3533.174604,3534.167320,3527.758342,3564.536213,3633.057768,3725.267275,3806.072408,3875.924694,3804.230284,3742.000239,3715.882104,3694.652543,3692.885220,3669.104814,3644.210294,3619.748850,3600.502447,3616.840415,3656.872093,3651.769046,3553.744137,3481.931285,3440.826402,3422.587231,3393.849721,3374.907931,3359.726409,3321.711066,3316.559966,3336.659489,3349.370234,3320.064813,3265.856287,3239.766056,3223.212686,3232.884271,3257.585228,3276.477867,3323.532553,3361.765451,3419.910478,3519.165141,3653.403988,3747.764236,3791.668192,3772.888157,3685.293200,3680.236976,3698.988777,3692.201895,3672.621150,3659.945837,3681.385310,3698.429886,3624.897388,3542.049791,3455.847679,3363.273866,3273.519353,3203.466773,3152.496740,3151.671737,3135.899983,3163.097904,3246.906353,3347.443571,3423.492525,3499.198338,3575.329094,3568.955185,3515.188099,3467.374631,3475.144174,3524.515012,3585.411668,3650.642065,3720.199697,3796.872523,3824.004768,3814.903683,3841.201671,3885.424909,3918.970448,3913.373518,3827.513441,3730.395437,3618.996896,3499.665021,3397.567435,3298.432374,3225.744588,3176.464968,3175.569136,3221.641428,3192.386839,3106.110541,3027.263526,2922.992302,2820.583189,2713.267795,2615.826915,2542.074311,2475.233712,2431.675012,2386.949082,2332.375296,2273.389545,2221.617015,2182.852810,2146.070971,2107.344416,2090.669697,2076.868539,2063.159744,2043.773602,2022.740190,2007.063665,1991.349675,1978.016373,1968.385960,1962.187942,1955.006697
2076.284823,2062.966026,2050.065141,2039.365835,2039.940693,2083.440921,2122.112318,2128.707363,2126.513245,2122.953415,2132.264918,2144.263627,2134.101310,2175.127760,2236.185473,2230.412824,2211.654119,2212.536398,2220.668049,2249.730727,2278.775331,2310.317461,2335.047145,2370.412059,2418.457557,2452.543077,2467.553406,2484.473964,2515.795146,2558.300281,2608.877003,2644.451443,2706.514611,2767.049909,2849.114042,2932.630054,2909.428929,2893.303484,2905.745985,2942.870776,3002.764969,3067.291260,3121.312885,3158.327608,3182.556853,3190.002427,3217.372665,3259.948087,3301.777859,3305.608814,3275.657102,3277.084393,3306.635125,3341.814548,3355.668443,3346.245727,3355.670393,3364.280090,3395.175735,3405.017017,3304.810198,3248.932367,3232.402206,3267.511689,3370.199792,3378.702120,3342.334022,3305.811316,3293.369072,3307.058844,3301.467893,3265.543212,3250.184533,3245.229502,3218.170173,3173.110982,3119.291346,3085.036586,3049.184417,3016.943180,2979.774283,2951.328753,2930.949264,2916.254009,2913.313434,2922.807304,2961.138502,3036.791489,3124.331941,3194.298968,3243.623463,3270.034096,3299.541246,3315.174113,3337.992158,3314.214924,3279.742547,3266.616639,3269.142131,3290.303247,3320.664559,3347.932779,3358.260621,3346.687526,3377.349264,3427.687692,3434.337151,3430.293050,3429.990015,3449.989165,3477.958898,3509.283494,3519.126146,3519.986902,3546.902734,3523.753699,3512.159880,3494.169604,3483.541491,3466.804518,3472.208617,3478.688459,3471.126677,3483.898651,3495.476155,3496.042600,3506.692550,3500.886615,3499.992729,3498.531551,3516.027284,3574.390789,3645.975367,3717.773171,3806.545226,3791.017687,3708.214443,3661.238041,3653.877838,3638.380632,3619.032790,3594.856820,3594.256785,3631.987100,3693.559006,3726.523549,3632.712465,3552.860081,3506.680495,3494.176328,3485.443171,3457.855242,3428.543207,3369.331983,3330.594415,3336.196381,3348.312837,3352.788127,3290.516781,3250.395328,3233.366539,3226.618891,3248.799064,3280.571274,3288.096533,3314.572267,3335.696272,3377.785212,3459.279415,3561.798892,3654.241848,3771.065009,3737.098898,3630.594317,3605.326697,3586.086686,3586.731010,3567.009231,3545.224098,3566.892904,3604.364965,3565.535960,3478.646479,3392.747056,3320.016766,3254.667745,3219.808553,3190.002357,3180.431533,3180.057556,3208.017901,3293.411821,3398.734095,3492.921051,3575.173429,3627.691448,3594.227928,3534.045019,3488.789814,3487.697177,3527.840748,3588.895104,3653.154337,3720.877621,3772.895874,3730.343547,3706.863536,3734.561847,3774.246731,3820.377565,3808.218674,3721.910620,3649.010418,3587.237456,3472.773845,3392.420779,3294.387010,3187.027423,3123.555654,3093.910923,3121.109228,3102.877307,3019.107338,2972.978410,2918.201279,2789.343835,2674.911219,2566.589730,2484.275672,2425.737375,2385.933362,2348.711201,2291.538449,2236.838929,2188.654991,2159.621019,2136.588676,2131.643382,2119.325451,2096.043918,2074.685493,2052.066844,2033.429792,2018.487843,2002.994577,1990.448879,1981.830632,1974.751111,1966.065447
2034.636497,2030.024018,2034.513842,2028.230729,2030.897130,2048.930869,2066.813845,2077.252825,2090.058906,2109.086892,2132.821984,2135.702264,2129.633780,2179.164457,2221.996853,2209.256022,2197.719115,2204.047422,2215.223782,2239.755930,2266.861130,2289.990410,2311.308826,2338.873682,2385.190274,2407.483984,2425.750036,2442.337251,2474.658053,2512.867450,2558.798751,2595.335976,2644.475399,2706.835038,2775.078012,2827.832749,2834.977513,2882.498963,2914.197354,2951.085831,3009.853163,3069.273648,3114.462189,3148.401675,3172.609651,3183.773385,3219.383667,3260.394057,3307.869645,3348.872439,3348.360719,3354.104479,3403.343722,3415.297583,3348.364331,3316.998377,3328.684246,3366.968506,3394.615082,3426.448188,3328.680113,3316.886686,3306.834975,3307.124332,3390.043075,3374.128613,3342.120492,3316.374664,3301.777851,3289.433101,3255.731711,3246.971077,3242.810973,3234.520131,3211.660688,3169.062706,3133.862961,3104.302250,3067.802788,3027.357357,2991.352531,2961.325152,2942.799567,2923.664534,2920.128672,2927.871676,2957.310350,3024.847527,3093.067114,3164.499592,3205.092368,3223.635114,3239.168409,3250.538894,3270.145059,3254.517201,3245.094222,3242.123426,3258.520928,3271.931290,3279.643106,3297.571780,3318.192059,3306.078475,3332.268894,3375.216290,3360.153285,3341.526600,3360.206250,3395.388458,3436.956958,3458.981681,3439.033289,3445.219557,3451.370130,3440.273450,3446.964522,3469.499701,3465.217967,3468.050722,3489.754108,3501.724221,3490.004897,3501.335949,3513.105464,3516.904716,3512.799928,3501.732638,3504.711329,3507.927880,3522.535326,3557.376952,3598.302036,3650.996227,3728.668717,3802.090657,3729.721785,3673.078595,3633.611965,3591.569459,3586.025689,3579.885737,3591.957631,3633.050182,3665.715098,3649.675550,3598.183453,3567.549857,3566.893951,3594.078035,3565.614581,3516.065107,3475.398455,3399.083569,3356.533499,3364.416765,3373.031460,3347.254641,3276.836278,3245.701258,3232.811791,3232.473864,3259.634894,3307.752509,3339.195149,3336.497869,3331.944644,3346.866598,3428.075892,3515.554571,3580.840490,3720.421443,3750.590601,3645.351550,3585.030460,3545.434360,3534.826438,3476.747078,3421.169903,3434.890868,3471.348650,3446.308634,3356.969492,3297.753733,3263.603645,3226.826173,3204.181074,3182.494851,3174.092248,3235.735993,3258.750230,3303.365790,3378.117773,3479.006278,3585.296929,3664.505165,3633.796975,3563.079425,3509.266446,3493.553636,3528.669619,3582.722291,3643.727802,3711.510904,3720.640272,3653.660479,3615.437869,3633.299197,3666.864620,3720.033615,3709.633147,3641.907082,3572.707207,3505.021655,3399.616805,3346.660972,3286.951964,3197.705693,3104.332002,3033.335746,3015.986071,2988.265443,2935.459313,2889.198231,2855.950017,2743.168774,2618.576938,2525.358980,2455.534142,2403.378190,2349.207307,2287.440355,2241.161118,2225.182876,2212.681723,2199.047810,2181.814178,2160.808863,2135.606554,2104.696837,2080.931695,2062.514241,2043.396407,2026.655740,2015.006057,2004.769050,1993.046653,1983.376707,1973.002561
2031.839157,2061.884409,2090.291957,2062.103992,2033.373538,2032.629804,2034.902053,2053.478843,2089.714313,2119.425223,2141.442752,2123.129258,2119.737094,2170.041627,2193.537114,2182.385822,2184.790852,2201.416768,2205.570528,2224.006421,2255.903458,2272.446517,2281.715222,2301.394907,2331.171660,2353.389133,2376.342873,2400.289101,2427.428763,2460.655394,2504.266320,2550.808273,2595.787803,2647.063785,2693.636769,2752.192980,2817.259048,2881.950252,2922.400102,2967.600035,3017.590705,3067.925752,3091.431530,3111.859038,3122.680859,3150.542743,3203.674846,3263.315158,3321.961923,3350.064558,3372.636595,3401.736688,3439.233960,3452.192223,3397.827370,3362.614034,3365.271547,3372.077841,3402.340744,3442.705444,3417.150314,3401.244714,3394.916869,3417.651319,3417.264552,3353.292150,3298.774080,3288.954847,3274.516661,3251.563442,3236.961427,3236.335222,3232.294078,3225.181025,3212.467651,3174.293186,3139.833044,3115.850086,3076.278886,3034.662297,3003.392828,2975.578405,2954.863437,2937.238742,2931.723865,2941.190624,2955.465794,3001.908728,3066.295003,3127.189440,3149.004987,3146.127396,3160.220296,3162.859295,3167.251591,3178.918165,3215.659610,3235.792682,3265.604486,3288.973712,3294.241607,3290.289193,3293.791147,3288.572986,3283.831922,3284.081314,3273.100189,3273.305596,3298.142444,3343.560519,3371.753140,3378.403549,3370.681335,3401.145667,3424.233727,3443.454505,3455.393399,3458.340003,3477.840063,3510.839926,3523.213015,3528.254331,3525.967053,3549.570526,3559.724397,3555.541695,3550.410836,3538.311461,3545.188562,3546.737397,3561.306371,3573.532743,3579.605659,3613.964637,3683.475327,3783.188819,3759.029241,3715.961790,3653.442997,3590.646543,3581.736808,3583.701052,3588.130244,3583.708457,3586.537595,3582.484245,3574.754129,3609.724863,3703.482984,3745.380149,3612.625529,3539.683434,3503.216519,3448.262420,3397.540565,3388.265751,3411.762373,3366.385986,3278.281760,3247.772982,3240.858444,3236.409675,3261.881666,3325.395470,3378.647605,3360.439769,3349.626406,3357.882901,3403.506267,3495.704159,3570.943167,3709.176270,3781.933365,3711.647653,3615.787643,3547.408534,3510.387867,3415.395250,3353.355323,3340.163484,3344.884870,3326.692284,3267.695745,3240.678587,3222.299929,3195.499806,3181.190487,3191.620505,3236.922892,3273.433274,3266.849662,3294.954670,3357.523404,3462.985186,3571.291850,3682.195610,3668.375856,3587.774476,3523.999234,3500.726807,3528.859160,3577.944864,3632.564182,3662.090035,3629.994925,3590.647336,3534.040064,3540.449852,3571.355983,3634.563159,3613.650829,3551.338517,3508.675025,3445.110341,3329.679966,3267.153705,3248.827546,3218.941890,3125.592805,3023.796146,2947.656493,2904.258651,2843.871326,2787.469105,2759.708690,2676.318183,2572.900250,2510.446932,2460.085692,2383.057453,2310.335947,2286.693447,2294.371696,2295.315551,2267.109286,2231.125902,2200.507951,2178.637724,2152.995408,2121.433897,2092.616632,2070.457472,2052.064528,2039.018457,2027.114338,2013.983301,2001.395881,1990.705277,1982.422989
2079.462588,2103.334158,2113.552064,2098.349893,2067.289409,2066.546705,2073.319822,2041.791078,2056.112168,2084.512618,2105.221609,2092.566137,2105.107601,2148.459389,2170.343941,2161.593824,2175.413419,2189.196450,2195.853143,2208.845542,2245.527932,2259.495378,2256.197947,2265.816669,2284.998919,2305.625138,2330.354127,2356.185079,2377.308447,2413.010028,2446.987237,2489.803314,2542.046217,2588.664404,2656.928872,2740.984220,2813.032784,2867.264037,2919.615593,2958.735744,3014.510584,3020.799261,3032.968812,3051.999068,3064.130599,3110.072533,3172.601843,3239.554652,3305.055296,3315.551284,3320.575310,3350.805915,3389.851200,3438.200091,3474.472537,3483.562509,3461.684716,3428.116640,3452.697852,3458.091283,3465.691270,3490.145060,3508.680012,3492.614501,3420.017839,3368.810048,3295.287392,3274.555354,3267.958087,3250.106276,3244.484826,3261.065265,3273.896734,3260.826121,3212.425925,3161.892411,3131.084344,3118.386635,3094.973006,3054.021927,3029.584798,2998.914026,2973.507216,2954.088002,2943.256574,2948.506290,2965.165927,2994.182500,3035.823911,3082.197367,3090.643279,3084.218219,3099.333497,3099.333755,3094.804477,3105.983948,3138.358484,3188.593674,3230.309711,3262.016427,3283.997186,3271.409248,3257.737348,3254.927444,3254.529021,3250.138089,3246.589259,3246.773951,3263.341915,3283.008809,3305.607644,3315.473542,3341.244938,3396.081504,3454.397564,3481.482186,3475.093192,3470.709977,3492.470970,3502.504699,3510.371760,3513.505555,3530.013037,3547.677189,3551.039962,3572.431610,3597.916570,3611.099196,3608.112345,3594.862226,3587.793737,3587.471240,3581.660626,3605.706376,3666.087372,3798.011531,3859.949398,3762.422076,3681.668096,3606.968090,3581.417668,3591.185246,3574.169727,3569.250169,3567.703955,3568.822035,3579.862108,3650.941754,3711.738513,3738.095836,3682.291995,3573.611576,3519.357869,3481.464411,3425.457357,3410.278292,3437.685101,3381.484174,3286.167767,3260.986885,3255.820453,3247.702297,3277.629679,3358.664402,3392.242084,3365.568199,3359.114685,3371.393961,3407.295422,3499.271990,3635.077413,3720.177326,3766.303119,3777.579866,3687.265516,3586.588186,3502.673855,3419.204614,3356.780086,3308.845356,3280.813877,3273.267526,3247.282058,3232.658954,3209.117139,3194.018304,3200.136247,3244.053568,3339.072077,3309.651744,3299.132729,3307.144870,3352.900655,3453.183825,3566.471554,3682.741479,3674.333514,3593.778909,3534.472287,3507.289521,3529.664217,3575.733145,3626.664671,3610.578298,3542.475580,3498.113743,3453.302033,3462.311518,3485.603994,3539.396174,3506.043176,3460.873080,3415.499129,3364.325744,3273.825437,3201.837177,3167.372240,3187.346172,3166.667505,3056.876453,2964.938327,2887.846997,2822.064838,2742.642526,2679.921873,2602.382463,2560.475506,2525.236348,2437.137471,2348.912684,2345.082424,2362.075235,2351.608997,2320.854798,2282.022769,2243.037641,2204.245723,2171.053820,2143.467780,2120.078850,2096.006761,2076.239663,2062.728775,2049.347599,2034.699787,2022.601196,2008.507807,2000.149376,1992.807282
2120.627368,2139.684164,2138.596511,2138.858717,2112.976796,2105.339192,2113.731929,2091.325102,2062.523073,2047.325120,2052.162200,2062.362757,2090.546731,2122.141869,2153.798265,2146.912919,2166.923418,2174.668295,2183.852538,2193.274642,2220.321450,2234.348023,2230.007548,2235.067289,2255.800994,2274.556357,2294.085761,2313.157256,2341.198939,2376.356661,2405.366483,2449.075950,2505.727779,2575.493963,2661.060628,2737.165115,2778.496419,2821.089742,2879.198434,2925.844736,2960.020322,2956.687514,2970.614564,2993.786787,3017.882812,3068.145084,3134.819162,3206.052044,3262.706139,3257.794194,3263.997186,3288.912940,3327.978093,3379.568299,3434.115065,3456.337035,3459.379417,3450.124023,3461.601357,3466.217129,3476.388068,3496.562491,3534.522532,3502.834976,3432.872853,3394.709561,3352.149898,3317.848558,3321.706544,3306.381114,3309.880220,3341.523110,3344.861446,3304.550691,3230.347399,3162.220147,3129.792844,3139.369954,3132.278815,3082.080735,3063.980564,3023.911713,2993.025902,2974.174039,2965.828759,2962.311871,2969.563828,2980.354554,2998.072965,3028.532353,3036.497707,3039.885680,3058.600190,3060.770688,3067.979685,3076.401186,3103.532390,3141.575646,3172.654622,3187.067088,3199.927027,3197.271726,3200.108198,3209.621557,3224.143024,3240.289500,3248.724719,3248.154848,3252.943821,3265.890214,3281.897827,3294.055590,3339.580535,3408.523566,3449.012796,3458.336260,3462.566966,3469.192767,3455.070807,3451.725357,3461.965665,3459.491272,3461.539191,3496.831177,3534.891846,3567.635869,3601.554375,3622.394983,3639.963360,3634.067517,3620.345822,3604.588258,3610.012825,3638.144520,3711.958201,3843.883193,3969.419381,3878.711741,3727.124448,3655.384813,3614.892725,3623.064403,3571.954468,3568.436278,3568.551965,3568.627470,3578.452676,3620.534274,3642.951353,3673.770418,3687.625581,3628.081577,3566.669371,3508.702153,3454.561141,3443.038697,3448.364056,3378.578041,3318.580256,3319.649556,3288.115116,3273.940520,3335.292444,3432.296928,3431.617665,3370.584396,3362.630259,3375.187641,3411.520362,3534.313306,3665.279636,3717.081943,3751.301406,3786.103462,3781.919655,3665.535147,3559.287799,3471.578779,3419.458786,3366.485211,3310.843774,3280.134314,3253.184659,3228.317873,3218.902536,3222.329277,3236.346508,3305.691239,3419.848350,3364.926799,3313.612315,3346.917070,3377.943897,3475.879317,3587.736556,3687.391289,3654.965533,3586.501767,3539.852793,3516.393138,3537.887920,3582.468776,3618.448998,3578.258546,3481.363493,3414.845095,3384.075464,3390.062026,3391.442837,3428.985029,3395.470946,3351.489779,3317.920575,3275.776982,3210.545255,3144.707355,3097.586654,3088.772880,3150.048053,3114.550362,3040.444076,2970.337807,2866.276829,2752.922125,2646.089110,2581.048651,2519.017640,2481.442140,2400.269245,2377.531712,2412.712224,2404.520822,2366.404466,2339.318562,2299.329768,2250.887851,2211.120350,2179.092841,2152.462010,2127.452634,2107.895260,2088.234625,2070.399413,2056.493657,2041.831228,2028.461804,2017.580831,2009.587799,2005.609772
2136.319426,2152.114114,2158.840877,2167.694996,2148.708408,2131.737389,2132.499330,2127.171300,2119.143233,2098.995061,2056.067926,2053.057619,2071.915446,2093.232875,2110.472808,2121.547763,2154.650738,2157.898222,2160.643488,2179.111219,2199.553781,2207.292984,2212.985645,2215.829188,2239.029042,2256.009954,2268.069406,2293.206932,2314.663441,2345.327909,2373.915221,2422.497971,2485.956802,2554.217046,2627.360728,2675.095502,2710.641226,2771.469696,2832.079424,2883.371714,2906.843810,2892.385629,2909.396543,2945.440005,2970.798826,3024.760352,3100.999507,3173.939555,3209.748307,3190.766281,3199.081037,3227.377632,3278.438478,3337.838679,3385.179527,3392.538677,3386.678440,3393.935647,3424.051250,3452.929542,3484.986986,3515.737545,3537.487826,3538.812542,3458.276855,3411.699422,3373.189132,3347.821652,3345.354118,3367.711088,3413.113846,3468.072396,3406.146247,3323.380267,3270.541886,3225.386498,3203.922143,3187.562019,3154.992827,3108.620828,3079.797177,3049.416117,3018.293870,3001.801970,2985.339946,2986.537738,2992.095631,2987.345276,2991.348709,3001.411098,3009.663559,3059.804109,3122.188828,3127.075642,3102.858334,3092.372728,3088.872190,3099.724925,3120.459420,3148.553605,3168.735903,3185.037899,3197.802902,3203.575614,3226.983334,3274.525380,3297.963311,3277.386788,3251.439358,3267.773155,3281.969534,3294.655986,3343.760920,3426.498012,3489.399942,3472.306128,3442.830887,3429.112907,3411.421719,3407.685058,3414.598242,3420.745775,3422.517903,3454.364895,3499.036971,3541.480214,3578.137988,3601.066813,3622.176737,3647.088612,3671.927689,3661.497241,3642.909841,3676.902382,3757.024253,3864.477592,3976.556639,3929.423072,3787.097961,3723.730825,3690.223837,3654.180654,3583.287493,3570.184882,3568.812159,3570.314821,3575.772290,3606.923203,3632.532939,3656.190052,3654.661183,3657.806128,3643.454600,3548.044291,3481.057151,3482.495699,3512.284902,3422.394408,3375.347850,3366.749213,3313.887778,3303.023617,3364.582780,3465.524827,3481.525758,3397.975410,3393.778695,3416.680755,3489.713804,3610.877583,3667.791879,3696.215534,3719.690215,3758.116080,3786.878434,3740.796916,3655.780297,3592.052446,3550.866948,3484.553505,3408.519080,3330.842769,3277.778102,3240.448771,3229.804623,3245.515466,3270.249143,3350.202021,3466.338634,3400.365131,3317.612466,3342.100246,3382.266274,3473.740061,3591.806328,3680.641318,3631.658284,3574.247705,3535.347567,3528.952237,3555.501314,3583.789753,3558.008152,3531.440612,3452.319343,3365.602345,3305.124211,3304.931519,3301.092330,3318.407541,3299.080704,3256.443791,3236.161151,3197.121197,3135.825237,3079.645379,3050.195831,3022.598873,3060.672321,3074.943710,2996.022027,2936.135429,2830.907367,2710.914615,2623.307859,2567.962100,2500.667838,2455.727850,2430.466754,2450.860962,2456.701503,2426.476200,2398.772454,2361.166777,2319.656398,2274.127509,2232.026454,2201.256423,2171.627056,2140.203728,2115.711513,2095.826649,2079.230758,2064.262310,2051.694459,2040.057651,2028.512762,2021.219634,2014.574676
2145.282296,2158.728565,2167.135968,2181.287806,2157.712115,2146.193230,2137.591899,2140.217241,2144.447775,2146.822910,2110.797898,2072.427619,2050.402764,2054.552033,2064.678427,2086.644142,2110.173275,2135.034195,2128.722686,2153.068559,2176.336435,2192.082140,2194.979096,2198.844127,2217.972908,2233.793169,2251.998514,2275.529937,2300.257660,2326.211245,2355.366161,2400.616665,2454.730256,2505.596278,2559.375865,2606.964989,2656.191657,2723.831392,2804.000981,2844.989718,2843.963228,2845.486668,2856.759167,2885.792536,2925.876141,2989.994665,3059.672093,3128.967506,3138.739722,3117.420947,3129.762341,3178.472184,3250.146732,3312.385172,3348.349810,3330.861645,3312.059912,3329.791309,3372.380502,3428.879115,3489.787245,3538.558642,3561.439975,3565.866737,3502.734652,3435.570725,3398.114098,3381.994777,3371.330909,3431.159703,3528.927427,3547.542454,3442.376804,3357.820945,3301.822475,3284.494284,3251.539374,3199.428339,3156.372488,3108.246041,3080.886082,3060.759176,3041.119648,3024.392131,3006.664826,3009.668547,3020.445097,3019.278430,3025.087569,3038.830722,3035.259965,3084.123517,3154.043569,3201.438631,3188.429573,3156.782188,3148.834535,3157.601410,3186.815909,3219.954766,3243.567341,3264.972500,3269.068821,3250.146207,3277.847327,3342.135244,3358.022098,3326.150422,3281.982142,3269.148902,3282.260945,3295.703104,3325.329866,3422.465308,3485.767705,3468.079580,3427.848940,3399.047054,3395.414110,3395.352228,3412.080977,3421.469267,3426.595517,3441.532749,3471.992363,3523.244262,3546.306349,3550.385133,3565.739667,3615.681104,3702.411622,3710.469167,3671.056446,3696.015223,3766.215434,3871.979662,3912.322781,3842.219043,3789.101974,3796.478102,3766.533391,3694.274842,3653.136522,3617.216890,3584.191970,3569.725037,3574.001811,3610.136879,3643.527378,3660.852522,3660.509271,3658.584679,3662.918169,3609.863245,3531.145362,3549.034823,3596.714655,3471.756062,3399.916260,3376.016487,3326.423587,3309.980501,3345.836240,3428.678757,3522.305805,3502.428642,3504.387996,3543.673836,3586.032928,3606.789287,3615.993729,3625.178467,3641.577600,3669.984747,3708.635565,3752.134838,3708.019147,3691.212293,3691.202968,3627.691717,3496.650800,3369.276498,3318.870055,3273.784234,3272.653370,3283.751331,3306.966593,3394.725579,3500.341058,3449.982648,3346.665392,3338.264527,3364.365577,3428.987088,3537.967674,3632.412097,3607.976661,3562.316540,3543.979145,3556.452440,3559.359969,3521.106586,3473.666229,3476.427453,3420.055924,3327.150606,3240.358315,3223.262061,3214.117517,3215.195569,3199.906818,3159.865842,3142.552797,3109.497021,3077.860828,3014.432807,2978.402155,2951.082649,2974.223427,2995.270360,2921.281963,2841.987410,2752.454378,2672.381906,2615.209580,2561.794566,2536.664216,2515.782901,2517.827185,2510.231832,2465.935479,2414.632906,2373.750419,2342.718819,2303.724875,2268.757537,2236.329968,2198.641255,2165.723257,2142.745066,2120.779727,2102.228592,2085.932101,2072.391102,2060.124981,2049.431386,2038.703968,2031.094652,2023.752697
2165.103165,2167.265037,2176.054054,2183.341285,2160.349664,2154.017375,2143.718438,2144.559759,2153.243610,2157.926946,2136.233650,2121.848228,2078.639008,2051.323684,2055.246992,2067.269742,2084.645444,2103.162821,2100.753349,2108.823383,2129.469965,2141.363474,2158.385341,2180.977526,2194.026301,2212.196458,2235.134020,2252.617869,2277.375861,2306.306937,2335.811108,2370.973267,2414.733512,2460.270994,2500.142816,2565.901757,2630.904563,2704.292281,2781.506899,2803.221928,2809.056979,2817.283768,2816.206141,2839.750351,2897.257194,2962.482433,3028.542493,3091.775750,3071.954813,3051.309354,3082.274165,3145.834754,3222.131502,3278.887585,3298.390583,3266.964543,3247.760191,3279.946540,3340.142581,3409.759472,3482.955558,3546.219786,3582.469117,3588.899699,3577.972215,3493.112251,3435.185404,3408.408348,3403.267784,3488.964993,3543.878166,3540.696521,3458.929606,3366.374695,3320.378508,3267.771511,3221.156975,3189.510492,3146.865003,3094.417878,3075.692439,3059.233630,3048.188447,3038.863538,3029.814449,3036.242133,3040.943951,3056.147152,3084.406683,3113.423684,3123.871021,3146.410201,3209.826769,3266.923185,3251.579366,3243.384090,3257.057625,3277.943005,3297.953749,3319.600183,3338.817565,3351.063682,3343.262371,3330.773119,3344.597510,3370.414639,3374.367872,3370.559628,3322.829861,3277.102462,3272.323259,3285.968392,3312.928291,3409.204823,3443.968647,3424.708674,3403.253138,3393.954394,3397.897504,3398.338767,3400.737544,3414.236532,3426.687530,3440.476046,3461.460996,3508.336681,3532.529322,3533.318564,3547.179249,3596.970164,3691.516380,3750.175513,3736.825953,3710.654052,3752.452747,3822.827666,3807.090912,3741.645414,3708.003865,3761.471792,3838.903484,3774.986133,3721.554683,3676.089891,3612.082951,3572.238941,3568.072540,3610.033049,3652.406391,3667.152304,3673.552115,3663.439290,3659.639734,3657.124818,3634.156562,3622.565716,3616.109427,3488.382027,3407.812140,3354.496948,3311.969397,3317.360105,3347.038848,3426.091534,3533.242934,3546.170508,3560.496471,3566.404487,3561.720216,3558.600567,3561.525862,3569.410376,3585.339227,3609.053462,3631.570711,3702.888525,3772.436092,3762.818559,3729.831282,3619.224264,3505.990848,3405.616224,3339.385214,3297.635821,3309.373404,3305.203206,3328.509517,3425.435472,3511.145142,3460.134311,3387.301303,3361.129626,3371.647253,3411.915576,3488.149271,3598.310527,3590.837210,3559.190112,3562.756370,3541.646183,3485.535656,3443.179173,3408.354794,3398.435690,3350.380634,3282.799501,3198.461832,3147.218061,3137.690285,3125.015934,3104.730742,3061.392302,3048.921245,3038.772770,3004.198726,2938.017680,2909.330776,2894.359482,2905.114139,2925.842576,2861.217322,2772.507310,2708.743453,2659.898881,2620.026169,2588.393379,2590.059081,2582.047216,2548.772781,2506.227797,2456.964236,2410.304011,2361.582035,2317.008984,2282.208943,2247.716344,2222.375301,2194.570841,2172.010532,2147.846268,2126.805990,2107.715031,2093.400430,2078.188561,2068.511896,2057.075324,2047.193800,2040.310192,2033.381157
2179.166282,2182.467603,2183.692460,2185.860283,2172.168457,2160.334955,2149.169612,2147.082932,2159.066540,2164.543536,2149.882274,2147.084773,2121.313057,2071.152590,2057.042748,2061.818382,2066.383718,2083.955589,2087.201109,2083.147681,2085.446636,2091.079953,2122.190588,2155.059651,2176.050144,2196.908972,2217.222129,2239.985514,2259.335568,2285.439227,2308.561568,2336.804289,2377.276284,2426.749378,2481.874484,2557.893065,2636.522241,2698.559750,2752.370404,2778.002456,2777.861214,2777.754114,2790.254303,2825.919875,2887.355525,2956.142883,3016.126379,3059.068242,3020.106592,3007.164155,3041.286935,3099.622011,3167.295875,3225.523162,3233.410096,3202.148204,3200.500732,3250.972378,3317.501889,3387.078736,3454.285368,3526.070850,3581.292390,3609.782025,3627.615650,3598.897977,3506.918671,3474.283122,3460.575475,3458.101994,3462.550064,3475.382697,3425.586175,3338.533425,3265.918548,3213.950679,3193.665454,3169.078314,3124.853331,3086.462821,3068.155795,3051.160393,3046.236850,3045.006886,3053.138007,3065.657635,3068.477517,3070.219182,3099.177576,3141.718598,3174.865157,3213.110076,3261.781171,3294.870238,3296.557905,3313.884147,3342.359218,3376.448025,3403.525176,3419.745497,3421.930324,3436.871459,3421.957997,3403.949553,3387.266263,3399.730984,3422.429921,3410.663728,3341.282072,3287.917669,3273.197560,3282.461460,3320.997566,3384.064019,3399.707857,3406.547769,3423.271768,3410.838740,3403.135876,3396.103567,3394.439143,3399.313530,3410.774242,3426.502633,3441.640073,3492.950667,3559.208422,3579.404994,3588.460409,3636.050225,3697.232321,3781.240395,3824.698643,3778.794301,3758.053395,3752.070638,3726.996579,3688.688390,3697.088412,3767.762631,3867.711929,3904.232376,3821.040699,3767.805945,3622.173835,3565.033371,3567.038400,3597.247684,3617.834751,3637.907757,3658.758961,3663.941171,3646.228037,3641.306026,3641.345588,3628.037306,3605.318490,3500.635347,3399.732854,3338.191253,3327.327185,3370.074901,3438.233216,3494.290522,3526.297596,3540.668049,3549.216179,3546.607660,3545.330634,3538.490119,3538.537352,3540.536869,3548.492362,3562.794431,3572.964968,3613.812040,3712.417714,3776.976388,3672.642980,3567.334633,3482.879905,3405.595452,3337.694835,3328.163160,3338.046479,3311.971804,3362.910726,3458.235059,3518.859307,3442.444330,3395.554600,3415.378251,3424.778465,3448.008017,3518.958086,3610.165466,3597.659919,3556.366607,3513.548782,3462.020663,3417.425835,3361.675519,3315.191242,3294.196854,3276.577035,3204.462642,3127.337690,3087.543942,3061.636995,3033.765797,3001.644507,2967.112863,2962.264269,2949.678081,2903.787756,2866.823022,2846.670451,2841.640886,2845.070500,2842.719047,2788.340108,2724.753771,2685.217190,2659.476976,2648.386804,2615.662984,2608.186879,2571.327248,2528.368437,2503.082222,2464.705908,2414.656322,2369.368668,2322.363556,2283.230879,2254.820558,2229.116686,2194.133659,2169.336173,2150.136080,2130.901843,2114.699813,2101.060364,2087.053141,2076.257907,2065.381864,2059.186059,2050.388449,2040.545448
2195.897191,2196.148020,2194.615542,2189.449560,2185.791427,2174.722056,2165.721943,2167.247942,2168.227838,2180.820155,2164.430553,2163.841866,2159.128616,2095.440999,2069.046440,2058.080395,2062.555666,2079.523944,2084.794858,2080.351920,2082.996062,2088.414839,2110.320063,2146.178241,2161.804171,2178.337380,2204.348616,2230.786361,2245.429856,2263.541599,2281.416507,2311.527145,2355.039322,2407.244268,2472.437166,2549.928253,2628.346986,2673.135865,2720.310852,2736.717801,2734.810696,2756.272349,2792.662877,2834.730185,2891.954776,2953.023067,3009.095911,3041.069826,2990.910174,2974.046954,3000.924455,3049.265328,3106.059641,3161.394034,3166.417130,3146.134181,3172.691178,3229.422994,3295.457260,3357.670863,3423.183583,3495.513422,3566.153315,3623.164124,3657.314200,3652.346512,3585.526994,3531.688241,3482.421574,3420.855796,3403.904381,3425.898583,3359.427192,3270.024530,3217.955292,3195.333335,3173.816924,3141.073062,3109.878159,3081.807676,3062.457011,3047.846396,3049.145683,3059.449653,3078.160561,3091.480672,3083.671774,3074.300761,3084.318649,3127.552963,3172.507739,3208.621164,3261.928312,3327.593134,3368.206365,3407.694368,3454.265060,3497.468822,3534.818145,3558.923240,3573.737840,3606.769719,3633.658634,3540.057077,3473.439459,3465.822086,3460.031565,3423.530344,3327.118908,3282.176371,3273.993728,3283.301532,3311.363557,3355.777996,3375.226843,3411.747675,3465.385815,3478.318543,3454.260082,3420.346773,3400.176416,3398.350090,3411.118522,3420.426164,3429.077640,3460.467207,3518.970879,3589.467159,3621.101840,3665.497669,3711.562354,3804.541720,3831.923708,3768.795671,3714.798796,3697.530617,3673.695743,3664.683685,3714.227422,3802.097456,3916.452644,3979.217178,3879.596493,3763.305684,3632.673253,3566.916190,3565.437522,3576.623664,3577.792428,3587.180825,3608.370667,3614.870603,3595.030116,3599.382765,3607.897168,3607.690153,3593.305069,3528.698379,3412.224438,3352.092479,3351.739398,3411.083416,3447.465271,3487.382926,3505.345663,3512.687520,3529.876873,3531.396515,3523.972779,3523.408110,3526.472854,3523.751991,3514.349207,3510.745904,3518.907206,3567.048565,3647.303666,3724.273894,3644.875366,3531.634552,3446.329948,3369.189949,3338.385656,3356.414969,3344.734849,3329.244265,3407.248593,3508.431005,3522.360080,3434.305019,3435.446644,3475.210769,3490.864031,3539.205675,3613.466113,3655.320007,3588.903965,3493.346684,3435.479033,3378.929845,3317.069718,3259.898285,3214.214712,3211.176936,3180.490394,3115.925849,3058.420679,3033.938602,3013.670536,2968.004776,2936.176514,2902.667147,2876.150184,2854.201609,2820.391118,2796.589770,2777.660588,2775.965586,2768.117532,2750.810828,2721.512607,2695.368242,2683.177656,2664.649232,2653.209902,2620.624887,2572.926006,2527.667999,2492.915239,2486.679693,2475.302928,2425.309274,2367.445309,2312.727060,2274.207331,2252.326646,2228.601483,2197.980444,2169.854799,2150.934303,2134.958131,2121.171924,2108.120753,2097.252413,2085.472737,2077.989330,2071.001667,2058.969594,2049.090214
2216.102344,2210.409246,2209.487901,2202.903340,2204.226001,2199.572131,2181.696029,2172.774737,2177.538279,2189.352498,2172.877271,2176.367334,2181.525165,2125.946061,2094.731755,2071.509892,2062.611353,2067.228201,2072.417949,2073.286761,2082.878972,2088.903898,2098.443566,2120.583218,2143.067374,2157.217181,2178.841155,2213.049095,2222.498325,2234.273763,2258.947750,2294.772397,2333.024564,2391.516854,2444.881193,2511.613939,2583.701469,2644.532175,2676.683758,2682.478438,2694.338073,2754.933565,2802.622588,2841.272425,2893.294309,2930.753068,2979.090113,3005.026679,2966.652437,2952.759405,2978.302128,3006.375597,3046.695606,3085.557287,3100.291097,3111.086473,3155.795783,3215.572608,3276.736346,3341.292108,3403.726837,3480.918317,3559.840992,3633.752267,3675.466190,3652.973914,3577.478944,3529.714587,3478.054012,3406.120140,3376.747965,3354.285689,3286.715725,3233.264904,3210.133271,3187.172090,3156.375075,3123.813368,3106.578252,3078.282904,3055.967856,3050.396452,3057.459878,3087.632125,3121.208735,3132.278618,3096.936645,3076.629120,3078.512498,3109.974169,3150.723312,3191.825818,3242.243788,3306.174819,3398.601334,3490.507958,3559.222900,3617.680972,3646.442414,3690.684275,3727.507500,3753.836704,3792.582717,3712.916929,3604.955305,3527.667355,3489.211924,3421.444671,3350.620716,3298.538837,3288.928995,3293.118302,3309.040361,3331.865325,3356.173834,3383.260416,3441.998346,3514.755307,3512.285266,3458.171535,3425.978133,3410.531503,3420.315020,3423.036636,3425.340212,3437.588834,3503.955049,3603.669050,3646.628725,3659.785989,3712.371328,3744.345898,3712.619865,3671.163757,3652.752419,3656.925844,3644.128205,3668.211568,3743.380277,3842.744160,3951.316314,3997.779020,3906.675808,3747.001458,3628.390225,3572.731126,3557.897648,3561.311579,3565.830877,3571.161480,3584.873335,3591.675083,3573.400401,3563.854571,3578.082397,3580.263455,3576.066187,3562.464341,3477.914008,3381.025029,3367.686013,3397.109602,3417.822227,3456.982878,3474.189084,3491.915302,3505.565293,3506.240614,3501.729992,3506.613001,3512.630483,3501.206093,3488.930184,3490.980727,3500.654549,3530.662483,3604.364685,3680.276364,3614.683073,3530.189668,3459.108306,3392.014052,3368.332631,3372.945605,3336.988629,3351.804334,3443.400608,3541.480230,3520.480428,3456.431185,3482.138000,3504.974314,3555.886150,3637.249833,3654.564168,3604.418440,3535.586878,3424.839527,3350.254231,3280.363761,3201.089106,3149.385955,3125.456133,3119.398904,3090.418581,3058.775282,3024.746602,3007.223590,2988.189290,2948.402038,2909.841518,2864.270645,2834.129630,2804.101446,2779.776188,2758.134496,2739.313122,2727.220026,2711.505166,2698.216804,2691.741067,2688.693104,2691.343506,2673.938422,2651.681561,2598.449063,2530.106419,2479.842712,2441.030208,2419.444655,2426.724288,2419.975885,2386.587186,2332.852794,2281.078398,2239.860349,2211.398620,2187.217364,2167.067023,2155.326457,2141.566221,2130.186765,2120.187416,2110.264843,2098.993551,2090.404513,2081.059825,2069.988222,2061.676784
2218.100519,2218.800887,2221.710473,2217.045937,2209.430880,2208.272026,2199.533399,2185.852730,2186.506979,2193.230318,2183.128916,2192.177086,2184.170881,2147.143172,2144.511996,2102.181056,2085.005924,2085.228345,2075.376183,2078.799094,2082.114805,2083.261811,2091.738845,2100.472374,2113.379621,2131.225180,2140.924723,2169.302209,2196.418369,2218.090824,2243.439518,2274.451116,2318.041080,2363.099302,2413.398480,2474.174093,2532.877283,2598.364783,2630.333217,2632.901025,2650.183681,2724.351862,2787.334126,2831.185727,2876.214891,2894.249932,2923.606330,2944.190575,2927.880750,2953.918001,2992.926060,3018.882202,3036.029914,3053.809755,3078.927341,3109.604462,3158.984979,3217.352828,3274.808240,3333.435643,3399.708639,3469.651902,3545.892570,3622.169070,3675.580878,3656.456025,3586.551190,3511.562594,3430.087180,3359.403749,3325.120247,3302.116288,3256.965886,3227.467038,3204.775309,3184.514265,3159.987250,3163.647645,3151.086102,3091.388074,3058.788245,3057.210509,3069.149002,3112.680272,3147.542817,3150.862115,3111.448980,3081.554617,3075.704875,3096.606163,3130.264093,3169.342773,3204.596692,3246.679028,3339.520475,3445.984861,3538.808909,3594.112045,3633.018699,3674.533004,3710.644778,3738.814037,3758.305220,3692.424485,3607.287608,3564.392607,3490.727095,3445.904486,3389.167513,3337.623975,3303.047866,3300.472790,3314.181661,3324.486019,3340.243959,3359.049230,3405.715491,3501.406597,3547.880454,3497.422702,3444.944144,3427.690191,3427.579957,3430.361027,3426.708367,3439.808150,3486.415106,3588.765575,3669.132478,3690.664970,3687.647484,3660.230186,3599.345189,3582.463620,3614.297390,3631.958373,3644.856642,3702.753409,3796.149042,3889.781307,3980.867924,3996.134613,3891.211113,3769.696734,3639.802551,3581.291764,3555.364784,3555.834339,3562.489314,3569.346774,3579.314668,3583.559271,3565.774639,3555.776866,3561.908035,3565.798199,3564.142295,3554.821305,3518.290223,3434.031966,3395.064000,3392.913877,3406.522412,3434.115905,3454.159043,3477.395876,3483.089044,3482.556220,3482.281394,3477.329574,3480.395380,3483.430123,3482.839345,3489.327011,3504.870771,3525.690292,3583.618275,3651.805310,3639.025512,3560.695297,3509.912082,3486.030842,3443.931896,3386.130977,3356.245079,3390.042521,3461.269850,3571.444095,3536.995721,3488.641277,3511.114021,3550.802297,3602.019405,3607.774445,3558.286704,3506.017951,3443.100846,3332.779131,3242.010398,3191.056329,3117.836740,3071.451123,3062.063899,3062.356065,3046.753445,3019.007165,3001.625867,2993.346856,2978.484249,2937.856344,2900.585301,2872.313798,2840.974184,2806.687104,2782.608491,2763.903231,2737.346596,2720.003163,2707.328191,2696.844734,2692.204507,2694.006151,2698.652501,2684.031505,2636.045298,2572.224105,2539.191132,2515.147306,2472.042841,2403.065980,2371.911330,2371.956764,2359.672447,2321.536618,2282.115061,2237.308261,2205.080013,2187.207452,2174.401178,2163.038455,2153.491377,2143.026157,2130.551892,2120.756014,2112.683157,2102.451418,2092.111698,2076.884426,2076.603614
2224.681800,2229.879731,2239.171561,2232.359724,2215.454758,2213.704066,2212.829913,2202.963743,2215.757877,2214.365550,2193.804584,2198.333586,2174.645510,2159.287462,2174.966473,2135.945755,2115.987668,2125.268731,2100.344963,2076.499301,2078.605159,2088.229548,2104.682632,2102.331857,2110.709140,2120.441886,2125.306740,2146.514079,2185.399256,2208.613070,2227.700319,2248.077845,2290.474242,2332.883371,2382.086644,2431.365364,2493.942880,2552.555879,2572.668830,2576.182304,2619.662179,2695.823616,2775.807076,2828.609377,2854.808132,2853.368511,2870.095597,2876.900047,2897.565037,2955.054424,2997.447137,3024.600332,3047.166533,3063.329967,3080.536466,3103.098296,3141.766718,3194.624410,3246.468889,3305.718450,3366.885673,3435.802985,3510.674633,3586.893077,3635.233343,3581.217324,3522.136531,3439.686017,3363.593589,3333.124741,3311.352854,3290.177273,3249.248313,3226.288659,3208.788016,3190.474394,3191.110647,3228.430218,3185.724762,3110.126978,3076.170135,3070.933247,3085.303488,3128.451950,3155.582086,3159.775972,3131.820173,3095.385491,3077.291199,3087.970018,3114.069860,3153.169566,3183.417885,3212.097841,3286.436958,3398.162507,3478.300231,3526.367670,3580.002541,3634.389259,3683.640704,3719.421166,3759.204632,3789.885373,3724.737498,3614.005522,3536.137957,3493.300103,3427.782604,3368.971985,3317.648059,3317.165317,3330.574796,3336.241062,3336.561274,3355.337264,3395.658359,3477.701121,3561.221870,3551.279862,3486.129186,3448.581409,3443.791787,3436.787186,3434.061162,3443.419666,3496.028631,3581.768424,3679.716350,3683.729380,3623.785978,3573.277527,3529.992635,3544.505912,3601.575631,3631.956664,3691.492601,3762.017062,3795.374176,3862.727618,3945.081566,3941.023031,3839.569941,3712.261237,3624.676963,3580.069513,3555.119981,3554.782258,3558.029945,3568.589885,3576.544660,3577.487814,3567.213122,3556.659095,3554.619784,3554.258781,3544.551708,3522.101065,3501.937276,3465.444238,3419.067017,3393.406221,3398.726668,3422.871817,3444.587114,3463.714318,3471.101830,3465.564693,3462.858517,3444.043803,3444.634911,3467.982903,3481.172538,3492.779480,3508.533740,3534.574849,3575.490329,3626.360138,3690.071023,3598.686537,3560.126985,3533.848669,3479.607295,3391.953408,3382.356026,3422.940262,3493.678696,3628.531945,3594.345809,3544.934317,3546.420386,3567.290698,3559.960376,3519.493863,3468.458502,3394.468914,3327.670651,3248.115198,3182.242654,3126.482906,3067.096392,3038.380786,3038.953357,3036.048123,3033.216298,3025.577533,3000.160542,2995.834861,3004.783010,2972.183076,2943.128686,2925.978041,2881.583394,2839.651718,2817.037379,2793.560475,2759.029473,2737.665305,2727.206163,2718.394685,2720.892416,2722.507941,2695.386085,2656.324022,2612.001490,2592.362081,2563.258117,2514.497303,2475.626712,2425.698829,2364.028921,2324.958375,2304.366732,2279.107575,2254.765544,2229.558755,2211.407398,2198.523834,2186.932180,2174.803856,2166.466334,2153.925745,2143.522511,2131.804679,2124.082427,2114.586481,2103.541404,2084.725309,2088.436914
2236.609120,2250.604953,2252.774089,2249.514812,2230.991172,2226.679610,2225.638979,2226.758930,2243.121146,2235.717445,2205.074267,2201.556180,2186.327832,2186.430302,2199.625703,2172.783515,2145.832549,2153.921044,2130.999819,2094.541529,2083.760286,2093.337095,2117.671648,2104.609535,2117.629694,2141.333757,2161.682999,2136.373620,2158.378410,2191.798519,2209.999812,2224.827949,2258.250949,2300.479300,2345.733142,2398.661457,2460.507535,2503.858028,2515.994529,2541.951251,2604.243121,2677.248622,2762.264101,2810.372986,2830.011024,2824.161943,2819.296645,2843.527005,2901.186287,2955.635962,2986.370196,2999.447433,3017.982687,3029.981671,3040.784624,3063.231185,3095.857409,3143.435229,3202.152475,3263.164393,3328.083561,3397.738572,3473.772771,3548.292326,3561.966713,3472.139643,3421.723215,3388.701606,3341.180110,3326.533293,3310.766833,3285.827791,3249.780129,3230.753921,3213.818080,3198.723692,3211.544825,3218.307332,3149.922456,3114.274140,3088.659200,3098.552715,3103.266962,3133.191667,3156.106386,3159.887788,3146.916802,3115.438161,3085.073330,3083.810478,3110.482559,3146.564709,3180.079229,3202.485435,3257.490153,3349.628099,3444.359091,3497.030279,3574.634155,3631.664886,3680.379981,3732.013302,3789.171503,3854.908449,3779.977096,3636.534807,3573.353409,3505.152305,3444.834225,3388.373275,3372.319622,3394.825112,3404.210337,3363.034256,3344.221687,3345.975843,3398.924039,3479.459259,3561.073020,3602.145852,3554.488690,3499.794184,3469.769111,3445.963071,3444.691975,3452.069011,3500.996539,3576.346668,3680.509218,3664.518245,3581.925563,3525.174171,3522.392233,3548.802652,3626.316022,3677.652362,3729.030223,3737.115940,3761.289979,3813.350718,3860.562164,3839.325558,3778.207577,3643.739202,3591.396324,3582.136072,3570.767116,3552.765912,3553.639081,3561.925662,3573.634588,3578.042880,3570.368087,3561.601293,3553.856565,3537.562329,3514.900358,3498.740605,3490.809929,3463.173530,3427.147663,3394.139659,3385.710444,3398.623761,3420.650140,3447.053672,3454.337362,3454.306960,3449.014975,3438.436688,3438.096546,3442.195251,3444.872092,3453.842897,3475.553917,3505.717564,3550.267233,3600.542363,3683.673058,3647.683526,3591.751989,3587.609629,3494.282123,3402.655502,3424.991715,3468.288852,3603.163583,3695.981919,3665.675659,3584.331437,3539.841488,3496.578410,3480.076795,3443.944612,3395.578589,3356.595770,3304.781168,3191.684684,3150.749104,3079.230020,3056.285518,3051.608788,3032.441092,3033.690295,3040.760242,3050.154149,3037.563124,3050.349869,3068.361738,3045.367271,3014.493040,3001.956167,2956.902805,2907.417355,2879.170492,2848.634106,2813.626469,2809.059956,2807.191795,2798.207751,2765.674209,2711.182796,2665.124411,2633.852566,2597.964256,2562.416908,2511.610753,2464.598684,2428.162625,2394.669129,2362.362135,2328.560059,2296.468969,2273.019180,2253.976792,2238.787381,2229.304799,2215.045919,2199.544264,2186.261664,2177.827284,2166.415047,2156.333064,2144.541443,2134.884374,2124.208449,2104.833946,2100.506872,2105.100173
2249.397573,2268.320133,2268.212726,2267.859243,2249.840989,2240.976517,2241.596250,2248.880847,2278.839025,2255.307574,2229.953734,2216.318851,2201.645714,2212.130423,2228.916020,2216.263172,2200.796861,2177.482960,2133.103233,2094.856863,2080.288727,2096.845580,2125.646502,2117.078486,2131.236439,2171.098311,2177.605871,2150.409612,2142.737399,2171.957615,2186.166170,2206.350564,2232.870677,2277.152073,2319.959050,2382.547161,2436.973742,2459.623884,2475.405001,2519.795241,2584.296388,2657.742935,2723.560657,2770.081072,2791.390094,2786.394645,2804.554541,2868.738077,2927.032413,2954.780062,2962.106211,2968.722108,2982.437902,2997.613742,3016.683174,3043.145560,3068.535550,3099.244812,3144.822328,3208.590565,3294.252460,3376.188926,3450.022841,3518.681465,3505.570734,3403.104900,3354.954390,3336.761900,3317.962307,3313.254243,3304.133786,3278.331369,3246.991762,3228.886283,3206.752988,3199.695663,3220.414624,3182.662315,3132.646923,3114.964934,3115.458628,3142.977314,3143.169885,3158.328613,3158.393966,3158.956555,3151.533106,3127.443745,3100.057345,3090.320087,3116.785690,3160.462180,3186.738392,3203.994459,3239.322331,3318.479156,3425.562527,3526.098940,3613.240877,3664.516908,3709.300330,3762.073123,3829.971103,3892.573097,3783.959914,3654.993167,3601.768949,3529.382678,3460.647318,3412.127391,3418.338857,3458.782825,3453.053101,3383.233162,3343.833619,3341.298150,3369.735431,3449.346978,3536.453315,3602.711240,3624.438978,3574.155468,3519.036725,3480.857687,3458.741839,3460.627490,3506.588252,3587.994274,3704.895866,3651.617186,3555.706771,3522.319601,3532.241599,3580.030627,3642.814185,3684.780924,3706.446939,3710.989044,3736.694453,3775.550615,3768.419351,3742.354736,3714.615306,3651.931177,3635.452637,3637.812785,3620.633517,3568.063941,3553.758358,3558.374149,3574.486066,3584.877291,3572.904273,3561.757508,3547.437306,3527.255093,3501.166775,3490.973921,3475.783770,3440.605583,3398.324528,3369.115924,3362.651021,3372.828155,3392.080835,3415.536118,3438.871982,3446.133212,3439.776164,3437.167948,3437.990403,3438.000000,3438.000000,3438.843615,3461.480471,3484.713812,3499.505980,3542.130375,3608.903255,3675.052820,3665.816685,3592.866274,3494.704781,3450.897664,3500.779937,3578.056105,3684.956396,3769.611264,3747.495930,3637.618160,3543.632437,3464.015199,3434.706793,3424.928731,3392.518316,3380.195609,3298.779840,3195.707668,3138.217506,3090.428423,3111.225800,3089.089236,3040.235687,3051.346238,3077.743615,3099.155824,3117.874041,3164.054105,3176.276680,3208.033166,3161.255518,3118.950916,3081.945602,3041.168030,2988.386300,2976.853040,2940.661306,2929.075242,2893.501965,2846.006210,2776.486944,2709.407712,2657.902995,2609.781114,2567.592152,2521.123273,2478.782826,2431.734131,2398.238524,2368.858708,2345.124748,2323.073779,2302.388659,2286.714679,2271.933169,2255.312945,2238.583766,2223.673688,2210.373979,2202.553383,2190.380793,2178.202137,2165.249712,2153.691210,2144.030916,2130.106822,2111.635180,2115.905737,2114.849452
2262.668347,2274.003587,2297.675778,2290.336496,2270.447329,2257.881924,2259.044256,2276.708474,2301.560478,2269.658886,2238.225227,2227.214331,2216.578849,2223.447804,2238.536893,2229.686331,2210.963207,2179.310275,2119.405760,2084.498140,2074.432978,2093.415320,2129.922354,2133.311020,2149.262725,2198.879136,2189.656765,2158.432855,2150.637268,2174.914824,2187.041093,2199.910411,2220.157357,2264.679965,2319.313234,2375.794919,2409.358115,2422.928609,2463.138395,2511.650879,2563.834665,2624.518881,2672.589757,2701.613173,2713.692492,2737.204055,2795.779477,2863.762801,2891.465378,2920.103048,2952.905018,2967.705491,2981.250490,2996.164839,3015.110258,3044.468722,3068.665655,3083.552161,3099.852392,3140.603921,3232.779728,3326.997273,3413.512612,3491.038133,3496.295397,3410.228473,3364.443682,3324.113861,3308.289534,3303.850412,3296.212103,3260.306194,3232.043891,3208.351668,3196.483597,3198.309012,3221.452681,3158.814341,3127.588255,3121.435332,3141.111876,3195.614372,3226.354154,3222.470451,3192.539939,3171.975522,3149.344475,3134.196011,3120.812908,3113.984504,3143.601283,3189.740329,3191.257452,3198.802496,3237.058555,3308.040746,3418.490050,3543.559379,3637.232981,3668.145543,3661.987039,3705.115413,3784.507411,3885.867911,3879.008784,3692.222509,3615.045273,3550.061586,3493.475868,3461.556712,3464.234161,3502.988828,3477.211042,3389.117594,3347.363230,3339.425976,3354.658466,3402.179660,3488.499159,3579.928508,3619.543225,3626.968015,3571.804319,3534.769616,3520.165065,3507.782604,3538.036405,3630.232761,3682.309553,3613.715074,3535.344248,3527.688536,3552.199977,3578.574941,3621.292662,3640.768482,3657.447050,3672.734245,3710.662311,3730.284399,3680.825878,3673.955874,3728.829857,3750.715169,3718.069216,3738.442167,3665.683888,3597.802622,3565.674112,3557.934489,3568.992700,3572.612432,3562.471562,3553.296325,3538.565823,3519.368190,3492.141661,3479.770612,3457.721534,3412.253284,3374.055952,3360.809195,3355.049994,3357.702605,3370.925411,3394.225537,3421.311427,3430.495981,3430.576724,3443.950157,3444.638940,3438.097678,3438.000000,3438.401289,3456.197902,3471.989472,3488.142015,3514.073966,3573.760627,3654.769330,3693.712000,3582.356779,3533.256686,3524.010142,3549.242134,3643.862409,3752.870821,3848.173286,3845.475099,3717.271013,3611.702867,3532.385471,3490.829070,3453.798142,3404.791490,3331.516033,3250.671380,3172.295769,3130.403272,3135.714377,3165.157388,3108.187338,3073.421728,3088.186093,3128.719637,3194.601772,3250.418145,3292.624138,3277.548333,3299.944828,3268.297146,3229.816776,3178.321543,3118.634964,3093.018215,3085.425022,3059.044453,3042.729285,2992.529012,2904.224492,2811.077335,2739.693788,2679.985098,2620.933290,2565.590525,2517.466746,2475.427235,2437.095252,2405.752304,2378.674097,2357.397118,2337.888936,2318.682627,2301.993068,2285.265816,2266.284638,2250.622071,2240.084212,2227.722810,2213.416126,2199.446259,2187.014888,2174.547330,2162.803278,2150.979420,2130.380625,2128.894328,2127.342787,2121.700508
2284.817902,2283.242252,2310.867507,2320.065505,2305.545266,2310.482971,2313.927026,2318.042411,2320.380377,2292.269769,2245.972337,2236.348321,2228.370910,2236.859007,2241.403172,2234.035815,2202.576385,2173.045983,2117.378164,2086.808005,2080.473256,2088.739436,2120.997096,2154.957186,2197.070631,2260.452484,2246.808474,2192.453403,2157.884352,2177.447006,2192.026987,2203.853347,2221.380618,2255.449450,2302.779379,2348.546745,2374.933670,2396.414019,2454.139104,2489.131604,2522.003488,2574.652918,2611.519375,2610.466952,2632.634289,2688.318329,2757.109959,2809.986200,2853.691547,2892.086669,2927.368680,2961.787966,2991.596776,3009.307150,3021.724192,3052.012318,3083.441438,3089.845839,3087.633043,3104.485165,3160.852775,3253.119558,3344.943426,3427.495708,3493.052182,3451.018376,3426.396830,3392.002989,3343.917991,3317.132016,3303.113214,3260.249911,3211.992756,3197.061798,3196.000000,3199.127171,3225.835724,3173.556361,3136.773974,3132.914565,3162.644289,3206.781335,3252.049959,3238.992965,3225.365114,3188.175140,3150.620188,3135.686052,3150.509003,3201.405180,3207.174645,3195.695285,3190.085396,3193.878005,3223.871831,3283.609206,3386.745071,3496.341049,3550.309134,3556.522290,3562.364145,3607.725797,3706.092322,3804.787529,3812.177341,3738.852770,3640.873451,3593.096577,3554.573520,3527.018135,3515.506375,3533.300116,3494.854047,3405.466251,3357.424354,3348.034665,3348.730108,3371.591099,3428.057224,3530.257276,3561.453616,3604.857401,3643.258474,3639.913234,3618.057877,3617.549740,3617.194224,3620.031994,3602.630597,3555.175635,3506.100748,3514.215189,3526.237909,3549.341371,3573.934663,3601.660427,3630.207591,3662.685100,3706.009355,3653.947772,3633.046547,3656.604465,3752.719508,3855.630123,3913.371386,3821.478651,3694.734356,3602.895319,3555.576211,3544.912298,3544.641198,3538.858315,3544.443920,3546.670895,3533.386338,3509.294113,3478.988877,3464.476193,3438.914372,3385.709714,3361.292803,3356.411460,3351.482836,3348.393958,3350.234460,3363.879282,3380.854290,3388.153617,3404.462929,3429.103661,3432.951928,3434.313876,3438.165929,3442.440948,3458.986494,3465.969371,3494.773931,3516.076293,3561.918772,3615.204445,3691.674440,3662.969054,3602.411573,3574.287788,3576.332719,3630.865706,3742.530229,3833.644777,3791.368704,3722.005439,3663.399466,3587.329461,3475.641547,3380.820294,3317.259053,3252.158427,3193.089667,3149.356665,3152.240763,3185.117310,3186.280866,3113.109501,3104.148393,3140.599456,3200.233867,3289.714038,3356.928475,3403.076126,3383.469052,3399.158812,3370.061709,3319.444540,3264.916931,3215.018020,3218.179790,3185.521146,3160.773304,3113.718356,3016.682070,2917.244280,2834.701042,2763.580797,2697.617485,2630.545650,2565.632778,2513.202759,2479.126241,2448.003804,2418.966735,2394.476032,2372.948451,2349.430770,2330.771886,2312.815483,2295.074009,2278.867692,2266.988474,2254.203574,2237.351675,2222.587511,2208.784187,2195.058619,2181.767561,2169.990453,2150.816763,2143.132111,2142.592160,2134.033694,2127.422109
2306.941506,2309.542635,2333.876377,2354.631155,2363.146416,2370.113073,2362.976003,2355.598152,2341.400251,2332.744138,2271.483037,2238.294693,2235.945996,2254.055715,2247.906364,2231.934853,2198.833362,2166.899924,2121.173779,2105.431731,2097.246217,2100.098979,2117.293388,2168.629781,2244.706214,2327.725214,2326.643167,2236.351998,2164.084631,2182.076419,2195.389127,2209.985217,2230.049401,2251.727978,2284.602434,2316.430872,2339.877311,2376.227875,2422.321442,2442.658631,2463.198358,2503.372298,2536.162957,2562.566108,2636.435775,2710.311462,2762.720429,2806.590678,2851.210858,2887.510010,2924.110715,2948.551534,2990.278314,3014.735400,3022.064869,3071.205920,3097.759818,3103.004222,3099.678770,3117.554053,3144.648525,3193.739208,3284.938300,3387.597033,3486.454137,3529.598884,3548.119985,3499.601083,3435.496848,3367.045181,3312.470612,3250.569274,3201.355334,3196.000000,3196.000000,3213.452077,3240.772110,3183.174264,3151.284667,3147.265115,3167.062306,3209.456072,3247.168242,3223.778787,3222.793252,3193.191095,3155.001641,3141.624692,3181.954339,3226.049263,3212.673489,3196.525565,3192.957838,3198.565962,3210.974810,3256.991446,3351.570734,3462.143284,3488.472546,3489.598776,3509.152707,3563.114762,3675.636376,3726.106599,3713.368305,3720.145955,3700.943654,3665.288236,3619.527241,3582.425550,3573.317407,3575.492538,3520.298419,3442.932953,3375.435335,3359.356207,3354.065621,3361.847359,3407.440423,3508.210114,3540.547038,3582.010430,3644.415974,3719.328848,3763.686096,3706.876819,3616.133812,3555.753850,3526.118854,3466.937422,3464.670805,3471.760019,3477.324962,3511.473149,3547.267452,3588.827300,3630.747349,3675.703070,3659.495047,3616.238069,3622.975715,3674.757104,3773.050820,3883.924305,3933.789043,3827.557455,3704.954803,3583.999632,3526.901399,3527.737501,3530.114557,3525.970485,3537.761312,3540.410908,3524.875100,3498.646034,3467.292090,3448.716426,3412.272629,3363.069198,3350.721783,3345.103792,3341.641857,3335.688264,3325.495450,3319.738003,3323.836168,3335.183993,3360.518843,3382.106269,3393.109607,3400.474664,3416.664078,3455.179841,3475.449623,3475.785194,3500.004656,3527.317713,3555.201886,3579.416788,3643.497691,3719.439174,3658.062117,3603.480236,3595.744965,3635.397233,3742.864550,3753.262620,3656.588700,3589.275612,3570.112589,3536.890363,3394.226574,3305.090890,3253.767733,3199.061367,3158.906927,3149.988359,3177.676308,3227.719079,3242.534226,3151.615322,3137.883026,3185.184386,3261.373384,3373.152935,3457.653235,3511.468049,3486.039651,3490.340065,3481.887387,3430.789425,3343.496946,3348.142775,3360.480236,3285.025255,3226.267514,3127.286344,3028.192796,2936.828184,2862.983239,2786.324214,2715.318395,2646.372081,2584.457899,2539.703294,2503.329661,2469.262701,2435.995774,2408.496411,2384.722712,2362.719539,2342.382892,2324.518586,2309.040394,2292.176832,2276.326345,2259.942785,2242.217567,2229.045458,2215.764071,2203.595203,2192.288128,2169.258624,2158.201271,2161.167084,2150.685302,2139.824231,2130.081287
2349.283329,2354.447189,2379.466506,2404.406031,2414.406987,2408.511441,2408.594635,2404.654331,2378.518603,2365.663541,2326.583908,2254.212000,2242.343035,2252.482306,2251.021213,2231.291403,2202.884090,2169.420409,2130.494241,2140.076952,2141.091755,2150.954499,2133.590205,2170.085271,2252.057396,2335.613354,2380.423601,2274.211840,2169.447126,2185.629841,2197.820900,2213.298039,2230.528030,2249.133766,2284.874015,2320.506171,2353.913524,2391.117838,2427.459540,2478.513133,2500.555765,2510.670247,2538.020133,2559.635968,2647.500211,2729.818288,2796.621234,2849.385120,2879.706534,2912.480275,2958.446441,2985.851529,3014.298978,3043.318336,3082.316500,3107.153120,3104.440500,3100.955193,3120.809252,3150.488571,3145.442707,3164.806924,3234.842316,3329.770336,3406.764115,3487.782356,3567.664583,3549.201207,3479.084117,3374.773753,3302.303131,3231.848964,3197.461564,3196.002850,3196.522536,3228.150622,3233.984269,3180.898607,3156.267057,3157.107717,3179.180591,3234.952787,3235.430563,3219.932772,3221.623441,3205.811873,3171.065064,3177.703606,3210.087058,3218.137788,3202.487399,3199.565395,3204.056386,3217.826467,3209.960285,3243.352071,3328.868885,3423.394302,3426.422132,3424.439668,3465.146876,3530.701555,3611.139166,3617.804946,3610.124645,3604.754554,3625.556637,3695.823891,3719.026224,3707.566270,3663.631900,3620.289473,3557.807666,3502.300775,3452.242455,3402.750882,3359.350445,3358.224158,3416.682404,3508.824731,3552.707358,3583.263079,3620.437822,3677.344986,3755.852621,3687.293178,3601.555103,3517.958465,3447.242357,3421.848738,3433.326103,3456.282858,3483.057911,3514.936972,3553.054739,3599.877406,3641.598322,3643.724622,3630.547912,3606.148091,3635.519875,3711.520525,3817.743677,3895.490138,3865.914623,3810.891990,3685.525588,3555.114764,3503.194345,3506.688111,3516.240134,3523.572124,3537.971571,3526.225823,3508.864256,3481.096847,3448.415079,3420.083374,3373.334556,3341.356158,3328.505625,3316.401725,3316.004782,3308.603251,3298.157302,3294.113873,3298.517558,3312.889755,3335.971451,3353.130045,3370.125309,3385.298896,3407.357187,3460.645558,3499.028555,3490.559005,3509.842010,3535.524462,3529.709486,3532.646145,3585.848082,3668.461535,3721.241480,3647.229661,3618.252897,3668.108843,3738.627381,3663.046895,3544.265961,3478.009401,3465.604721,3459.351124,3351.707597,3282.206307,3243.569380,3175.226415,3146.136993,3169.128812,3218.138347,3312.960625,3313.911113,3189.382508,3179.936368,3218.435164,3332.041798,3472.086440,3567.907617,3593.220754,3579.651253,3602.004111,3599.296661,3516.337290,3449.715620,3464.928580,3434.239333,3341.283466,3228.617772,3127.233470,3023.885944,2939.241380,2867.593310,2791.895078,2722.071463,2664.460399,2613.536677,2567.413369,2527.588428,2488.486584,2449.656285,2421.835020,2398.807140,2374.717201,2354.212448,2334.950490,2319.125408,2298.423395,2281.968711,2265.600595,2250.705193,2238.019142,2226.266247,2221.127163,2197.224869,2166.174142,2184.864017,2188.108505,2171.901677,2160.638262,2158.848825
2405.275213,2411.526608,2430.801090,2441.564539,2442.768164,2438.134857,2450.298500,2440.540269,2409.860772,2394.761558,2388.247506,2289.758993,2241.371742,2248.731864,2252.348035,2236.580303,2214.125054,2172.572151,2158.751677,2176.289756,2194.024984,2200.927690,2172.939930,2178.278332,2281.078714,2385.144121,2395.740773,2266.421416,2176.514703,2180.968821,2194.277904,2204.968934,2215.123056,2231.236132,2281.857367,2343.651982,2380.972641,2436.760251,2481.028352,2514.416515,2553.364397,2590.751691,2613.226512,2588.254032,2618.323038,2692.468209,2762.831474,2834.814787,2881.796353,2929.977470,2973.845328,2994.181736,3007.694466,3046.651054,3107.955621,3166.807217,3168.474704,3124.237894,3169.865370,3177.518696,3157.782292,3184.798616,3236.712779,3303.981668,3348.707356,3419.211370,3510.491211,3512.378016,3444.442756,3364.534938,3286.958686,3219.867574,3199.286336,3200.994984,3203.512612,3233.879913,3234.379410,3179.795790,3158.381309,3163.496977,3193.558810,3235.928156,3225.957390,3219.264811,3224.568601,3226.269617,3224.937804,3243.494222,3222.826008,3204.791981,3198.588492,3198.687586,3203.879148,3218.935179,3224.579009,3237.152363,3303.166607,3376.429421,3390.223948,3392.037965,3447.924789,3493.879748,3512.736605,3518.619314,3525.232231,3548.245293,3578.167215,3623.208836,3686.182081,3716.366322,3693.799958,3646.317406,3600.603893,3572.409561,3523.527485,3455.476684,3380.827948,3360.176233,3407.683484,3468.186378,3531.040324,3576.797305,3621.392002,3676.182671,3723.045262,3654.185807,3566.002993,3486.609438,3424.334267,3414.411620,3433.552480,3459.882239,3470.784547,3510.330049,3567.406661,3595.727725,3606.977919,3620.677784,3612.818726,3612.659649,3676.920208,3777.365571,3870.126696,3851.806850,3769.202805,3738.399617,3640.887319,3547.989605,3501.226239,3487.745183,3505.221522,3525.158273,3521.848374,3513.097756,3493.332720,3453.490030,3408.453123,3369.076996,3337.941840,3299.583260,3280.724812,3277.244957,3280.730759,3283.307701,3283.934016,3291.022368,3299.236044,3314.957180,3333.553772,3352.550500,3373.072906,3384.017438,3401.569822,3451.266010,3509.676408,3507.345469,3512.344979,3515.636297,3516.527960,3520.534544,3553.854339,3613.087148,3703.071238,3758.489767,3715.192875,3753.993690,3768.478772,3641.268554,3547.058374,3466.120314,3404.284086,3391.003911,3343.824084,3309.121259,3266.859777,3183.318114,3153.326905,3180.939048,3247.184255,3371.814428,3335.380754,3260.453672,3233.407831,3269.957200,3394.407292,3544.815793,3639.649227,3679.388277,3691.803037,3721.212412,3693.660469,3610.541928,3585.577047,3550.547834,3475.884749,3331.351093,3214.125780,3112.277029,3020.695273,2948.443308,2877.052088,2808.667504,2744.147692,2685.435848,2633.682661,2588.179307,2544.578017,2503.554172,2466.821680,2437.625383,2409.206951,2386.715810,2363.744153,2343.003255,2325.143233,2307.824620,2290.024315,2273.284056,2260.997055,2254.507618,2246.544439,2251.046994,2215.372107,2187.557496,2250.237428,2264.956628,2238.774555,2231.720451,2240.647986
2459.822349,2459.998879,2469.713848,2465.165539,2461.515742,2469.684976,2484.102952,2464.829071,2429.589152,2413.938413,2398.762540,2304.105355,2240.386833,2245.269077,2251.120196,2236.209675,2203.192521,2171.591936,2180.070109,2197.136945,2223.359137,2247.454292,2213.447632,2173.998831,2280.128966,2367.475451,2374.210612,2259.979209,2177.763480,2177.101842,2185.352801,2195.552121,2204.905254,2221.072574,2270.690518,2335.174201,2404.570511,2476.839364,2524.213050,2551.855388,2597.192256,2646.620648,2672.570696,2654.051327,2631.302242,2679.457322,2744.042993,2812.361535,2862.602391,2902.025321,2940.881335,2960.670764,2985.534343,3031.735623,3085.000412,3146.459128,3203.267441,3209.361888,3219.849393,3213.614467,3206.119120,3226.338455,3267.201361,3311.294824,3349.896865,3388.079160,3446.563528,3513.972172,3475.323606,3383.770094,3291.345309,3220.392955,3207.463544,3208.077958,3211.958879,3234.865530,3238.089004,3182.443156,3162.111834,3168.676642,3193.227283,3220.214953,3219.576058,3219.000000,3226.002366,3241.773127,3269.838716,3279.857888,3226.819610,3210.988217,3200.062715,3198.204368,3199.383658,3210.543879,3228.651358,3232.611905,3276.269211,3335.658001,3414.842008,3441.903291,3451.997255,3450.858606,3460.469753,3470.694378,3488.900892,3528.155966,3562.346772,3626.774901,3650.490158,3651.535044,3661.880430,3679.886856,3645.385287,3602.925824,3547.527567,3473.295533,3411.568819,3375.421948,3388.128362,3429.823607,3494.516072,3557.435923,3609.225217,3664.967251,3690.486286,3637.095438,3548.942001,3503.768300,3425.625139,3419.672947,3430.457731,3442.145163,3450.810772,3496.535969,3542.853315,3562.219508,3582.568351,3606.443034,3608.642858,3640.936773,3718.741294,3826.404889,3848.205535,3801.350337,3704.705508,3649.520655,3589.768902,3535.467242,3494.283385,3476.109797,3498.832952,3505.298247,3500.360267,3496.343499,3447.676982,3387.033246,3327.255202,3292.260280,3272.230036,3250.390177,3248.196357,3252.024734,3258.902927,3269.618216,3284.117656,3301.987116,3312.831237,3325.632805,3346.571407,3367.048066,3385.864554,3393.970859,3411.524856,3455.180231,3520.293274,3528.451516,3524.157852,3518.868438,3519.186934,3551.511155,3562.015997,3598.998798,3663.442811,3795.705899,3828.596612,3852.455648,3835.488921,3683.671421,3567.232357,3524.818690,3436.590401,3403.498775,3369.383775,3347.342653,3305.088176,3271.756440,3264.552135,3269.960246,3317.231742,3427.499451,3409.996207,3298.905842,3265.231083,3320.748291,3449.774829,3601.871747,3702.076251,3784.355457,3804.274317,3779.159545,3686.940754,3604.283904,3560.485115,3515.513290,3433.441794,3319.555045,3214.838261,3128.428155,3054.649747,2997.075500,2938.042366,2857.983374,2776.558151,2709.156268,2650.979930,2602.873180,2557.581013,2516.458713,2481.318743,2448.704250,2420.777520,2395.169736,2373.609599,2351.731449,2333.262941,2313.870366,2299.050980,2281.056844,2272.645210,2264.732276,2253.155475,2242.446223,2218.177909,2198.484456,2276.277520,2343.762260,2333.748721,2331.217284,2343.195743
2504.424741,2502.214481,2492.310325,2490.272763,2489.142688,2501.661653,2508.795163,2483.257349,2453.723380,2439.659688,2412.670309,2317.008808,2243.309666,2242.664760,2252.194716,2231.338866,2190.258476,2187.021252,2203.731593,2221.137500,2263.962181,2291.221962,2259.431284,2182.865623,2229.149447,2340.806597,2386.629478,2292.599452,2197.070135,2169.758627,2176.952506,2186.885701,2193.085898,2208.997915,2249.018887,2320.526166,2398.756036,2498.079410,2567.783577,2603.201708,2646.281784,2671.363563,2717.041352,2731.987234,2709.713187,2718.573887,2774.871728,2814.021626,2858.747610,2886.320828,2914.674103,2940.860245,2975.346262,3026.153399,3090.970631,3157.209361,3226.849104,3283.521904,3258.100148,3231.453117,3245.341636,3255.350162,3287.933987,3328.566012,3373.303116,3382.017202,3395.181206,3477.668634,3506.908938,3408.012538,3318.469098,3252.933058,3226.438933,3207.268818,3220.951301,3269.607560,3261.241823,3188.883927,3163.852379,3169.817470,3191.062924,3215.059577,3219.000000,3219.000000,3225.819997,3239.916781,3263.361998,3306.110950,3266.497560,3258.804991,3219.996122,3196.503242,3196.689551,3203.143182,3216.257834,3227.778294,3249.802231,3317.643681,3426.442168,3446.277324,3453.143925,3463.916591,3472.688557,3469.748741,3499.352039,3568.469628,3623.445753,3682.191693,3655.689236,3640.438655,3667.818573,3718.737505,3724.098145,3636.528997,3565.773640,3510.413684,3482.289047,3448.621587,3411.446121,3411.874535,3462.281074,3535.430445,3604.181513,3658.712304,3663.310413,3602.246252,3573.711225,3512.326842,3423.797428,3414.929248,3428.358694,3444.612845,3464.718720,3504.765533,3543.062491,3563.868813,3581.128999,3607.811748,3622.591965,3642.259104,3707.890949,3795.300564,3810.126582,3776.289657,3688.535657,3632.179976,3574.981437,3526.585462,3483.548051,3475.816227,3486.181340,3478.948120,3472.170129,3425.208451,3361.009508,3300.648225,3259.826649,3241.460427,3228.694272,3224.512095,3231.064659,3239.143108,3251.433858,3273.522005,3295.141528,3309.162941,3323.133935,3341.862200,3363.860351,3386.497199,3404.392170,3416.770092,3429.031942,3458.862216,3495.809970,3506.780418,3526.061772,3552.164225,3553.182188,3586.629111,3607.020105,3645.266588,3711.816624,3824.536050,3843.576155,3847.562608,3824.722881,3693.200127,3613.730650,3608.423088,3548.686819,3478.600418,3421.320066,3374.668777,3332.458498,3332.936877,3332.278969,3353.772722,3429.694570,3462.981662,3386.788047,3297.223330,3286.810581,3351.984355,3496.470590,3624.761550,3744.888650,3851.763272,3878.225847,3758.384705,3611.757139,3506.042162,3443.084944,3396.050681,3338.768718,3275.074602,3210.492615,3162.739722,3114.740838,3065.623654,2994.612327,2901.133500,2807.637480,2729.980353,2663.498756,2612.005151,2565.376667,2524.328960,2487.461721,2457.731276,2430.288089,2403.144135,2378.808085,2356.216108,2338.777313,2320.988966,2305.745938,2292.419011,2280.866021,2267.307433,2250.899538,2241.601998,2240.718119,2213.386283,2267.790454,2343.879453,2375.506949,2401.140382,2409.458544
2547.892759,2533.761840,2521.210545,2522.592089,2519.975399,2538.441782,2529.465016,2495.599404,2479.717090,2470.602485,2431.221918,2333.973106,2283.114934,2270.344899,2267.170761,2233.080844,2194.659883,2210.499238,2239.496188,2255.854343,2303.092084,2332.143653,2309.084726,2213.987840,2199.918847,2321.514571,2397.272157,2347.584402,2253.018520,2193.255988,2172.538327,2173.816681,2183.897148,2199.155957,2234.061560,2309.500063,2394.291025,2487.441216,2594.067094,2651.904688,2673.384137,2716.822287,2769.762150,2781.812698,2765.040229,2753.439818,2776.606832,2834.880553,2885.621040,2918.102591,2935.432821,2963.125203,2995.616119,3049.624864,3116.624437,3186.485058,3258.336765,3317.903893,3299.914109,3236.566293,3245.816411,3264.792938,3302.979060,3353.899148,3406.828077,3402.398454,3391.807899,3439.936853,3507.259488,3422.905202,3334.928030,3282.274992,3245.858717,3224.333222,3243.060665,3320.692258,3308.021600,3230.724406,3175.443523,3180.682501,3205.713115,3218.626218,3219.000000,3219.639048,3227.091163,3241.862615,3282.401980,3344.434992,3327.589855,3286.791270,3238.305602,3212.984989,3201.181243,3198.244212,3208.682225,3214.435185,3229.654593,3288.165168,3404.864027,3437.166391,3429.622888,3456.637239,3449.124887,3458.689124,3513.060628,3623.985773,3683.346295,3660.667114,3626.233452,3639.140049,3673.216082,3717.236312,3757.935830,3714.578214,3609.696344,3573.809591,3579.202376,3538.093462,3483.493812,3448.866670,3473.046896,3528.942743,3595.597597,3664.184291,3654.650975,3637.590249,3592.366492,3489.164299,3411.615011,3406.633332,3426.610465,3462.501101,3484.369849,3525.983748,3547.537891,3556.155001,3579.490666,3582.370637,3578.847939,3598.575366,3654.202181,3754.104413,3792.842070,3797.809828,3709.191251,3629.307456,3572.787935,3507.843917,3476.348144,3466.108633,3441.414351,3404.332073,3383.874860,3320.281304,3273.649120,3243.373166,3228.230709,3215.586168,3211.008556,3212.572192,3223.371370,3244.161964,3260.163487,3280.474916,3302.476174,3324.367334,3344.463982,3366.953025,3396.433210,3407.569909,3413.606698,3432.477452,3457.345956,3465.619614,3467.816696,3471.333548,3483.641843,3533.658047,3570.875383,3611.760462,3688.447557,3757.693179,3822.193031,3864.376830,3835.921057,3825.218254,3771.488375,3627.316833,3567.529361,3536.308052,3516.121779,3462.304710,3407.749475,3347.773159,3322.249213,3323.113109,3370.774472,3456.174472,3490.417355,3405.899854,3337.058899,3306.583401,3328.633656,3412.689735,3540.457116,3647.735860,3773.014255,3884.806262,3884.917431,3722.623586,3591.434445,3449.579690,3353.205124,3311.105396,3269.761835,3224.200776,3185.142822,3153.368684,3127.780640,3078.776255,2994.851234,2906.895129,2820.971092,2739.689705,2672.750806,2618.382592,2572.974447,2531.556436,2494.424456,2465.981051,2448.652027,2421.525673,2386.060258,2359.392661,2343.409462,2328.424360,2314.840157,2299.657277,2284.780422,2273.319731,2262.540112,2254.906758,2249.142985,2232.099177,2259.306807,2300.594654,2350.133252,2377.966864,2362.554570
2582.399103,2563.992340,2551.713847,2540.451847,2539.365137,2564.781568,2557.009716,2526.823891,2525.882142,2517.687113,2459.707343,2384.023242,2333.004723,2300.579459,2282.225917,2235.476691,2218.754768,2223.302501,2254.918610,2286.335772,2329.650766,2352.092373,2345.661369,2266.692239,2204.599547,2263.018157,2379.160700,2411.676372,2316.554822,2255.304049,2209.299043,2185.507348,2181.140056,2196.873008,2242.148194,2323.513329,2417.997670,2516.822463,2612.698420,2677.184042,2700.674884,2746.209036,2806.399796,2823.889369,2797.451214,2787.113352,2800.013239,2841.225138,2888.731223,2932.739163,2962.554080,2992.564510,3027.678051,3074.805813,3130.290106,3203.346291,3275.729354,3335.441923,3329.919729,3244.086766,3242.135657,3265.991864,3305.446655,3351.994078,3406.722173,3410.023358,3399.305658,3424.544167,3502.191987,3440.698215,3338.624978,3293.268011,3257.395643,3247.422074,3302.503617,3351.851320,3332.403884,3262.946867,3215.677858,3235.214193,3245.379881,3222.021087,3219.233480,3219.527437,3229.677168,3250.907152,3291.390452,3372.784617,3357.892649,3291.545554,3264.724513,3247.198841,3215.976704,3202.155274,3207.452011,3212.164301,3218.795017,3274.119486,3356.390918,3396.745709,3413.449105,3433.537757,3438.888638,3474.774094,3577.626948,3650.384111,3644.264063,3607.234024,3617.059002,3633.847284,3664.945866,3726.382733,3776.125448,3784.896291,3685.363962,3647.612611,3652.944192,3642.159155,3606.300132,3569.009861,3563.927338,3569.568252,3616.380943,3650.965194,3622.114119,3608.081537,3575.352257,3474.706190,3414.902197,3410.319429,3433.857435,3458.935061,3477.053221,3487.165492,3501.084118,3532.973171,3539.439194,3517.473192,3522.057608,3559.176974,3603.560461,3725.493614,3793.992871,3785.261065,3693.404919,3612.699512,3534.974352,3480.242935,3456.023923,3414.468253,3348.957316,3298.599747,3272.986556,3232.879675,3212.526276,3202.161072,3193.251693,3198.378618,3208.941689,3224.311295,3243.442270,3261.014868,3281.332831,3306.552218,3334.145431,3355.813164,3376.560544,3402.909120,3420.858219,3417.327324,3416.865589,3428.251255,3459.234393,3467.649122,3466.000000,3466.000000,3470.583479,3500.646660,3541.344632,3598.570867,3684.705112,3793.378248,3873.532890,3863.000601,3807.258307,3827.168732,3778.104478,3624.696840,3540.563002,3464.889415,3401.797847,3380.639855,3365.802436,3338.408353,3326.751629,3367.645183,3429.569826,3479.325938,3479.105954,3408.227001,3382.088353,3386.093570,3391.872583,3477.917534,3579.555748,3674.819282,3785.535000,3883.198702,3882.141905,3714.367938,3567.720986,3419.720314,3339.833474,3301.554026,3275.526460,3243.090241,3209.398085,3149.299183,3103.414986,3046.677985,2962.403158,2880.617759,2803.187538,2733.799118,2677.101047,2625.632028,2578.133485,2535.973373,2502.611806,2473.661249,2445.670201,2418.301946,2391.243973,2369.543878,2353.055694,2337.169545,2322.395455,2304.635722,2290.970789,2282.061127,2269.297334,2262.248814,2258.018082,2247.012248,2274.123793,2319.375437,2333.096691,2367.676135,2326.748871
2610.327988,2601.370587,2588.891608,2571.191014,2562.210696,2583.386652,2585.006112,2575.647977,2582.834851,2551.945012,2480.524515,2407.690001,2346.405568,2329.724616,2304.179324,2259.707287,2256.174762,2232.685608,2253.202332,2300.335879,2346.570991,2356.990321,2357.114838,2303.046946,2239.643583,2225.470903,2294.138211,2390.472216,2370.341638,2309.487747,2296.439447,2215.103474,2183.983107,2205.690554,2263.214251,2342.820356,2437.358068,2542.149034,2644.119980,2695.237596,2732.117633,2780.690585,2819.261754,2842.838844,2832.991810,2821.208905,2834.035915,2854.646076,2872.995103,2910.938426,2962.546289,3000.494301,3034.308245,3078.577829,3125.745724,3181.785814,3254.050478,3318.557165,3344.201749,3263.382783,3241.728177,3264.800646,3302.949686,3334.097441,3371.322863,3380.537106,3384.425757,3425.818737,3491.487904,3449.796453,3378.014895,3317.198430,3293.314156,3282.174324,3350.668293,3353.643329,3319.365848,3269.936417,3241.503728,3262.412545,3256.335256,3223.493390,3219.368971,3219.066707,3228.288375,3251.016530,3288.775443,3374.627353,3364.418502,3291.973726,3261.962607,3241.273985,3223.169905,3239.182778,3232.390317,3214.195045,3222.731498,3249.663732,3313.027495,3370.818801,3410.386464,3445.145718,3491.903217,3539.599799,3605.817003,3621.603642,3607.029521,3591.185541,3619.569593,3639.019037,3671.071256,3737.719853,3808.376594,3772.368893,3710.253608,3671.162279,3652.016437,3647.948448,3632.050432,3625.658342,3679.517696,3666.937026,3636.349308,3591.877702,3561.371993,3551.943231,3537.386634,3463.351041,3405.281904,3409.542652,3416.759696,3426.991926,3420.325931,3409.153566,3431.605938,3456.021093,3468.802697,3460.639423,3490.247016,3531.153443,3585.512892,3694.002814,3739.041582,3666.033504,3570.546175,3491.246029,3419.190781,3369.031760,3328.291444,3279.385770,3230.075837,3207.862775,3192.344691,3180.862288,3170.237519,3169.647954,3182.447848,3205.950863,3224.833824,3242.259650,3263.488213,3288.429987,3315.045469,3341.501337,3360.071690,3373.174892,3385.384703,3398.083877,3403.957513,3404.585069,3404.177502,3439.899551,3484.076365,3486.719499,3468.649591,3466.000000,3466.165824,3474.966280,3527.361825,3588.594693,3644.469620,3729.708737,3840.594343,3844.899778,3789.501393,3809.756704,3851.281964,3679.378786,3529.672334,3416.963772,3360.489759,3374.821192,3385.533637,3373.126573,3375.827850,3434.500136,3477.475559,3487.650491,3514.017209,3479.539861,3495.295344,3501.811909,3504.785671,3563.809101,3616.831200,3691.734445,3782.332245,3875.254505,3892.146189,3723.928245,3565.242596,3437.197713,3377.696836,3345.932833,3330.425844,3271.552486,3189.801000,3110.573278,3035.894923,2972.974530,2906.140891,2842.458854,2780.458958,2724.877834,2675.218563,2626.642469,2582.032122,2540.276857,2505.322576,2478.623253,2444.887938,2412.936652,2394.355857,2376.685982,2360.393876,2345.755210,2328.671009,2314.157157,2302.297155,2288.256759,2276.533577,2270.356561,2269.287576,2258.550629,2296.104236,2322.087652,2309.578924,2324.724002,2289.229839
2655.372253,2641.960428,2630.391371,2613.501758,2603.385791,2610.508539,2612.805131,2613.008730,2618.765644,2553.277302,2481.183730,2413.361805,2362.595330,2344.344975,2314.482687,2289.893007,2266.755435,2247.866751,2252.624072,2300.863405,2345.869715,2346.948024,2342.312780,2303.914266,2249.759759,2227.403413,2258.395458,2349.659071,2405.274000,2356.782771,2323.819653,2235.266286,2189.176821,2220.079029,2276.231729,2354.040214,2444.777774,2540.899837,2638.881015,2709.859876,2757.652099,2811.427264,2838.179078,2853.774361,2863.154954,2855.344525,2856.848625,2870.540938,2882.994951,2902.480872,2938.954355,2981.750577,3023.117399,3062.161723,3099.870271,3145.707987,3215.477117,3279.271181,3329.827490,3338.399593,3293.048984,3282.548897,3305.146382,3325.505250,3337.527255,3365.998150,3395.773053,3448.176672,3496.592686,3438.063266,3424.225363,3369.676043,3317.546222,3346.368273,3381.821593,3334.801222,3306.710450,3267.480705,3255.745130,3273.034551,3243.096360,3220.022445,3219.785974,3222.637761,3228.628099,3258.082452,3315.543284,3397.580961,3384.434328,3298.429174,3249.415054,3228.720770,3223.884884,3256.464223,3252.567258,3229.859191,3240.950153,3268.732980,3287.322746,3335.241101,3419.997253,3504.805544,3537.805152,3544.645569,3585.516295,3601.262736,3592.055945,3613.040406,3631.678098,3654.722093,3706.816654,3757.307199,3838.973090,3856.795718,3769.582821,3680.850433,3607.185369,3579.446603,3594.054962,3601.994721,3666.602487,3733.514714,3671.141806,3601.152802,3556.420332,3503.569401,3465.799551,3407.772695,3361.078683,3362.667410,3381.296261,3391.219952,3361.049423,3331.497159,3332.326097,3354.191494,3380.152314,3403.462044,3375.974688,3424.379210,3503.310509,3596.450884,3581.977047,3485.279457,3391.741230,3330.879977,3270.647832,3239.672786,3198.100655,3167.119885,3154.569646,3154.285057,3147.722149,3150.323235,3163.470848,3186.575145,3207.355650,3224.713756,3240.873708,3260.356371,3282.762132,3311.246181,3335.726529,3357.635267,3371.170426,3377.464241,3383.663767,3391.631135,3392.425246,3389.297855,3387.373831,3405.728696,3449.845284,3484.000130,3478.005371,3467.510204,3466.181507,3468.545724,3517.941302,3579.234264,3625.762230,3682.611207,3811.567197,3817.880752,3777.844010,3779.824710,3816.884011,3751.896037,3546.917338,3465.403134,3419.629879,3418.425845,3407.877898,3405.451532,3417.331490,3440.905130,3474.164439,3489.100142,3551.655786,3535.272382,3515.297945,3544.870030,3566.663530,3624.625793,3689.680904,3746.598587,3814.344581,3896.140436,3893.589445,3703.384623,3564.986325,3499.910823,3479.510768,3462.526429,3387.481384,3288.986965,3191.419449,3102.389277,3013.946782,2935.863435,2876.427355,2818.173417,2765.249937,2709.992328,2661.469697,2617.679127,2574.486824,2536.100759,2506.177231,2476.739116,2441.828343,2419.500638,2398.206273,2381.885523,2366.995779,2349.967248,2334.900423,2323.427652,2308.816487,2295.204298,2286.334012,2281.921856,2278.084833,2267.553888,2318.886976,2340.406240,2301.917962,2284.095296,2285.068328
2708.906059,2687.903012,2677.701119,2668.738009,2655.574972,2647.880167,2643.905007,2639.120744,2611.903273,2539.126139,2473.140912,2417.850863,2382.784052,2353.785543,2323.567284,2308.303836,2283.498902,2270.943497,2271.528118,2295.648142,2318.163533,2314.543970,2312.843457,2289.945815,2247.871228,2228.571191,2239.139261,2317.665662,2379.747885,2369.526513,2302.260904,2210.200796,2203.495785,2231.890046,2274.071970,2342.589182,2428.850486,2515.802261,2609.616007,2705.271252,2777.723440,2831.130506,2858.017266,2882.199311,2899.383324,2908.541148,2898.039711,2897.364535,2909.567993,2916.992002,2936.071512,2967.473939,3003.633096,3041.789790,3071.889681,3112.149097,3163.004670,3225.001834,3301.384879,3377.066042,3410.972034,3352.618957,3356.049363,3383.513774,3382.104619,3409.154010,3445.559464,3493.905838,3527.847722,3467.209238,3453.250654,3407.552942,3366.565318,3391.214908,3369.633616,3323.602979,3303.074469,3283.599810,3280.483669,3272.643087,3227.067050,3220.007004,3225.447099,3232.529349,3243.257872,3279.451780,3359.934296,3443.063190,3401.482693,3308.962674,3241.340017,3228.424792,3228.024730,3237.676504,3242.541369,3238.863199,3262.454786,3329.214684,3341.323137,3375.415165,3472.268553,3516.478190,3520.797263,3536.947285,3576.035901,3603.922747,3624.196074,3637.943588,3664.514563,3696.226457,3735.724402,3744.884691,3795.099907,3859.517817,3781.492537,3666.386903,3567.031228,3523.535536,3531.740515,3555.117204,3606.811496,3697.478793,3706.303354,3612.664559,3558.634167,3496.941535,3423.842785,3345.863717,3334.881018,3335.498134,3351.776490,3361.509382,3335.839977,3301.853899,3281.437256,3289.331444,3318.337901,3330.954872,3295.549076,3338.624952,3404.814534,3459.336597,3434.251741,3340.240338,3282.280654,3226.398382,3178.986837,3148.273015,3126.622165,3122.910578,3129.047130,3130.183269,3145.178120,3165.691747,3187.202772,3211.763791,3229.784059,3244.829659,3260.843143,3275.719377,3300.560969,3327.346434,3350.761901,3367.444154,3377.163494,3380.090996,3386.655735,3393.562697,3393.482744,3387.296961,3387.020346,3391.967180,3421.477888,3452.532532,3473.932465,3497.083348,3498.830917,3506.943642,3526.093528,3568.549896,3621.321259,3673.122751,3790.703993,3791.880559,3760.239243,3743.018172,3763.867905,3777.526248,3640.246690,3510.219926,3476.023008,3458.988718,3462.800736,3489.494342,3486.605627,3475.258383,3479.166569,3500.851390,3551.442658,3586.868206,3561.552110,3586.958233,3615.731320,3670.019344,3746.576955,3813.530499,3869.997251,3928.728202,3873.577723,3714.103865,3605.000259,3564.334001,3587.146471,3544.057194,3460.789015,3322.367377,3200.945980,3108.822438,3020.571801,2937.742343,2868.736694,2807.037051,2746.677678,2692.156885,2643.541030,2602.273598,2564.606064,2529.674215,2499.611416,2470.919147,2444.783487,2421.773637,2402.797753,2385.528387,2368.026508,2353.220889,2338.466730,2328.826747,2318.046932,2306.206726,2298.571450,2298.253688,2281.352007,2280.885720,2301.178118,2310.425919,2296.627297,2301.854913,2322.383063
2757.458030,2740.534176,2739.259961,2713.874662,2700.592060,2686.448764,2660.896249,2637.962155,2595.174470,2532.157759,2468.588333,2419.572598,2392.864821,2362.739344,2338.034320,2325.220350,2312.217375,2312.813211,2302.926593,2310.218119,2306.567926,2292.295156,2291.869098,2277.393739,2248.711356,2237.523678,2225.697228,2261.816228,2300.625443,2267.395738,2201.524789,2198.923788,2223.134941,2243.923108,2281.628783,2347.559327,2422.280693,2498.835884,2576.548856,2667.442783,2761.411708,2832.215327,2873.930710,2909.178705,2938.967413,2972.446520,2979.089564,2948.315542,2938.632165,2935.591152,2946.762109,2969.522012,2989.664293,3028.237110,3069.044946,3101.915744,3137.271848,3178.676874,3245.427225,3344.262986,3433.100071,3505.275712,3550.600806,3533.696115,3501.667755,3530.329030,3552.938412,3620.432075,3560.267532,3501.306703,3460.548457,3432.772518,3433.116670,3413.814709,3366.718688,3343.907202,3314.489595,3303.126939,3303.409530,3283.002839,3242.829056,3223.268246,3234.009698,3248.542016,3262.769701,3312.362603,3396.627375,3490.448066,3410.079749,3305.083877,3236.633448,3240.956458,3239.771878,3229.125873,3234.407558,3240.939344,3277.094433,3368.520299,3429.741580,3454.280124,3485.073298,3492.814925,3502.926296,3530.444374,3550.461997,3578.918230,3590.040656,3618.296198,3656.440734,3694.100983,3722.053101,3724.895379,3780.595559,3797.504152,3730.304384,3644.771515,3552.436276,3491.772662,3483.106790,3487.250585,3530.155150,3596.378727,3664.117871,3612.129668,3565.402350,3527.190058,3414.541929,3335.663474,3332.142906,3331.624141,3337.726533,3339.728838,3325.337905,3281.409799,3260.256995,3256.694615,3269.142358,3281.223848,3265.446060,3278.723618,3318.011966,3346.980353,3314.636351,3256.622373,3207.422645,3159.878374,3127.561421,3110.167497,3108.642204,3110.287172,3123.986810,3144.728084,3169.170014,3187.432006,3212.304892,3229.163044,3248.960265,3273.905322,3289.987292,3297.122390,3317.352400,3342.049732,3360.131509,3372.442480,3378.924539,3383.526966,3389.220595,3393.234594,3391.997988,3387.656429,3387.021848,3390.576697,3407.997704,3429.188530,3462.826005,3541.939461,3568.534357,3541.758035,3531.684458,3558.612817,3613.449479,3681.670044,3774.692974,3755.607347,3731.995510,3721.853445,3743.350882,3775.610076,3784.740559,3582.448351,3511.524864,3513.554964,3606.306327,3673.268467,3619.951867,3552.298972,3508.056280,3523.439652,3576.555932,3676.627615,3649.616163,3632.749674,3666.184349,3729.184707,3815.890748,3894.179134,3949.322355,3973.697093,3864.423409,3797.526483,3750.526120,3724.953470,3660.564170,3587.935018,3483.404949,3334.459348,3219.841152,3125.876622,3033.518081,2941.677260,2867.585709,2800.785226,2746.466598,2694.687141,2646.763015,2599.911849,2561.004061,2526.775790,2497.006513,2469.485859,2445.910735,2432.682222,2417.262135,2392.798097,2367.855951,2356.375086,2345.002797,2336.002425,2326.709591,2317.443176,2312.239327,2309.231824,2290.832783,2296.579710,2307.968471,2316.291082,2327.234242,2340.010635,2344.207736
2805.196419,2781.569753,2777.784552,2756.865688,2740.577613,2697.744165,2666.977201,2633.489695,2587.130355,2527.622692,2474.345379,2425.609520,2394.753574,2365.645686,2354.768224,2343.820991,2336.229043,2345.070332,2334.705089,2317.652470,2299.603503,2284.643768,2279.196385,2267.612955,2253.134501,2246.447803,2213.058341,2207.558966,2209.388202,2197.176322,2195.795774,2211.748591,2231.531774,2263.427503,2304.001981,2368.909097,2461.784155,2554.230363,2625.840165,2697.801857,2770.543062,2846.960441,2891.909273,2926.357138,2963.863532,2980.810466,3021.134698,2992.540665,2966.062274,2954.485769,2956.322708,2967.728950,2978.284317,3017.893049,3071.951514,3102.137448,3137.359890,3171.809577,3216.094881,3292.457973,3385.354021,3473.630465,3575.054600,3627.265290,3605.003943,3640.454907,3696.794098,3718.051389,3599.242675,3504.784965,3461.520591,3455.801104,3456.812932,3433.038117,3385.227375,3365.123602,3347.647105,3333.078207,3328.057012,3304.883238,3267.416155,3236.482209,3235.770841,3250.107956,3261.661109,3292.730503,3381.811002,3486.452827,3428.494256,3312.631670,3248.317989,3262.421350,3254.001249,3227.129059,3228.683867,3245.393882,3300.426363,3362.444456,3393.715799,3414.446522,3417.916221,3417.755979,3427.112522,3458.451426,3493.436109,3522.711547,3574.742671,3628.953067,3666.003582,3670.526055,3691.167208,3709.626013,3781.283255,3763.973653,3672.960515,3614.751625,3546.998462,3485.176575,3461.625418,3458.357088,3480.376789,3543.966708,3623.010539,3689.814750,3620.517606,3538.908305,3425.338208,3334.662564,3329.074296,3331.864314,3338.187748,3328.273038,3318.165987,3285.260287,3257.869073,3256.550017,3255.752687,3249.852529,3253.759303,3256.869566,3266.184577,3273.824435,3239.897242,3193.323170,3146.943605,3116.551027,3099.354532,3096.567993,3104.090075,3118.508181,3143.853405,3168.759016,3194.196245,3219.645405,3243.541714,3261.581105,3283.787253,3301.184282,3311.602896,3317.245726,3329.635693,3346.233065,3360.302034,3372.931691,3376.506749,3376.386110,3380.032234,3388.654677,3388.985837,3388.860325,3387.134927,3393.139372,3410.651777,3433.005616,3471.411226,3547.336425,3577.850549,3556.916927,3536.861980,3563.156352,3626.463919,3711.818400,3740.683378,3717.420339,3706.605701,3716.808751,3741.151883,3771.223355,3804.713491,3711.984293,3604.872791,3664.431788,3694.984932,3626.834165,3549.073620,3523.975318,3527.447867,3556.338124,3615.997807,3731.172366,3748.800877,3716.571036,3739.624220,3781.470845,3859.225251,3950.395672,3966.462123,3910.775472,3896.134991,3861.275937,3793.909249,3732.055282,3630.044342,3528.473754,3438.305304,3342.490258,3246.811812,3148.598782,3045.665038,2961.278225,2901.013831,2844.424514,2780.022037,2719.362170,2662.473258,2609.062876,2568.575958,2538.890491,2511.127837,2486.445731,2481.501296,2473.123563,2434.730604,2398.574991,2383.347384,2380.744462,2363.323957,2344.184117,2335.743282,2326.430297,2323.712050,2313.122022,2294.968500,2314.429804,2335.742547,2355.158128,2365.565781,2369.092008,2358.858105
2849.072986,2814.673415,2809.991350,2802.757175,2763.396848,2698.863008,2670.664848,2638.044781,2580.431216,2524.875958,2478.420623,2437.452359,2403.797097,2376.765071,2363.062656,2352.224411,2355.939399,2356.512251,2342.224030,2318.238581,2295.156575,2276.437136,2262.675239,2251.532285,2254.143734,2241.550662,2206.662932,2190.924516,2193.711988,2194.173024,2198.476979,2214.993978,2237.133326,2283.553720,2342.692963,2401.995319,2456.535855,2558.464893,2662.527816,2750.758924,2826.221528,2890.027983,2941.971952,2965.955384,2973.016448,2966.926271,3015.262035,3009.554852,2991.806812,2979.439764,2965.767740,2960.611330,2969.078870,3031.468761,3066.394717,3095.792942,3134.904906,3173.205101,3200.748036,3234.384822,3322.505449,3425.080277,3511.804189,3581.969305,3641.336063,3662.875220,3665.469790,3656.654279,3597.901938,3500.181675,3458.647770,3470.587158,3496.950966,3449.935607,3405.018363,3380.848132,3362.122889,3355.064417,3354.326023,3349.007536,3303.415232,3257.045902,3247.338120,3261.485778,3259.925097,3280.589937,3379.125451,3477.765380,3427.351839,3334.716434,3289.352959,3287.635342,3254.584845,3227.047019,3227.498018,3247.175034,3303.247035,3328.362250,3328.973575,3337.933079,3346.409195,3359.646741,3383.223668,3417.603807,3451.233727,3501.963117,3582.197759,3654.717233,3631.372810,3614.897425,3658.362839,3695.426658,3742.219071,3731.374108,3661.882205,3621.227622,3571.893883,3525.209963,3481.521122,3464.088968,3466.123411,3509.909964,3578.732434,3659.884603,3721.701023,3590.794918,3472.733896,3368.149549,3337.614760,3337.299279,3339.350499,3328.164733,3305.781289,3289.358793,3264.881796,3261.634413,3262.767992,3251.727289,3247.274144,3239.695953,3223.511985,3218.334699,3187.600684,3140.321637,3107.125590,3089.770682,3090.283857,3098.917555,3116.171703,3135.931389,3169.729563,3200.473752,3235.440334,3263.298238,3281.668887,3297.273336,3310.494253,3321.202489,3327.178781,3328.272966,3328.901013,3338.211273,3352.301616,3362.400875,3364.246497,3360.881697,3360.915748,3376.363717,3387.167129,3387.433310,3387.210264,3394.573344,3424.276153,3457.894990,3490.475815,3542.791953,3568.314798,3552.164219,3541.708350,3575.523920,3654.441644,3724.499262,3699.131761,3687.407816,3696.336835,3720.311558,3740.316149,3760.262977,3790.616293,3780.781545,3714.214863,3655.700261,3590.010396,3539.242957,3525.094336,3545.055281,3574.084528,3628.105606,3724.323071,3821.592466,3857.668476,3828.655407,3834.204810,3855.066088,3893.808982,3921.417385,3880.922921,3805.648022,3815.876046,3773.626566,3693.587697,3675.219513,3628.797154,3532.480602,3424.856151,3318.159969,3222.237176,3128.881743,3050.317658,2990.318164,2928.031845,2860.449439,2788.927702,2722.398672,2671.323524,2635.713021,2616.923296,2583.166000,2546.336428,2534.239634,2532.714773,2484.937033,2434.153495,2418.554884,2429.578285,2422.943088,2375.276177,2353.054151,2343.932777,2337.306028,2329.362477,2312.736814,2313.360059,2336.161073,2355.664582,2377.620053,2378.971580,2364.029113,2343.350801
2894.205939,2860.766119,2843.653059,2829.835676,2765.645347,2709.002707,2681.174302,2648.078320,2587.060236,2528.837118,2482.309039,2447.962340,2419.175240,2395.519004,2370.982231,2368.976723,2375.345980,2362.976977,2342.577561,2316.521334,2295.171625,2276.398946,2254.190548,2233.409261,2224.924480,2216.958792,2201.430916,2192.666170,2194.141895,2189.380048,2200.550393,2223.241057,2264.554833,2319.015799,2392.258356,2469.327136,2511.395069,2550.170359,2626.683965,2723.214573,2812.692577,2903.908806,2974.988689,3012.920453,3018.231435,3010.545074,3027.840550,3020.962972,3008.719210,3009.040425,3002.609627,2977.236931,2988.936039,3048.292275,3084.121702,3096.946696,3135.659000,3183.252737,3189.584575,3198.124014,3275.925723,3364.952067,3438.801654,3494.647658,3567.735092,3597.603955,3573.984611,3546.784661,3531.040051,3512.366136,3493.241548,3518.919571,3518.373923,3445.277740,3396.004836,3363.226111,3347.790596,3345.026782,3354.811957,3353.618508,3315.644852,3274.208930,3262.746695,3290.581949,3291.956914,3303.905206,3379.793490,3449.734582,3474.139989,3406.224173,3374.202227,3341.766174,3263.104541,3227.321442,3227.000000,3229.961770,3261.012282,3292.465324,3304.418795,3319.942168,3322.515277,3328.848792,3347.730487,3393.754418,3442.548252,3497.266914,3619.597259,3626.532133,3590.888255,3596.582977,3639.737449,3664.063324,3681.132158,3737.836652,3712.462891,3611.617800,3553.273396,3517.254088,3483.934151,3465.835626,3461.830941,3487.685180,3536.177964,3585.106426,3657.153782,3631.377554,3504.271086,3425.679302,3358.330196,3339.688565,3337.221255,3327.931463,3309.134959,3286.598064,3269.418177,3265.601376,3263.743360,3254.549863,3238.711927,3220.746197,3192.095214,3172.183181,3145.947949,3103.708599,3081.013393,3076.455560,3091.039828,3108.687540,3130.754855,3168.972391,3211.552439,3258.796352,3290.703789,3303.292288,3306.469384,3312.881176,3322.474307,3328.120248,3327.520999,3327.209892,3330.640079,3336.109630,3350.365027,3359.313674,3359.654453,3357.724702,3361.755479,3375.249807,3387.746762,3389.847591,3391.416879,3414.445081,3452.428438,3477.132015,3489.938022,3522.989779,3551.593064,3552.738858,3552.920942,3606.258252,3687.320928,3694.585303,3668.199069,3668.611660,3671.907699,3684.431497,3695.197716,3719.816277,3762.480332,3796.535620,3745.216485,3626.385388,3595.207639,3604.338427,3640.698757,3653.853623,3691.300202,3772.670200,3844.122684,3923.893304,3929.617224,3881.670801,3866.828154,3837.818708,3795.651089,3807.570970,3782.150531,3712.429362,3703.478139,3691.495234,3605.395665,3581.483103,3576.436382,3519.937183,3431.637450,3324.088516,3222.182937,3113.570728,3030.304297,2967.542408,2917.560001,2856.537533,2789.159094,2723.331799,2692.262514,2698.921835,2675.533946,2635.497021,2604.263823,2571.301993,2518.818133,2468.200419,2451.280981,2463.767227,2456.623730,2419.561789,2378.041368,2363.701897,2354.738174,2346.583191,2333.158366,2323.456997,2346.728580,2348.526826,2359.893614,2369.744584,2362.943821,2345.334384,2328.819084
2941.956584,2892.132493,2846.061680,2812.682570,2763.951658,2727.465900,2700.562914,2646.572954,2584.130109,2527.824543,2490.187669,2456.066949,2441.597363,2424.357362,2396.601681,2391.150872,2385.158926,2359.554895,2339.618222,2316.947987,2297.126501,2275.840282,2255.525295,2234.339208,2207.948330,2200.736700,2194.860837,2193.458854,2188.173676,2179.461121,2199.775291,2301.464694,2399.059806,2419.683772,2455.350035,2530.144086,2599.503018,2615.880310,2647.742592,2714.579046,2793.875860,2885.341706,2975.034587,3058.208324,3093.237933,3105.725210,3088.674868,3027.455259,3015.987470,3024.717400,3035.301698,3046.134376,3045.124952,3061.236226,3098.013334,3118.653982,3165.248031,3207.574691,3199.147756,3193.611119,3244.211549,3322.314752,3362.463797,3415.719009,3505.922366,3525.690719,3477.622037,3461.809687,3483.359053,3563.553250,3577.754797,3555.094650,3480.559915,3402.957348,3370.150026,3349.993005,3330.613704,3327.772859,3337.556693,3312.164987,3295.600656,3294.502545,3283.624724,3322.558844,3345.274900,3348.260204,3379.283524,3434.697837,3513.674517,3466.669899,3425.770960,3370.957868,3278.616409,3229.541565,3227.000000,3227.002281,3228.923569,3260.583248,3297.512622,3317.480408,3317.110976,3317.255403,3325.746010,3359.379217,3405.601422,3496.530526,3598.705912,3583.707945,3578.676435,3580.668836,3599.670633,3621.025460,3651.843913,3745.159970,3686.330975,3574.741399,3498.245202,3442.411982,3430.972224,3448.232930,3473.450546,3487.177563,3495.162400,3518.132377,3590.206507,3652.215225,3584.912082,3459.419386,3369.405220,3347.352798,3324.861357,3315.084132,3303.594259,3286.758059,3277.166563,3273.036121,3267.846229,3251.621984,3221.593600,3194.429604,3162.276053,3146.951431,3117.204767,3077.786534,3063.220245,3075.223019,3100.950907,3125.814759,3163.005285,3230.380192,3288.864514,3308.166658,3314.565134,3315.729105,3317.367257,3323.590209,3324.920888,3328.478201,3331.670607,3334.321623,3345.740761,3361.428177,3383.425316,3399.424681,3388.271391,3373.345199,3380.412304,3394.468778,3403.455351,3413.945788,3424.744117,3452.798734,3467.499619,3475.093053,3488.402264,3527.029465,3574.217989,3594.785280,3618.203763,3668.074752,3685.068183,3657.567391,3632.988924,3631.075014,3632.678040,3644.463399,3656.316536,3695.793347,3747.661576,3786.685031,3796.723364,3742.708038,3700.197574,3695.970002,3713.895460,3761.300458,3838.033661,3895.442559,3952.051827,3948.021407,3860.022440,3788.022128,3756.981311,3706.195864,3664.446318,3686.086379,3672.403199,3640.297599,3600.057049,3595.151151,3540.831462,3493.943468,3478.060332,3443.208250,3371.709886,3288.397333,3185.089278,3083.207460,2999.647846,2931.075800,2883.923492,2836.635727,2780.581414,2737.562725,2742.632739,2737.497914,2707.818376,2677.865258,2627.891257,2555.160833,2512.818870,2502.727160,2492.963354,2471.046795,2441.442879,2406.571707,2386.118155,2376.684555,2364.396214,2349.826986,2339.787164,2353.697287,2359.431881,2360.824579,2358.957429,2354.050054,2350.055955,2337.878666,2306.245059
2968.522144,2886.173950,2835.812287,2804.485536,2773.892354,2734.134505,2698.481493,2644.554718,2585.891965,2534.845556,2502.039721,2473.512027,2472.296083,2457.652409,2422.048048,2404.161991,2382.209367,2357.442571,2337.597671,2316.866398,2298.321013,2275.956927,2256.592483,2232.708302,2203.357028,2195.137860,2189.484911,2190.395409,2193.590273,2193.315840,2215.702508,2309.039055,2427.285949,2526.973487,2589.571255,2644.203699,2671.850898,2687.769336,2705.296681,2768.922050,2817.650583,2884.387782,2967.951605,3055.563089,3133.783707,3183.261529,3134.465534,3048.241183,3029.996571,3038.049886,3048.474546,3079.383420,3115.290838,3152.866913,3143.790533,3144.472472,3182.183182,3232.087338,3210.114318,3196.028224,3250.227506,3308.623897,3325.902116,3369.291101,3471.434854,3473.921039,3420.371173,3421.646948,3478.056104,3589.334530,3560.897679,3480.940271,3432.407015,3367.427793,3349.648819,3355.354928,3346.826369,3326.324380,3307.925218,3256.477070,3288.057966,3333.084227,3320.889722,3344.936713,3370.107086,3399.679500,3409.526210,3441.681770,3495.129533,3454.981767,3397.796229,3356.631216,3296.355371,3244.469542,3227.279131,3227.063162,3230.085993,3249.391420,3284.302061,3311.240786,3308.238347,3313.559176,3327.990131,3350.691189,3402.796672,3527.020274,3572.301951,3541.769551,3556.038039,3527.539994,3547.629211,3589.419154,3656.593082,3745.925424,3686.505925,3584.504389,3486.595619,3426.120011,3422.517973,3439.211993,3470.989695,3484.931407,3479.573065,3494.720388,3556.152046,3621.072553,3617.887740,3490.482696,3412.986365,3370.503099,3332.013335,3318.431709,3317.314729,3327.415389,3333.933929,3325.880212,3275.604330,3228.339445,3198.990886,3170.853044,3150.233107,3125.679397,3091.462665,3053.055469,3054.560242,3083.075480,3113.000199,3150.846560,3213.815698,3285.711559,3327.131464,3330.232215,3328.439750,3334.481524,3336.567346,3337.225923,3343.732392,3346.365045,3354.829642,3370.287511,3389.552979,3414.919401,3439.479186,3447.966452,3450.523370,3441.015045,3432.689266,3436.070792,3446.141406,3461.704825,3481.401024,3484.372418,3473.385367,3471.984822,3493.739372,3560.163707,3640.565287,3685.610138,3683.130928,3670.245954,3643.474762,3619.005304,3603.810438,3606.004182,3616.941886,3628.721504,3650.399989,3688.856343,3743.830078,3787.823659,3824.400406,3849.169915,3784.534068,3737.156921,3759.362157,3830.188100,3917.087813,3962.063701,3962.009754,3877.868567,3777.202407,3684.307172,3630.366432,3589.095074,3546.514495,3537.136991,3544.907046,3546.792881,3498.830711,3499.432902,3458.184617,3387.754802,3369.695798,3335.420946,3283.753012,3226.497442,3142.464415,3053.771634,2976.336831,2917.025816,2865.549185,2826.222176,2795.842424,2777.998551,2770.139598,2729.955086,2685.205375,2648.190656,2608.691711,2573.189790,2574.935556,2543.789346,2500.957632,2462.554155,2430.587472,2411.133809,2398.991109,2384.338481,2364.316764,2366.108261,2368.082406,2373.015448,2371.254708,2365.391613,2354.294836,2343.423844,2331.689706,2315.938928,2291.828398
2961.636411,2887.419218,2844.380718,2818.349109,2783.280471,2737.226398,2696.325774,2645.568528,2587.570705,2545.787430,2516.727350,2495.406062,2500.020988,2476.026927,2432.545449,2401.163954,2375.203162,2353.905182,2338.980438,2320.926598,2299.824806,2269.988529,2251.984636,2226.084663,2201.646382,2191.756079,2188.281213,2191.792870,2195.792289,2203.496691,2225.423503,2300.766917,2395.236704,2486.028688,2584.694431,2688.126161,2746.376732,2760.394246,2765.858862,2818.325797,2869.263297,2917.487554,2981.490866,3052.099099,3132.513864,3211.068055,3178.098237,3094.776638,3047.236142,3048.363817,3056.494095,3092.049569,3133.374098,3183.663183,3251.996208,3228.843410,3228.015019,3265.369341,3220.868703,3210.121950,3254.768707,3291.827011,3323.866328,3371.505297,3467.123175,3441.845379,3395.246323,3401.056727,3465.392971,3597.649626,3571.556687,3475.468624,3433.588590,3376.553614,3356.572997,3369.895307,3362.499318,3319.517637,3282.521714,3249.671511,3299.064811,3395.265430,3400.181487,3380.557196,3375.158260,3410.227726,3453.852124,3483.890803,3463.799825,3404.732127,3359.741965,3336.099985,3315.821253,3296.609935,3249.858658,3233.666301,3230.489955,3267.554146,3289.940453,3295.169036,3300.605182,3329.316407,3374.738142,3401.526809,3482.639784,3563.031586,3521.974213,3480.163081,3484.443039,3470.293901,3509.914990,3573.190077,3656.364024,3707.598022,3695.314370,3580.260682,3490.277146,3433.601255,3420.284186,3426.686424,3434.384705,3452.723609,3481.741505,3495.263906,3540.702645,3605.450726,3645.846708,3577.665789,3485.236570,3440.971107,3395.219534,3361.583201,3376.081755,3422.554594,3427.814589,3365.681653,3252.692485,3200.201095,3173.098245,3157.790457,3139.383180,3115.813830,3067.077880,3043.244905,3057.408050,3094.555901,3137.635322,3188.936660,3243.336527,3305.099368,3349.776882,3353.834007,3366.263608,3382.135419,3378.230942,3381.342394,3384.947716,3397.145918,3415.367023,3422.883024,3424.285173,3426.331396,3433.028228,3441.562159,3448.028330,3458.837944,3466.434878,3478.543528,3476.521556,3474.625905,3479.029453,3477.488844,3473.148294,3474.890886,3511.693964,3611.854491,3722.315640,3726.559943,3674.075645,3617.494689,3596.743934,3592.872319,3589.780278,3589.702280,3608.476583,3633.507849,3664.264001,3697.385943,3747.242056,3789.692034,3828.138277,3860.798096,3806.071414,3763.692447,3810.675034,3897.220334,3925.106157,3913.186640,3888.308339,3804.503842,3697.628107,3612.356157,3552.025835,3527.462136,3495.732295,3431.789486,3423.153892,3429.788015,3401.622850,3381.467460,3345.314297,3289.405998,3252.799859,3209.978982,3175.180259,3152.682352,3109.391824,3028.798445,2957.947869,2911.100067,2869.674441,2841.928907,2832.844537,2813.635713,2776.774008,2719.075282,2676.462925,2654.050093,2645.528717,2625.472819,2581.807531,2532.753783,2492.357074,2459.605109,2436.856564,2422.199685,2409.921668,2389.840063,2373.665007,2393.623423,2390.582296,2387.869238,2381.186836,2366.178316,2353.216695,2343.896755,2331.648746,2311.299832,2304.900152
2947.277888,2911.826708,2867.450696,2834.459663,2787.706068,2739.561595,2690.643129,2640.870627,2593.154354,2555.836649,2536.269339,2520.099256,2526.767615,2492.362754,2430.304943,2391.178181,2365.833887,2349.131838,2333.044390,2314.893657,2292.395964,2268.607740,2248.380609,2219.299584,2198.605531,2191.777868,2188.424369,2189.889875,2196.408425,2210.133032,2231.471884,2285.416958,2362.833543,2446.911759,2544.439855,2637.593295,2715.996232,2787.371343,2839.890947,2900.652400,2942.927876,2985.518454,3012.532818,3052.723562,3123.386570,3213.130231,3225.394527,3146.947980,3079.446281,3063.156681,3061.196622,3101.829568,3134.754833,3169.854790,3248.647427,3340.489833,3386.738923,3342.296660,3272.536907,3261.468506,3276.418147,3312.010651,3370.094342,3434.317399,3454.468287,3406.302205,3373.846792,3402.894506,3495.243893,3609.799876,3617.630842,3530.228822,3468.384474,3417.638028,3395.599861,3403.179677,3358.544909,3273.929434,3234.937592,3234.328879,3300.496766,3422.052240,3477.624346,3430.326702,3396.269122,3428.352442,3471.077781,3493.199992,3422.945732,3359.415600,3335.897959,3339.396817,3335.809811,3360.308601,3335.735381,3273.143329,3292.659418,3346.736857,3357.059276,3324.329557,3304.479319,3324.479143,3389.438204,3454.608515,3522.863020,3542.828832,3456.715082,3412.366021,3425.056905,3450.256389,3495.483369,3575.854687,3627.475277,3637.140539,3670.024474,3621.240368,3514.891991,3451.025052,3417.322564,3415.053073,3418.125425,3444.382067,3478.637287,3503.343712,3543.167816,3622.392434,3678.365076,3669.790963,3556.738128,3507.439885,3493.005004,3517.015547,3516.001549,3484.058875,3407.545074,3301.262449,3209.223413,3178.725059,3159.416910,3145.273067,3125.339767,3096.696324,3053.760151,3038.551022,3061.249017,3107.080317,3170.907472,3219.948065,3266.973955,3312.709631,3346.398766,3379.385781,3412.372399,3426.522896,3412.237982,3430.344396,3432.401480,3429.150083,3426.634123,3426.228795,3425.905717,3428.869761,3428.154869,3425.429982,3431.641857,3447.247397,3469.624204,3489.554469,3482.717847,3470.872367,3469.137557,3469.045396,3469.563812,3485.075377,3548.820007,3663.044639,3743.237380,3696.734788,3616.187481,3574.968913,3565.924579,3571.704218,3581.526556,3585.108980,3609.012767,3649.026892,3686.324479,3710.969839,3742.847162,3775.021654,3817.227939,3853.149461,3814.286110,3802.729151,3846.488848,3889.927812,3886.901192,3872.881782,3845.630988,3762.047922,3676.671225,3607.025606,3577.619088,3553.186958,3474.465296,3371.488016,3342.970140,3323.819084,3291.240035,3245.417584,3197.251666,3165.776964,3137.376184,3101.670137,3082.155018,3060.700035,3070.898701,3040.950046,2983.210190,2948.821642,2908.033042,2870.050094,2850.502011,2819.756324,2769.149888,2730.735887,2723.904255,2706.575097,2670.144567,2631.382573,2572.395093,2522.552789,2486.794569,2464.563561,2450.000779,2433.777430,2420.731890,2396.932984,2388.456917,2411.003686,2409.041880,2400.002391,2388.355920,2372.304216,2359.994099,2347.608360,2331.449712,2315.647914,2313.107722
2953.476208,2942.818944,2891.683239,2855.411291,2798.887535,2740.046230,2690.983326,2645.004092,2595.970752,2571.142932,2552.396837,2545.176149,2541.639987,2500.652818,2436.035789,2389.571421,2354.235980,2334.478945,2323.409517,2313.492917,2282.173593,2275.958271,2251.529249,2220.420188,2196.117155,2188.853502,2191.317818,2190.670034,2192.990314,2205.666922,2230.926916,2273.800974,2343.781400,2422.823136,2503.540905,2581.871151,2660.616825,2755.091906,2850.261738,2929.718448,3005.590940,3072.997810,3098.911119,3107.034819,3150.397464,3206.154908,3207.257290,3180.977956,3148.241325,3112.342921,3099.027611,3120.381480,3138.811279,3167.785112,3234.598293,3334.291616,3434.161369,3461.010605,3360.721901,3334.482325,3357.602498,3407.375161,3464.806124,3467.229621,3410.473259,3364.125806,3357.590712,3396.300659,3507.693306,3570.680755,3581.445471,3599.192442,3558.757294,3496.787150,3480.568076,3479.522172,3386.145704,3277.683717,3218.533281,3227.285036,3293.543662,3393.394417,3525.529970,3481.413204,3438.924046,3464.266180,3481.533531,3479.680804,3409.566465,3365.503327,3358.923907,3383.305438,3381.477552,3408.757863,3438.171085,3430.354708,3428.862267,3425.539608,3398.802021,3370.063695,3347.324255,3356.333573,3394.767507,3449.456179,3526.287081,3504.424235,3414.816271,3394.360430,3407.916151,3459.600473,3505.786926,3569.459590,3592.314083,3606.759871,3662.667431,3640.662144,3532.703733,3478.443657,3433.988436,3416.307651,3419.273126,3452.351547,3487.928497,3494.664278,3532.411160,3637.833764,3712.941064,3727.772416,3661.197858,3601.097912,3551.929149,3555.695048,3548.613788,3478.961980,3397.712331,3271.247835,3199.962282,3170.952627,3150.731746,3134.858565,3106.187519,3072.092480,3037.596971,3036.398834,3069.010615,3137.266311,3203.774702,3244.962007,3281.446918,3307.437922,3335.711831,3387.889794,3418.713502,3407.640007,3406.363169,3423.697779,3428.259381,3429.795070,3427.365344,3423.640941,3427.365354,3427.033614,3425.887436,3425.418719,3426.017622,3433.498260,3470.598914,3532.792281,3547.640070,3505.439793,3473.908691,3469.476939,3471.953533,3502.668249,3582.581424,3676.638622,3700.051966,3648.715598,3578.688848,3558.340243,3556.727179,3562.755149,3571.521372,3581.941526,3615.637698,3676.137286,3703.260511,3709.026008,3726.471592,3756.401811,3789.060168,3830.969864,3841.856648,3851.999968,3863.199884,3880.155618,3880.418026,3866.837861,3840.897860,3784.854651,3734.715758,3681.343048,3594.160298,3481.718764,3394.439205,3319.664327,3288.247547,3261.009756,3227.333742,3174.804482,3129.762554,3103.681974,3084.468109,3051.550303,3012.185710,2997.103770,3009.252933,3024.136593,3004.618661,2974.237007,2940.984599,2906.994279,2867.285159,2819.546271,2771.434563,2747.762163,2754.468306,2730.780623,2674.837765,2623.249612,2573.283465,2524.335514,2491.976672,2473.944346,2459.551124,2442.721005,2421.339530,2409.614804,2421.914310,2427.546974,2420.002907,2410.850918,2404.660300,2381.361427,2360.165361,2345.370041,2334.788665,2329.549093,2324.739048
3016.251865,2972.695346,2917.539640,2862.586373,2805.288058,2741.648770,2698.493744,2649.573941,2606.913006,2581.782769,2569.449137,2564.386728,2543.431499,2503.297597,2442.188330,2388.504466,2349.994498,2319.519512,2301.020305,2291.882231,2270.434255,2262.761779,2243.753084,2216.198458,2198.629284,2194.670845,2194.683025,2190.360370,2190.770837,2206.051678,2229.613295,2267.870450,2321.619661,2387.334938,2466.757695,2541.505423,2622.729026,2705.455939,2794.810975,2895.521295,2984.790367,3051.466745,3113.812758,3146.052278,3160.739409,3168.686818,3158.217742,3147.308841,3165.717271,3181.417014,3162.017426,3154.184971,3159.259291,3181.575144,3233.465066,3318.214455,3422.558884,3493.984076,3470.536163,3429.322791,3410.080952,3421.254225,3428.517480,3429.660037,3369.445376,3332.167914,3327.651557,3351.252419,3449.589714,3507.199173,3539.277393,3592.401891,3631.003756,3596.075943,3516.041744,3438.625047,3339.134231,3264.753144,3221.864283,3217.907792,3261.404097,3367.115111,3511.047608,3569.716985,3512.311212,3505.811600,3512.991806,3476.194842,3445.902577,3431.538027,3441.444606,3464.506362,3447.685861,3415.728981,3453.764776,3486.584862,3535.919825,3512.386713,3447.039737,3429.145068,3429.235643,3444.252433,3466.555669,3506.295215,3539.704842,3469.837578,3404.081698,3384.005136,3400.370862,3470.291332,3520.224868,3561.289059,3579.075738,3590.540446,3642.261920,3609.707941,3530.779440,3477.523464,3459.268328,3426.566365,3403.128679,3418.622952,3444.659395,3467.907875,3518.571379,3616.124489,3700.129732,3642.119934,3577.212099,3523.744043,3483.506317,3489.716711,3486.288264,3430.832676,3365.365042,3255.060943,3195.068379,3165.072467,3149.977865,3127.692385,3088.871410,3051.178993,3024.990715,3034.733297,3081.687775,3160.556627,3225.648705,3269.071415,3298.672529,3330.769355,3364.869640,3394.527496,3397.916380,3395.420350,3397.183285,3409.586526,3431.146715,3434.592227,3426.113743,3425.250559,3429.284583,3435.111840,3439.852607,3432.609927,3434.049956,3442.952695,3487.481682,3569.609147,3655.730657,3596.523476,3523.742201,3483.553740,3485.535099,3536.294330,3622.405564,3665.650299,3655.370704,3624.694993,3573.368372,3561.203041,3554.462632,3550.485559,3554.027697,3573.598742,3618.235665,3687.474253,3692.448191,3688.113664,3701.833405,3725.283607,3751.752206,3793.674989,3861.918032,3884.803826,3873.268069,3882.642163,3883.444492,3859.175284,3785.980519,3720.240562,3690.498446,3634.567151,3507.062675,3398.933812,3315.406116,3271.723793,3263.818323,3257.953470,3241.756825,3201.360737,3130.166694,3100.171815,3082.856121,3040.243161,2985.437192,2969.333182,2974.134067,2965.886916,2981.279399,2989.860484,2958.785197,2922.388177,2888.292155,2832.572638,2779.406812,2768.023581,2763.782648,2727.977532,2676.105770,2653.284654,2614.389402,2549.889189,2502.526707,2483.355712,2463.471941,2442.478519,2436.133565,2445.445995,2445.604980,2440.539321,2430.578871,2414.101298,2394.101323,2378.926918,2371.569610,2368.123520,2355.231829,2340.930679,2346.563608
3066.531117,2993.627336,2919.121033,2853.317914,2803.981790,2743.672474,2708.337155,2667.305419,2622.452107,2599.292612,2587.653395,2573.300018,2545.448914,2507.165021,2448.076350,2388.378358,2350.400284,2310.916148,2288.717002,2274.936995,2260.755871,2246.429823,2229.846376,2213.627328,2199.570541,2194.275790,2192.449457,2187.582876,2192.831309,2208.987405,2236.435049,2271.896749,2311.788610,2365.656869,2433.720753,2503.327832,2578.564653,2671.818720,2770.855867,2869.319589,2948.137068,3002.120574,3056.175007,3094.908836,3113.302286,3122.204010,3109.063410,3103.605157,3133.168065,3182.319105,3218.805818,3243.959283,3227.377605,3224.945429,3270.274208,3345.416280,3423.429076,3438.113254,3425.908549,3398.171279,3366.704896,3355.182730,3362.294631,3384.260470,3340.806322,3293.477538,3276.513839,3299.224008,3378.166627,3449.283600,3501.696037,3567.000061,3584.104507,3511.349015,3437.873805,3357.717766,3274.128583,3218.500210,3204.683394,3214.813380,3242.637758,3347.602305,3473.070039,3580.762775,3609.002920,3581.257219,3560.805222,3498.902291,3502.168245,3515.929500,3549.687606,3552.194999,3457.859867,3404.218524,3425.938629,3445.632549,3512.523447,3547.029418,3547.856172,3519.573854,3495.806896,3497.607241,3548.997432,3577.478368,3541.434264,3472.243641,3415.047491,3384.730792,3383.727213,3456.682446,3510.963214,3524.967797,3562.144805,3577.073081,3623.371587,3582.906020,3495.508654,3435.593883,3421.374829,3419.483336,3400.385837,3401.901520,3430.970662,3463.898018,3510.875634,3616.184190,3655.278001,3577.370979,3514.806440,3455.150070,3439.527829,3445.829634,3446.646372,3391.064874,3315.664302,3234.033083,3194.149446,3165.649009,3147.718821,3118.503787,3069.676226,3035.338084,3018.317779,3038.130884,3101.243416,3183.865268,3242.822114,3289.938934,3329.931970,3362.565991,3399.021781,3404.960975,3397.060197,3394.983916,3396.530517,3413.427265,3428.116826,3421.655233,3420.167750,3422.078019,3433.466299,3455.289011,3459.545487,3456.126899,3454.238740,3468.645108,3497.285239,3569.095196,3680.212509,3672.035078,3605.781561,3548.520285,3547.367095,3602.139391,3654.349181,3651.088929,3649.632312,3616.082516,3573.432146,3562.592664,3545.901671,3542.217878,3543.723307,3557.000332,3606.499269,3646.970313,3641.333937,3640.675728,3659.399901,3692.764221,3726.388735,3764.217418,3843.373814,3889.900931,3879.747189,3891.190504,3891.737295,3816.499343,3668.155311,3603.465962,3583.793927,3559.787533,3445.669084,3350.165583,3283.057399,3261.868109,3283.346772,3285.687245,3304.314452,3296.289632,3216.652466,3160.850175,3120.123816,3059.983013,2995.424619,2967.310209,2950.585894,2934.687685,2937.740613,2962.286863,2949.512469,2905.469176,2887.601967,2856.038268,2808.988513,2792.094744,2772.022381,2726.491962,2699.176421,2657.671666,2598.371977,2540.874284,2503.371349,2479.869439,2464.532751,2472.384119,2470.108652,2460.570614,2455.484090,2446.900559,2426.400114,2408.775575,2401.902582,2405.146214,2396.550450,2383.895137,2361.506330,2353.817194,2372.206044
3066.622300,2980.712108,2900.740400,2848.668564,2798.830707,2754.171132,2722.062665,2685.886914,2640.754032,2620.275756,2604.962005,2576.435828,2544.830961,2509.614314,2452.579565,2400.080331,2354.065965,2307.642233,2276.323690,2258.865912,2249.612761,2237.011636,2222.360900,2217.150311,2205.999712,2194.511174,2195.802156,2190.508085,2194.886156,2208.477800,2239.197174,2266.663427,2304.629520,2358.541099,2406.068734,2476.283236,2564.331928,2652.859842,2746.583430,2826.825202,2895.369234,2950.518817,2996.502341,3036.165656,3062.482042,3073.830854,3067.722241,3072.324294,3113.605360,3164.424530,3205.251692,3251.680422,3299.312151,3316.466242,3354.535781,3392.383308,3387.450689,3366.542022,3369.248844,3350.953840,3309.265990,3281.534040,3298.234530,3339.571716,3328.062385,3264.141182,3241.240869,3249.035987,3318.437625,3397.765949,3469.389778,3530.185597,3537.784419,3442.543219,3365.790647,3282.420477,3215.945592,3175.655450,3181.169653,3205.036232,3254.667687,3331.415306,3431.295266,3529.907745,3629.134963,3635.245992,3608.171923,3578.885266,3589.732632,3604.361580,3618.590448,3547.363187,3440.234768,3375.925919,3403.874868,3437.841761,3498.444145,3553.190736,3589.287239,3590.735182,3572.353137,3567.808958,3592.516181,3581.245428,3559.741939,3502.362613,3437.697608,3390.555334,3375.536569,3433.019482,3476.011621,3493.499906,3532.357203,3554.876260,3606.226809,3567.075878,3470.618223,3399.486819,3366.248108,3373.497176,3393.622970,3409.701753,3442.159482,3470.657599,3505.272551,3601.107425,3623.426001,3551.289629,3479.253691,3429.349276,3434.063364,3436.341681,3424.683217,3356.797631,3280.337466,3223.935925,3185.271663,3158.222984,3133.987951,3100.995845,3048.131933,3018.856269,3014.417319,3050.853988,3130.660966,3208.538389,3273.025144,3328.443938,3359.014768,3377.745030,3396.655361,3402.572848,3399.169529,3397.049558,3397.911264,3408.446436,3421.389225,3424.771865,3424.193376,3424.290090,3431.223546,3445.667981,3447.599974,3450.850670,3459.364027,3464.115687,3477.246397,3526.196910,3625.284454,3656.044662,3646.668824,3629.299919,3631.602978,3658.755863,3650.881137,3633.578946,3633.715349,3600.031809,3568.228967,3552.961415,3529.948680,3524.318456,3526.874912,3538.579883,3564.935218,3604.971763,3615.178181,3623.032628,3648.819093,3686.482955,3717.762461,3758.390772,3845.541764,3898.923849,3890.510410,3906.285001,3907.001737,3801.075844,3677.703438,3588.058535,3547.300210,3516.419736,3442.646460,3361.643922,3302.042672,3284.834051,3323.264414,3353.601275,3436.749299,3476.793981,3392.656033,3275.300731,3231.017772,3171.996108,3093.416130,3010.162852,2946.491607,2923.479317,2926.219415,2928.369520,2913.555682,2894.625183,2880.360844,2860.718550,2833.375638,2813.417891,2774.027574,2737.114246,2687.972466,2624.356552,2573.954445,2533.017234,2508.751858,2491.936278,2500.004503,2491.525851,2479.778569,2469.486968,2456.332879,2441.934838,2430.207112,2426.786580,2430.909504,2421.548339,2401.061824,2382.921544,2368.609219,2367.981802,2394.496334
3015.352672,2943.061641,2881.560180,2844.543023,2807.871900,2766.442604,2732.644536,2700.427994,2665.286262,2651.034142,2620.732040,2581.606659,2540.580195,2504.262691,2456.030914,2415.266567,2380.954785,2327.367975,2285.723681,2244.174411,2236.255819,2225.808177,2220.692178,2224.414545,2211.019152,2192.371152,2196.013203,2193.451001,2198.224199,2205.983499,2232.078702,2263.321780,2302.346346,2356.613491,2403.727075,2453.293739,2522.382304,2614.267418,2690.932569,2768.701357,2843.543820,2903.451282,2943.196560,2980.773116,3006.507595,3021.077046,3027.671605,3055.469000,3091.543827,3128.704414,3171.854448,3224.673570,3289.057955,3352.047955,3395.144022,3374.417346,3328.781663,3301.436564,3301.958725,3292.976228,3248.973990,3218.449907,3245.269342,3297.346918,3311.655336,3236.064578,3217.211813,3217.078869,3277.730777,3364.861161,3436.844831,3493.596833,3507.616331,3410.752403,3324.278408,3233.660706,3174.342156,3151.647460,3166.589971,3190.001576,3244.085267,3324.522954,3420.485774,3539.404527,3595.962287,3579.358059,3578.762615,3624.021094,3680.145333,3690.205252,3596.101944,3499.217399,3400.870403,3372.791953,3411.935536,3448.683520,3513.040725,3566.705168,3589.840037,3588.791338,3595.244170,3592.822490,3587.784372,3553.264589,3539.239875,3529.959561,3491.273160,3391.774661,3367.030319,3403.469499,3444.897563,3470.392192,3504.595176,3528.669163,3571.053955,3586.691207,3477.274927,3397.509708,3357.294345,3358.832392,3389.176558,3413.664206,3432.160256,3437.417211,3467.719102,3562.339255,3634.824231,3567.290436,3494.813188,3466.615304,3462.909901,3441.011799,3396.367524,3336.572041,3277.038774,3218.417560,3178.095219,3146.028405,3117.158246,3079.278377,3029.356103,3010.937209,3017.922042,3075.683257,3157.532549,3237.903532,3314.858237,3354.295314,3370.174063,3379.140302,3387.793600,3394.756212,3395.342204,3395.305141,3399.111262,3415.342685,3440.818582,3474.096529,3490.936430,3489.084076,3476.788393,3459.977459,3446.527120,3451.937568,3456.860756,3455.988019,3467.103560,3506.024180,3597.291934,3614.264643,3609.887295,3624.930365,3648.578386,3663.710567,3632.497500,3601.329600,3601.447207,3575.992848,3550.535726,3520.743240,3494.574743,3489.660997,3500.917216,3529.266571,3564.737714,3612.043409,3629.489346,3634.302022,3661.111120,3696.942466,3713.402797,3748.756783,3830.289652,3916.729575,3938.953216,3950.141801,3953.940881,3832.696962,3717.548575,3634.094643,3599.821717,3547.175106,3481.181282,3410.802340,3350.573928,3327.359394,3355.235878,3426.678725,3548.195654,3588.829582,3540.275852,3417.706807,3337.861319,3299.793000,3219.169385,3117.461342,2978.528514,2924.157857,2908.823015,2911.980457,2902.148012,2885.130067,2872.948915,2858.976754,2838.361629,2811.114271,2753.955096,2700.868314,2647.695477,2595.991019,2566.548589,2537.299792,2517.592285,2509.261148,2512.179543,2501.399048,2487.883747,2475.248043,2462.628482,2456.782811,2449.209992,2444.730217,2432.476152,2414.745173,2404.506080,2394.273081,2377.327996,2388.709855,2410.515269
2963.204518,2907.451976,2869.037617,2842.508798,2810.598792,2775.828237,2742.786632,2711.918523,2692.983261,2678.837116,2643.196236,2596.794914,2547.924578,2505.186263,2465.754153,2433.236880,2394.895984,2354.305149,2313.040033,2261.775521,2228.203477,2218.670337,2212.988225,2221.774552,2207.192580,2194.508935,2199.798966,2196.051186,2199.785227,2211.833282,2237.980454,2264.198831,2298.403394,2356.362119,2413.761708,2450.151680,2497.068616,2566.514778,2640.442207,2725.160530,2796.723359,2848.564745,2912.115721,2944.136433,2963.683680,2981.277995,3002.500271,3035.374578,3057.839459,3089.496140,3139.589028,3199.403066,3263.279245,3329.548336,3375.952096,3363.735047,3304.126238,3246.034737,3228.356713,3219.322451,3187.249727,3167.371990,3208.010423,3274.630688,3280.899549,3216.302608,3200.130421,3202.775797,3249.916529,3331.418961,3410.946993,3475.121056,3486.481238,3388.991736,3300.691614,3207.632543,3144.453501,3130.303382,3135.616740,3159.644581,3215.080097,3297.018823,3413.307770,3513.491040,3533.575358,3510.288915,3544.536901,3604.404800,3679.069141,3685.595563,3575.162920,3472.943120,3387.203019,3349.680847,3348.087546,3386.917844,3470.384777,3544.051595,3551.742925,3564.953644,3568.520690,3561.557778,3554.810756,3536.706040,3512.746253,3485.640329,3475.200331,3374.189273,3365.387865,3383.199440,3419.633620,3448.024168,3461.026383,3490.665571,3549.912513,3616.233921,3506.242748,3411.504560,3349.701633,3349.084961,3387.248041,3412.418921,3398.730105,3392.310146,3423.937481,3510.356863,3604.877787,3568.297346,3548.065161,3516.062632,3448.499424,3394.998167,3340.859089,3298.548775,3250.877051,3202.040351,3155.909217,3125.246787,3091.824978,3050.040534,3012.694592,3005.965265,3035.333270,3109.844003,3195.322014,3274.122907,3333.757428,3352.390918,3368.353137,3374.534223,3377.617992,3385.033904,3390.000977,3393.000813,3408.637952,3440.215200,3493.994450,3570.200226,3631.183323,3634.508108,3598.129420,3551.198843,3488.481860,3461.964185,3447.298508,3458.814262,3484.363106,3537.077107,3591.723903,3590.863498,3593.164495,3607.055661,3638.568568,3658.680168,3613.016024,3574.467090,3575.924376,3552.213936,3515.303529,3483.177977,3476.421017,3476.211681,3491.240757,3536.615662,3581.740138,3636.930540,3646.001778,3638.255402,3654.446436,3686.881521,3699.039772,3735.409548,3823.867015,3933.703798,4014.801852,4030.324038,4003.774034,3871.792015,3743.489256,3673.721902,3637.413467,3591.863225,3551.942991,3476.596381,3418.804131,3394.241060,3399.338040,3479.192198,3597.219689,3684.361939,3588.899035,3491.782782,3424.794713,3345.145507,3261.840235,3156.570307,3037.422258,2943.656803,2908.271692,2901.837198,2909.594544,2893.171378,2872.687097,2853.063957,2820.192693,2768.163506,2695.457430,2650.400358,2619.179702,2600.117338,2580.566697,2550.981888,2534.046647,2534.721575,2522.950314,2509.499306,2497.384078,2485.067776,2476.118878,2468.582640,2457.497433,2443.695757,2431.659194,2426.008588,2412.479725,2397.794096,2389.343202,2406.155438,2424.954949
2923.464710,2879.416570,2857.481963,2834.109254,2806.213910,2777.125959,2746.024502,2726.517068,2711.567915,2697.206937,2662.322078,2614.987392,2567.314386,2523.549666,2487.485121,2449.111177,2407.979728,2360.441801,2317.303684,2281.851762,2248.662758,2222.320162,2212.030518,2219.654999,2210.722132,2211.434929,2218.902732,2213.965698,2205.974799,2226.751618,2248.127474,2276.889005,2308.532065,2352.565391,2400.106508,2444.222364,2495.646714,2554.921908,2623.980947,2691.595730,2763.819988,2809.260360,2867.435030,2915.348901,2940.881852,2962.512832,2981.249558,3009.933830,3034.201507,3075.485404,3125.653292,3181.695018,3247.766901,3310.720465,3361.833084,3367.301077,3314.790889,3242.051802,3191.089897,3154.932345,3130.405472,3133.440769,3175.314512,3228.721784,3232.949359,3189.396966,3182.124455,3182.756492,3221.037238,3305.380121,3390.836944,3467.283005,3467.109761,3362.016818,3282.946494,3189.566505,3121.027617,3107.791207,3114.251844,3133.957518,3181.211161,3263.575781,3370.410712,3443.944619,3471.146963,3476.251261,3527.538404,3582.920899,3613.078437,3636.385303,3600.596222,3489.790349,3389.683467,3310.925488,3314.370409,3356.636721,3420.609286,3462.807653,3467.500729,3500.833664,3518.302009,3538.130711,3557.251160,3528.729584,3522.387013,3452.110207,3415.399958,3367.838904,3386.219715,3377.653333,3392.890365,3435.622364,3460.333866,3480.073133,3537.890469,3628.829509,3545.517210,3425.649329,3351.148693,3343.374187,3379.999288,3398.830188,3380.929686,3377.355967,3400.173504,3463.773788,3505.863989,3484.033010,3466.576279,3424.194876,3376.438068,3319.529693,3275.036711,3221.604314,3187.508605,3160.806389,3122.975868,3096.086004,3063.730047,3027.799228,3005.272092,3013.476718,3064.034866,3155.142466,3243.308599,3322.109203,3369.250188,3384.922264,3408.246255,3395.490737,3386.881376,3385.782132,3394.519877,3420.831223,3458.121703,3511.295054,3574.711230,3645.983497,3677.213051,3686.665303,3688.688599,3642.451812,3560.874586,3509.454610,3489.871155,3512.054600,3550.943630,3594.104524,3592.575236,3584.688864,3580.927252,3587.961941,3603.505510,3621.915401,3589.508252,3567.196437,3550.327462,3509.599152,3480.688821,3476.000000,3476.000000,3476.000483,3498.751520,3538.276848,3594.827610,3627.998353,3595.616737,3572.421702,3576.241527,3610.054607,3651.502062,3695.883445,3766.482217,3894.271788,4001.137830,4054.341503,4018.193690,3896.269642,3761.207872,3694.831337,3660.897260,3626.903451,3592.613334,3538.290663,3472.322234,3420.657209,3429.010214,3540.531218,3651.259751,3662.062028,3601.768200,3513.930632,3417.934834,3317.865823,3230.266624,3142.184555,3051.625201,2980.109983,2927.009539,2908.458039,2881.575448,2860.441669,2841.892885,2825.217661,2783.265138,2739.742882,2727.222965,2699.257930,2652.976136,2623.222171,2584.827365,2568.114020,2563.315662,2551.100703,2534.872244,2519.906129,2507.823560,2498.587619,2488.936046,2475.118416,2464.809430,2453.996482,2444.551473,2434.994249,2417.940679,2406.875131,2401.768517,2425.820739,2433.162458
2905.375148,2866.277081,2848.711451,2828.070974,2802.416028,2776.716292,2750.179531,2734.318605,2731.232236,2716.200364,2676.056349,2629.216995,2583.522092,2542.706080,2508.518757,2465.872324,2425.572868,2375.458689,2323.875544,2286.661263,2259.969618,2234.669007,2212.337106,2214.378138,2217.980174,2237.495321,2254.258293,2247.659434,2235.254300,2236.579464,2265.134176,2301.599841,2331.666859,2372.705134,2400.569055,2431.673712,2488.371553,2558.266265,2625.583444,2672.730194,2728.489418,2789.467307,2843.046859,2892.758707,2926.283756,2943.494507,2959.672179,2988.286583,3019.524460,3070.395363,3123.851447,3175.954161,3240.387157,3304.720789,3352.070305,3360.835966,3315.719537,3266.617601,3206.985037,3149.269781,3114.151441,3110.519273,3135.956886,3172.148267,3170.709984,3142.167620,3127.631014,3153.379999,3210.222515,3292.021131,3374.235703,3448.375450,3446.993202,3352.822798,3269.277873,3174.281526,3112.305306,3103.348357,3109.855111,3116.578520,3161.597909,3223.519395,3308.814697,3374.511198,3421.815562,3436.244732,3485.720322,3535.676162,3548.748578,3587.119439,3590.944567,3480.536142,3354.665493,3288.205973,3302.775648,3344.630308,3384.440534,3402.183127,3440.512564,3486.049796,3501.526432,3546.538239,3548.892873,3515.540825,3509.324417,3441.151623,3357.376329,3355.443898,3389.507951,3390.172285,3415.147114,3425.082735,3449.275840,3474.255540,3521.687594,3623.915661,3566.239743,3445.947593,3359.710863,3334.718254,3357.471570,3384.690131,3379.558553,3376.634793,3384.343480,3388.024849,3381.623909,3369.560126,3331.922149,3303.234105,3275.696509,3237.763046,3200.775947,3150.526228,3122.732046,3098.833474,3079.581000,3059.066873,3029.073114,3003.766477,2998.683697,3030.645464,3113.272870,3209.442068,3315.044346,3415.326622,3482.785492,3505.568982,3504.218091,3492.174432,3462.820514,3441.269818,3438.180916,3488.884937,3553.834845,3598.149285,3632.699099,3645.962077,3656.321153,3669.678463,3671.685562,3662.931195,3631.003270,3588.616851,3584.595364,3604.725268,3600.826302,3582.602425,3579.574946,3575.501747,3558.357025,3539.521095,3541.933450,3580.434914,3575.289173,3543.611677,3500.304067,3477.508273,3476.000000,3476.000000,3476.000000,3476.000000,3483.167826,3508.969646,3575.151896,3578.591494,3546.175318,3529.994161,3535.944556,3567.497285,3619.226893,3669.584641,3717.784160,3824.413711,3962.471138,4061.371243,4043.834578,3937.302361,3792.645823,3720.366423,3686.620995,3645.010114,3623.308556,3583.119256,3510.137729,3442.425857,3499.393105,3607.741887,3602.712663,3569.848270,3528.353057,3473.438437,3410.422755,3341.530187,3263.953046,3163.854558,3051.008598,2980.952161,2942.701825,2912.063100,2891.579159,2870.209109,2843.629752,2816.038312,2788.759589,2772.247282,2751.308113,2708.251686,2665.374157,2623.945547,2601.127505,2592.015009,2578.370109,2563.742847,2546.334153,2533.855854,2526.293634,2512.572189,2499.177593,2485.966856,2479.777866,2466.752197,2452.660045,2436.987469,2424.855650,2418.775158,2421.977574,2439.424116,2436.389377
2894.740333,2862.674737,2842.700442,2817.019300,2795.124098,2774.554994,2754.824330,2747.348741,2754.404373,2736.573594,2690.944680,2642.292390,2597.450580,2566.831488,2523.312598,2472.913559,2430.636485,2384.384803,2326.366660,2284.585366,2261.628350,2233.187086,2212.356981,2212.055832,2213.512865,2238.466357,2268.282072,2267.463921,2261.599687,2258.820570,2290.111139,2337.171750,2365.021612,2403.434002,2417.770486,2435.450481,2486.520663,2545.492712,2613.653224,2671.775233,2711.402294,2772.411007,2822.953092,2863.340629,2902.143602,2923.796095,2941.519441,2962.968915,2991.035086,3051.940727,3113.235440,3167.624405,3226.185802,3274.374553,3309.906829,3326.921295,3289.642545,3261.452507,3221.662931,3165.412874,3110.330549,3089.456297,3099.556786,3117.986567,3111.402579,3089.557875,3098.260855,3148.471070,3208.855013,3283.460069,3362.459792,3409.760948,3404.814464,3329.041252,3248.620569,3168.733942,3114.265489,3108.339733,3113.693563,3105.194245,3122.803642,3182.812229,3259.695647,3333.455416,3362.888855,3373.366803,3413.564414,3461.620778,3495.919295,3546.411893,3553.843058,3442.721004,3324.312556,3277.692202,3271.932791,3311.938887,3323.624468,3351.886532,3422.091687,3477.480587,3527.510397,3543.417976,3544.280380,3525.923264,3500.921885,3434.653294,3351.966544,3343.396609,3371.041276,3399.862548,3414.008655,3375.130399,3371.980220,3421.828606,3508.908230,3602.852472,3594.055684,3448.994857,3357.939796,3321.196700,3340.391975,3359.168922,3364.286322,3375.542342,3349.764683,3319.426840,3284.527153,3249.978190,3217.685341,3189.822621,3171.704648,3150.615815,3115.441016,3079.922061,3051.143580,3038.281522,3029.731292,3016.181885,2998.825193,2989.784343,3007.862829,3066.783029,3169.234720,3285.030816,3393.075186,3498.003052,3581.761348,3628.078915,3649.083502,3631.795439,3567.159167,3526.823702,3506.683168,3521.486182,3529.703120,3541.430683,3569.820488,3586.889693,3605.427097,3620.921478,3621.975940,3608.245174,3590.620976,3570.307834,3583.175057,3588.848632,3565.454823,3541.490530,3539.109393,3548.903953,3521.511673,3505.310279,3524.332868,3554.629946,3531.128613,3505.122650,3479.850636,3476.000000,3476.000000,3476.000000,3476.000000,3476.000000,3476.000000,3498.740414,3547.809595,3544.206008,3525.608774,3521.864009,3531.468923,3552.172320,3590.768245,3657.652073,3706.044356,3768.089661,3898.153330,4017.541839,4087.798670,3975.093665,3823.043241,3748.954649,3707.740397,3681.606591,3667.113908,3621.412234,3569.785291,3541.640643,3566.455381,3550.086942,3513.369369,3487.626881,3462.777567,3426.134645,3373.015339,3319.474173,3258.041332,3160.986314,3047.650997,2965.885096,2934.947715,2916.742789,2897.357685,2869.682232,2843.707598,2804.816450,2785.781777,2772.270311,2724.275684,2697.012157,2664.942132,2640.937760,2619.623036,2598.814125,2586.238974,2571.396686,2557.909168,2547.796623,2537.183422,2521.451521,2510.273051,2498.699236,2486.544249,2474.768320,2456.075609,2445.641404,2443.528645,2448.927652,2448.476020,2455.098373,2451.972032
2896.459463,2857.991292,2827.175190,2810.188118,2791.040828,2771.555600,2760.682743,2756.260875,2771.912545,2754.646436,2703.882378,2661.791764,2621.530375,2584.702507,2538.844006,2489.644280,2437.253539,2394.837990,2341.449038,2296.680705,2276.457216,2241.113477,2215.473329,2212.000000,2212.222408,2222.100244,2242.526195,2237.566090,2244.553755,2264.416387,2304.426943,2342.925520,2370.961566,2397.574277,2414.262397,2431.210558,2480.956584,2551.428530,2624.165442,2678.078326,2718.340580,2772.011512,2808.572600,2844.644763,2887.464653,2916.949741,2938.620117,2952.794605,2982.234246,3041.661889,3102.857028,3147.662477,3175.863137,3205.702639,3238.837666,3261.988674,3238.480917,3211.544779,3191.304709,3153.573209,3108.592216,3075.527649,3068.634220,3079.706848,3067.981054,3060.073247,3095.996729,3146.248359,3202.710150,3271.252394,3338.548397,3357.394175,3347.564383,3310.591495,3232.639042,3160.895302,3117.085345,3107.770633,3110.052503,3103.481830,3116.403026,3162.080146,3230.371690,3276.210672,3294.329586,3307.808347,3340.431331,3390.680480,3450.065509,3505.200631,3502.051256,3418.373108,3312.105935,3248.961702,3227.290431,3245.501711,3270.766375,3304.344760,3386.025313,3490.591964,3582.325651,3520.251842,3520.105858,3538.898798,3530.952708,3465.615852,3387.040416,3339.065765,3310.904201,3334.353781,3396.671751,3356.646387,3354.665528,3400.049907,3482.747198,3573.311414,3605.780984,3479.593215,3369.307262,3314.065028,3307.098542,3310.805422,3315.945459,3308.218879,3266.737050,3229.030300,3194.428971,3159.641325,3135.674495,3105.577218,3083.443262,3063.773202,3037.636349,3012.344341,3002.654892,2996.671179,2985.701195,2984.887121,2979.140506,2998.243919,3045.410045,3124.187928,3228.994053,3342.218921,3425.561801,3524.609545,3589.969476,3640.297677,3666.780468,3628.764262,3552.272045,3505.390334,3483.717447,3462.754256,3450.028549,3450.987520,3481.012341,3502.302420,3514.836217,3527.598953,3541.263577,3540.084971,3538.218158,3534.087218,3545.248701,3536.474593,3526.965742,3523.390119,3537.455662,3539.340249,3509.502953,3511.577366,3531.530595,3521.684011,3491.326953,3480.632825,3476.081844,3476.000000,3476.000000,3476.000000,3476.000000,3476.220933,3477.051329,3494.607234,3517.552917,3520.266665,3514.337263,3515.953221,3530.481205,3550.604611,3592.542177,3655.159290,3703.330633,3753.235909,3871.431150,3994.145279,4107.137605,4036.230948,3882.380630,3771.607179,3732.837936,3711.011586,3711.626956,3703.844660,3681.233268,3615.055317,3548.913182,3492.093598,3455.186804,3427.360720,3409.008128,3389.858088,3346.144518,3294.132767,3223.067541,3130.492103,3039.248590,2981.846869,2957.461946,2947.346752,2932.142487,2903.745109,2874.302364,2821.208171,2799.328812,2792.723587,2753.563430,2703.927239,2680.980828,2660.536756,2632.550259,2616.512120,2602.831999,2589.833426,2575.755405,2560.422263,2547.996326,2538.384717,2527.194354,2511.888996,2496.025302,2476.405097,2464.819208,2462.748238,2484.842500,2483.172711,2485.122444,2481.661510,2454.403254
2891.073541,2847.334275,2815.821567,2802.908908,2786.832048,2774.337191,2768.363565,2767.363652,2781.167298,2763.283450,2717.506408,2674.926010,2641.009210,2606.106141,2555.348265,2512.983322,2462.189813,2409.224955,2349.429102,2297.220767,2260.490448,2238.260858,2215.600893,2212.000000,2212.000000,2212.049740,2212.805242,2213.264708,2219.725582,2249.899346,2288.743548,2325.247455,2345.337484,2378.505246,2403.653641,2433.077243,2477.851982,2563.832281,2640.730712,2690.038405,2734.766078,2785.753806,2821.499557,2853.351512,2884.243373,2918.316055,2941.429839,2967.196519,3001.236347,3043.017228,3087.016821,3103.059235,3107.804286,3128.020276,3155.782052,3183.584291,3159.924372,3138.863168,3129.933451,3111.474493,3094.158706,3076.343669,3054.138268,3045.841762,3042.159715,3054.931728,3099.939879,3140.618660,3189.705192,3252.549773,3283.768305,3282.364286,3274.721132,3267.537269,3218.112625,3146.354729,3106.996884,3104.769791,3105.430055,3107.706176,3127.995124,3168.670935,3205.401092,3224.737722,3236.086023,3252.368101,3283.134821,3336.370925,3401.043333,3452.478555,3435.362159,3350.805020,3281.830440,3209.544485,3192.523097,3223.939786,3279.356275,3320.856913,3378.955304,3515.009439,3578.647220,3501.045544,3488.780490,3505.900430,3521.349916,3492.888832,3417.275778,3346.378470,3286.875358,3282.671996,3356.954205,3352.555524,3375.717014,3429.479183,3495.314963,3599.574494,3601.679679,3470.518579,3378.605619,3332.191477,3309.160800,3277.729503,3267.635060,3231.171476,3204.135094,3171.372275,3126.876498,3096.001213,3066.902608,3040.690410,3014.023098,2994.742300,2987.504012,2974.869562,2968.187038,2961.959465,2959.163052,2959.043032,2970.336973,3012.675107,3084.047599,3185.384410,3283.210367,3355.411257,3404.403981,3446.571930,3485.278550,3519.276342,3543.860478,3523.091676,3481.572052,3451.621141,3433.675481,3411.856117,3399.983702,3407.566843,3419.415588,3440.118946,3460.096128,3475.268878,3494.370177,3477.673957,3466.406905,3476.658499,3492.428541,3492.769353,3499.951719,3517.408434,3531.783792,3511.085314,3498.589116,3516.321981,3512.463879,3488.432658,3477.024887,3477.884484,3476.192573,3476.000000,3476.000000,3476.000000,3476.599977,3485.280128,3490.693504,3501.515188,3508.932933,3515.343759,3516.328677,3521.611377,3529.995610,3547.442852,3590.828075,3649.990225,3697.089972,3751.239583,3845.231581,3970.591052,4100.002974,4090.720116,3975.969692,3842.556517,3787.739217,3798.674320,3831.240701,3830.105460,3718.751390,3623.409685,3548.820239,3478.162876,3417.088869,3381.148139,3364.913738,3344.911871,3321.255934,3281.281507,3203.998562,3126.022660,3062.153665,3017.644675,2991.054293,2973.266400,2960.380218,2925.910635,2883.094305,2840.009913,2822.866545,2811.304400,2765.661004,2737.033869,2725.166243,2699.235758,2662.809828,2646.210351,2626.278879,2612.939240,2595.039896,2576.634967,2559.425466,2550.735311,2534.359353,2512.724187,2499.469949,2485.970599,2481.400471,2501.802964,2524.985462,2521.615433,2515.936415,2482.574439,2457.968284
2876.940816,2840.114306,2816.780591,2805.381862,2785.483041,2780.619597,2776.886327,2776.321979,2781.052269,2765.176168,2721.980165,2686.447122,2659.367888,2629.244910,2587.617922,2549.772761,2496.763948,2436.444095,2372.195206,2318.058288,2271.231078,2242.599563,2213.782958,2212.000000,2212.000000,2212.000000,2212.000000,2212.075168,2214.399625,2232.685602,2267.333819,2306.372357,2326.626299,2366.767972,2392.613227,2417.666326,2466.802736,2585.397932,2655.052249,2705.628230,2750.548779,2807.406509,2859.285530,2884.149216,2894.758102,2936.673767,2958.583959,2970.858736,3013.083229,3046.555897,3068.054945,3052.566211,3041.925635,3058.461896,3079.935283,3108.472102,3087.964380,3080.166278,3077.107245,3053.596338,3049.698584,3059.005876,3039.109582,3016.253202,3017.537730,3040.564703,3080.764390,3122.133303,3173.841389,3219.854297,3220.881282,3203.981155,3196.361971,3198.305715,3175.468729,3133.015404,3096.957640,3100.445217,3102.284910,3108.539257,3130.210541,3162.134167,3181.501739,3190.916623,3199.187079,3215.614891,3247.377251,3299.882060,3349.847449,3389.495433,3355.866349,3280.987043,3230.977115,3188.965723,3191.586770,3256.174184,3339.674753,3404.335991,3426.384522,3530.906104,3542.608104,3466.404401,3454.695949,3477.958042,3513.217146,3505.349826,3437.162808,3352.717692,3291.583067,3275.850181,3316.656012,3331.476130,3366.000426,3450.945791,3532.116004,3632.534360,3605.768759,3464.374786,3381.464352,3352.979580,3329.139754,3274.623502,3225.511244,3183.131429,3159.850327,3110.089950,3065.487914,3036.784067,3006.311184,2979.201330,2965.271550,2960.075892,2955.560938,2945.278445,2939.294596,2934.441996,2933.655651,2937.480484,2952.214004,2988.897095,3048.113166,3140.238807,3245.055727,3283.612894,3330.890316,3353.694344,3387.235926,3420.175970,3449.513239,3459.178229,3443.223328,3415.612671,3395.542985,3384.698234,3379.028585,3380.971336,3394.725840,3416.286542,3436.993418,3463.323732,3464.529121,3441.369882,3436.006726,3451.919449,3466.338394,3468.346142,3477.608739,3507.180620,3495.079755,3470.677374,3479.743144,3476.686503,3475.881075,3476.885727,3478.036884,3476.968162,3476.000000,3476.000000,3476.000000,3476.067315,3484.110698,3508.468236,3520.866173,3527.379866,3550.892958,3560.759409,3546.485172,3544.120005,3544.814306,3561.855838,3616.265462,3650.324058,3695.481366,3740.472328,3819.321147,3935.987802,4057.115888,4107.131065,4097.384619,3994.202241,3968.060397,3963.601393,3931.192235,3869.066520,3762.034033,3658.623841,3571.199039,3478.604929,3404.848283,3356.585747,3342.228383,3309.964496,3273.991688,3239.798705,3194.502297,3122.407803,3053.263812,3019.034643,2990.486196,2973.519383,2968.235490,2944.694349,2895.101366,2866.127684,2859.306459,2827.690436,2806.422045,2788.843111,2762.708127,2720.151488,2700.649365,2666.309818,2649.803668,2633.784278,2613.234137,2593.419747,2577.044156,2555.637500,2533.069034,2520.386960,2513.299726,2503.215729,2514.306606,2541.155931,2553.948505,2531.576665,2504.085298,2483.945822,2475.312453
2864.591895,2838.188309,2831.105780,2812.685128,2792.505817,2787.251341,2778.433257,2780.855124,2782.245241,2769.301341,2731.235618,2695.122257,2672.028280,2649.116496,2619.062900,2579.679412,2524.357270,2467.764341,2407.220255,2346.657818,2293.783850,2265.017934,2225.719758,2212.492880,2212.018042,2212.000000,2212.000000,2212.000000,2212.626465,2226.755757,2254.924900,2290.126553,2315.000067,2354.749459,2381.237388,2403.263425,2453.400769,2555.212112,2639.074631,2695.850974,2753.211809,2811.764319,2843.894677,2878.380582,2894.766872,2931.924555,2971.431885,2986.441532,3013.849544,3027.070664,3022.195515,3005.498977,2991.945689,2993.802748,3010.478792,3036.252564,3025.912212,3014.204101,3017.248802,3011.235756,3009.436061,3016.877301,2994.778253,2976.856780,2995.252787,3022.646675,3056.273583,3099.514161,3140.983040,3164.735159,3156.666037,3141.631266,3131.660079,3137.218274,3128.809802,3113.541896,3095.764718,3100.760304,3103.104895,3103.656573,3126.840697,3150.144210,3161.778646,3170.184186,3174.190844,3194.937553,3233.021177,3277.579631,3301.724806,3297.797703,3265.280745,3235.238954,3198.017921,3183.210986,3210.098215,3285.056694,3399.653435,3514.037987,3548.677341,3579.732404,3494.687883,3423.844971,3430.744094,3473.773744,3503.037016,3521.792470,3474.226323,3384.403706,3297.943632,3271.430896,3282.783778,3312.912419,3329.969334,3439.924943,3519.488079,3633.576864,3604.111354,3472.291257,3383.633035,3344.550540,3303.893650,3227.146552,3168.977046,3141.879448,3102.039997,3051.041966,3010.308126,2978.489870,2954.651882,2947.640234,2943.411945,2933.924647,2925.588645,2920.526654,2912.514649,2912.103573,2915.360648,2918.770213,2930.762257,2953.939891,2991.919416,3050.883089,3120.035687,3179.979545,3241.342751,3271.756716,3299.740344,3332.228274,3390.117002,3426.708229,3417.290867,3401.883489,3383.626369,3376.565763,3365.983256,3367.856200,3390.070813,3421.449782,3449.279154,3466.163614,3447.628101,3431.559506,3430.991838,3444.661107,3460.113550,3463.049420,3480.904920,3493.256564,3473.653551,3456.485960,3455.722460,3455.115923,3463.901420,3471.991016,3480.905113,3476.408192,3476.000000,3476.003215,3476.117534,3479.103041,3498.038877,3531.396859,3555.998232,3582.673743,3609.884153,3622.353348,3608.675515,3617.664594,3606.131517,3605.131104,3636.481013,3650.668871,3656.647599,3689.635697,3771.678424,3879.148631,3968.824287,4044.337974,4171.039617,4172.408534,4038.458426,3908.457885,3839.336561,3799.384119,3764.466672,3730.408820,3647.043715,3543.604248,3456.039416,3374.829375,3328.615178,3287.499617,3222.752205,3173.229671,3124.508720,3067.968286,3028.604415,3005.008579,2973.508478,2948.183606,2938.641405,2936.170873,2922.649219,2894.936171,2887.923121,2850.822850,2814.611113,2804.979005,2780.976281,2747.088114,2714.355026,2701.022312,2686.436092,2668.340491,2642.209968,2624.096433,2597.508490,2565.875765,2547.041031,2536.037631,2536.626915,2532.820856,2544.671775,2567.241003,2548.022303,2530.967198,2523.643526,2509.449789,2496.730420
2856.289543,2840.498852,2832.389777,2811.324199,2791.636481,2786.661892,2783.608598,2783.627245,2781.744115,2771.139890,2750.347290,2711.553801,2684.277596,2664.580006,2643.173711,2590.398972,2543.165325,2497.261257,2450.791131,2386.423784,2326.400171,2284.784071,2243.160136,2220.418342,2213.030961,2212.000000,2212.000000,2212.000000,2212.154851,2217.834546,2240.189587,2271.255316,2302.249138,2343.533345,2370.078982,2394.795631,2445.124623,2525.610154,2611.643192,2654.337986,2711.124926,2765.627674,2785.613414,2825.665197,2866.391380,2907.121677,2950.408487,2998.412168,3036.022793,3012.867766,2979.128235,2962.343599,2954.304750,2950.897591,2954.427081,2980.637525,2971.860465,2964.271879,2974.670480,2970.338387,2972.199062,2963.554265,2937.086122,2931.881005,2977.624813,3016.038664,3052.824353,3083.320795,3105.856911,3107.431244,3102.802803,3100.336723,3097.046886,3094.337693,3098.248890,3099.929904,3094.714164,3099.817815,3099.468798,3103.888357,3119.840828,3135.727964,3147.568071,3153.784026,3154.153718,3186.088116,3227.807986,3257.548003,3251.566918,3236.525346,3219.075084,3198.887147,3178.738475,3191.263933,3241.507095,3318.571298,3432.975981,3545.207137,3613.692996,3576.081038,3460.738550,3403.571388,3413.174552,3463.293074,3492.707548,3547.773297,3507.262509,3438.616110,3344.962867,3269.962099,3277.656981,3301.342549,3291.900018,3396.460896,3488.905843,3570.228706,3558.441085,3470.534635,3373.315577,3305.567530,3240.401715,3174.553765,3122.568521,3087.403587,3046.145335,2997.661387,2957.522381,2932.292100,2930.220920,2930.682993,2920.547183,2902.908148,2894.089873,2889.398134,2887.198876,2889.339164,2893.810582,2898.239333,2913.384431,2936.450507,2965.050472,2992.450739,3031.285039,3090.285202,3143.474453,3186.911598,3223.642323,3254.534103,3295.654294,3351.162316,3391.963109,3390.034613,3371.337082,3359.866435,3359.194376,3366.903058,3396.826487,3440.546024,3460.964382,3448.207268,3434.402746,3429.825339,3438.046220,3462.921977,3475.071450,3462.008020,3470.418598,3478.543187,3460.207036,3451.964255,3450.020785,3452.077015,3459.049305,3474.960497,3478.279783,3475.227815,3476.129122,3476.185612,3480.839769,3488.586671,3503.808115,3528.768520,3545.062554,3564.697138,3578.481323,3606.751027,3610.783722,3640.626753,3636.733827,3626.801510,3620.737599,3617.363613,3620.867402,3637.172054,3697.269356,3788.687497,3870.794417,3939.174415,4038.608210,4110.879847,3988.857148,3804.940263,3736.862443,3700.528634,3655.037005,3636.814205,3599.152417,3535.965855,3454.320027,3395.933338,3348.447568,3287.898419,3242.392717,3175.430522,3109.891201,3077.620039,3055.845216,3036.104517,2990.278886,2953.052554,2935.621067,2925.250045,2911.186369,2909.864434,2893.416525,2849.585133,2831.990065,2814.610788,2778.190887,2765.155215,2752.236774,2741.319469,2736.304211,2708.060778,2692.009653,2670.578809,2623.006614,2585.012268,2566.032986,2551.273811,2576.760846,2570.798826,2577.819126,2571.959541,2557.622980,2575.174475,2554.916228,2538.346861,2529.388423
2855.694163,2840.575707,2827.077959,2806.168503,2792.895620,2788.837380,2782.597153,2784.945672,2782.755171,2778.222515,2762.750671,2730.039627,2701.383445,2679.499481,2648.113124,2601.701850,2563.388048,2524.385794,2475.810612,2421.630622,2358.715015,2307.659526,2273.412713,2232.323013,2218.135434,2212.950067,2212.000000,2212.000000,2212.019541,2213.872990,2229.469361,2249.320019,2282.907323,2322.613037,2351.040852,2379.303566,2426.980324,2499.750755,2579.429276,2612.361649,2652.472307,2689.055907,2717.160597,2772.993054,2824.669715,2872.920093,2915.358465,2972.807305,3030.709602,3017.151645,2957.750868,2917.790313,2903.154537,2899.281445,2909.134672,2916.313768,2909.951435,2907.204423,2917.957648,2921.096067,2930.337582,2904.764147,2880.790797,2934.724737,2984.338534,3028.222433,3062.204793,3069.648609,3069.926655,3067.146873,3065.381836,3070.278016,3063.555179,3062.439581,3074.031284,3082.585358,3088.885843,3093.437141,3095.216357,3099.976720,3100.050199,3118.842211,3134.982303,3135.345207,3149.177184,3185.343460,3211.574333,3220.162219,3196.896563,3188.289874,3189.824286,3184.708862,3172.475757,3207.431049,3268.546153,3358.050022,3458.557530,3579.790271,3634.264725,3546.377504,3431.003144,3388.565970,3401.922082,3443.392650,3496.631910,3547.134145,3511.077953,3456.596355,3405.254803,3296.995379,3269.928239,3275.264300,3276.937912,3360.261004,3427.408052,3486.459334,3513.647839,3423.268945,3342.438623,3265.851247,3190.911541,3138.915452,3082.389423,3031.401368,2985.874392,2945.478054,2922.400831,2917.393176,2912.673436,2898.995441,2882.094388,2874.372991,2874.719851,2875.836349,2881.979740,2883.911986,2886.285546,2893.469479,2907.672907,2920.810733,2938.902804,2957.808627,2987.177851,3021.055444,3061.024464,3106.117310,3151.222535,3194.438846,3236.291566,3284.107386,3320.032882,3344.994539,3358.790156,3360.484029,3360.646211,3375.931266,3412.288231,3451.089923,3453.734327,3440.425731,3427.910432,3430.740662,3447.161137,3466.091539,3466.618524,3454.756070,3450.088053,3458.314168,3452.964677,3449.866502,3449.722021,3451.544575,3463.716894,3479.489311,3473.999437,3477.164132,3479.007648,3479.029825,3484.320180,3480.381319,3483.111163,3488.332550,3510.267342,3530.224901,3539.698265,3583.431272,3601.558504,3624.304350,3631.215385,3611.571393,3601.803385,3607.967197,3608.096926,3615.486583,3653.276143,3724.712996,3762.982571,3825.501321,3928.061334,4032.500118,3963.555156,3810.181241,3713.682422,3656.340819,3581.017423,3526.742730,3504.812295,3471.331456,3440.979364,3410.146338,3365.540342,3304.165167,3264.496367,3197.376278,3139.922363,3109.510885,3087.926563,3069.475863,3028.421655,2983.439365,2951.240390,2926.385807,2909.728522,2902.984200,2876.076147,2861.458446,2855.982906,2818.779125,2803.914012,2792.769941,2788.353780,2788.597320,2784.130218,2767.482460,2729.882121,2681.087511,2636.125123,2605.189817,2581.329587,2566.635134,2603.652102,2595.095650,2583.670898,2574.229175,2593.036565,2594.844388,2582.532554,2579.975851,2559.576207
2851.703272,2835.192259,2819.911728,2803.413981,2785.902698,2780.098160,2779.610211,2782.074590,2781.317172,2781.259499,2772.446901,2745.083097,2713.910596,2688.570319,2652.162941,2616.639451,2580.367263,2541.787135,2501.066125,2447.194999,2387.889168,2333.220843,2297.992222,2259.382772,2235.387521,2219.117888,2212.248889,2212.000000,2212.000000,2212.903904,2220.962677,2233.228937,2256.813638,2282.663831,2309.659378,2340.837815,2383.775360,2446.505605,2510.617684,2564.538059,2589.301569,2613.163288,2657.248298,2707.139327,2761.593484,2817.797410,2875.940429,2924.453089,2963.928251,2989.473020,2934.613842,2886.661651,2866.091114,2853.207563,2848.717171,2845.901855,2844.386243,2842.379749,2852.791297,2859.395139,2868.974614,2833.541432,2857.153516,2933.162668,2982.620295,3033.921352,3063.617378,3052.987886,3036.899804,3031.852127,3033.475377,3032.615077,3026.094678,3030.991461,3045.263512,3056.316055,3073.150473,3079.456554,3073.858985,3066.872802,3078.077282,3111.077068,3131.248589,3124.503051,3144.460113,3180.881050,3194.076628,3180.074030,3145.241039,3128.607485,3141.557207,3160.220112,3174.300506,3224.026255,3307.168700,3407.785721,3504.024515,3611.165224,3623.811774,3507.370331,3408.413734,3376.510952,3402.270992,3438.149522,3492.671868,3498.719154,3500.939699,3462.769782,3380.953009,3324.213509,3271.931723,3270.175361,3282.965287,3325.996616,3366.867335,3429.974765,3462.272368,3375.440559,3302.014633,3223.883236,3157.439794,3098.836890,3032.975855,2981.979605,2928.688286,2910.674439,2906.585369,2894.447630,2879.314726,2864.443541,2865.370860,2874.343479,2890.415569,2897.250436,2903.683686,2907.442544,2904.871314,2905.554095,2915.199304,2924.639283,2932.629809,2946.056335,2965.583774,2984.153421,3009.373381,3047.381720,3091.156345,3143.266813,3192.293411,3228.541054,3260.091949,3281.138990,3326.008238,3363.486387,3362.019232,3379.815051,3419.044132,3450.850594,3449.788395,3438.877946,3418.584480,3423.398043,3435.509872,3444.580054,3442.062017,3449.276709,3443.289725,3442.489876,3442.091118,3445.370762,3451.753025,3460.373255,3480.514577,3474.808189,3474.913436,3484.272305,3478.699504,3472.934852,3466.143464,3453.292913,3455.311295,3468.011878,3487.761171,3513.944825,3550.833401,3575.724086,3592.120987,3610.894981,3610.396978,3599.063278,3607.935831,3616.453216,3607.709885,3610.729065,3648.877572,3689.422161,3707.319968,3752.364019,3833.574066,3981.033087,3977.566063,3866.215476,3727.807194,3631.659060,3549.664547,3488.594733,3449.071676,3432.284642,3413.274023,3397.270239,3362.880238,3322.838595,3298.649260,3247.895995,3197.598056,3157.367168,3136.775389,3118.282033,3071.554069,3027.987535,2983.719587,2950.408223,2923.412590,2903.888976,2880.843723,2885.150366,2876.228417,2847.722226,2843.386685,2831.958126,2824.246314,2842.386833,2835.970471,2813.541693,2766.750280,2708.313386,2656.958764,2624.622889,2597.869151,2580.962416,2607.675066,2599.673409,2585.714917,2592.634731,2609.704662,2613.848361,2611.743589,2599.623765,2561.585254
2853.796993,2832.212884,2815.533354,2797.332580,2778.566721,2775.404483,2778.971445,2783.280012,2783.652774,2781.457161,2775.740310,2758.390877,2730.288522,2700.864689,2660.382315,2625.647386,2591.133494,2555.003867,2515.602502,2463.631582,2406.139390,2350.706857,2319.987223,2293.108662,2254.865763,2226.200838,2212.359741,2212.043312,2212.000000,2212.008989,2214.402805,2221.069671,2235.761779,2244.017561,2253.971781,2280.444848,2328.665882,2382.323534,2434.893237,2494.381809,2527.061915,2561.122844,2598.951480,2640.133636,2693.691506,2753.079947,2800.473922,2838.102588,2865.352210,2902.338746,2886.786950,2852.081508,2826.472980,2799.629589,2784.815077,2774.198554,2770.439348,2769.811475,2780.853107,2797.375722,2811.829793,2786.698613,2819.348326,2890.983442,2931.908398,2972.033283,3017.240221,3021.788921,3000.499169,2989.591852,2992.746843,2997.485019,2994.322612,2998.933213,3009.773867,3020.559301,3029.352792,3046.195340,3054.882476,3058.101722,3086.275799,3111.380112,3114.741600,3111.226795,3138.606662,3163.873048,3167.796145,3141.673219,3118.736286,3107.529338,3104.740134,3126.162426,3167.170582,3244.052654,3339.495384,3463.879245,3571.455955,3616.713401,3586.675132,3476.935538,3376.648880,3362.016148,3404.757000,3414.186811,3444.204308,3455.107560,3475.101121,3450.945988,3357.610474,3284.579368,3269.161024,3277.373896,3290.174277,3301.139035,3329.062431,3375.708112,3403.986678,3341.348332,3269.694014,3198.288137,3129.806043,3063.143833,2981.181194,2927.906994,2891.710235,2884.592736,2878.688634,2858.813260,2853.662591,2868.260619,2894.106909,2921.329020,2946.830857,2965.563310,2968.844780,2969.692952,2972.143334,2964.739479,2957.380196,2949.536222,2947.618830,2950.965822,2956.398339,2967.266991,2982.671450,3016.738327,3055.100474,3095.285292,3144.388300,3182.396976,3216.972329,3240.831347,3285.159851,3318.156003,3330.862991,3373.115927,3429.226110,3449.623692,3446.577724,3438.642437,3417.720871,3397.806651,3403.160417,3410.282348,3410.925200,3419.819961,3419.718562,3422.944219,3434.815158,3446.803235,3459.919506,3475.258939,3478.524261,3465.394132,3462.093770,3463.878221,3467.349952,3463.746382,3446.109292,3442.182518,3449.123889,3464.607051,3480.454067,3518.491330,3552.160676,3569.709161,3587.590154,3612.854202,3602.833121,3600.965083,3614.270982,3629.374167,3622.490208,3634.883769,3657.682490,3665.040785,3674.124792,3710.117030,3771.527572,3871.170090,3928.861342,3949.186841,3841.514069,3692.626322,3586.914653,3504.715058,3455.935200,3458.691914,3447.894539,3430.653791,3402.373521,3419.955268,3459.355137,3378.671986,3279.451753,3232.783834,3208.019527,3176.888068,3130.714514,3079.778784,3033.464029,2989.159080,2946.938155,2919.792586,2920.447585,2919.097073,2901.729584,2884.466919,2885.494575,2869.905394,2861.368440,2863.478161,2847.147591,2832.544798,2787.954808,2724.612073,2681.105054,2654.044954,2609.606632,2594.733197,2613.019607,2602.111164,2595.934075,2608.463546,2630.887709,2639.216346,2632.500292,2588.298783,2524.240629
2862.953933,2834.754196,2814.227731,2797.000067,2786.629810,2782.859268,2784.221458,2788.274015,2795.836888,2793.593386,2788.562852,2774.282497,2749.184343,2716.028979,2677.059690,2629.819976,2595.239547,2560.029372,2516.995499,2474.358044,2427.362432,2369.966603,2335.844511,2311.586221,2265.946550,2230.973183,2217.161642,2212.604201,2211.962510,2212.000000,2212.214242,2216.179080,2220.024103,2220.933646,2219.289000,2231.240103,2255.994515,2300.723257,2357.925140,2438.931364,2485.707769,2514.577091,2545.226513,2586.951215,2630.591482,2685.869272,2722.582462,2747.317835,2772.154582,2820.640296,2819.574844,2787.426976,2776.182639,2745.559455,2709.617399,2695.932989,2694.948181,2695.484009,2700.236518,2730.631402,2748.404560,2733.727600,2785.770462,2840.380955,2873.725311,2897.338303,2924.712237,2958.962198,2947.434027,2936.372211,2945.262117,2948.126427,2954.392634,2961.481857,2967.380727,2991.497530,3006.876180,3018.661876,3037.989221,3059.244773,3088.832231,3099.414063,3088.666291,3103.363998,3123.338362,3130.394799,3135.110523,3118.441260,3104.833281,3093.709984,3100.486932,3117.277647,3169.587750,3273.157271,3371.007430,3472.136276,3553.632735,3565.169594,3540.173354,3453.166343,3378.419278,3352.904391,3374.425701,3356.859445,3379.145548,3424.272736,3460.528755,3477.198441,3374.717101,3296.000120,3268.885035,3276.126606,3286.453206,3283.011563,3290.601470,3331.079223,3357.917693,3314.404865,3262.765535,3193.908341,3122.367148,3027.101481,2939.369362,2890.255494,2866.123016,2856.018704,2849.584784,2846.305582,2868.259528,2914.219984,2955.210041,2996.837403,3028.189133,3055.989861,3074.556958,3091.762244,3079.394304,3058.863551,3041.437995,3022.351415,2997.297649,2986.116126,2975.527783,2972.218721,2976.392041,2994.817524,3019.397910,3053.517029,3088.455492,3134.930938,3175.189040,3219.759026,3264.302743,3279.952532,3297.989958,3340.440524,3397.282787,3432.446646,3434.633108,3414.420912,3392.256864,3368.106604,3364.281353,3371.050384,3378.348093,3394.811635,3405.465264,3415.088011,3429.516422,3453.398989,3469.978159,3477.745126,3468.671884,3446.835096,3435.981209,3440.440386,3448.370657,3439.001287,3428.264594,3440.531433,3459.920841,3467.373492,3473.906092,3517.382790,3549.581768,3564.964806,3585.591501,3610.932639,3605.818335,3599.602775,3617.219372,3634.884951,3638.881867,3659.796536,3675.201437,3672.306479,3682.322013,3706.565241,3746.352800,3778.182897,3822.248138,3872.057797,3877.150048,3768.314893,3647.100203,3538.621796,3493.958356,3483.642205,3471.628740,3488.936003,3551.827839,3609.129061,3579.696882,3495.457967,3429.213923,3354.026769,3300.365738,3271.883722,3221.086282,3144.983175,3076.232442,3029.014629,2990.990378,2970.618810,2962.601791,2943.370776,2927.977686,2920.788383,2901.857971,2885.915439,2880.420737,2863.638125,2842.876513,2808.198600,2764.205579,2727.942521,2706.601528,2671.043896,2626.729974,2612.182672,2629.461616,2623.494769,2616.330178,2623.187503,2648.462292,2657.508960,2635.725897,2567.658419,2498.032314
2878.295980,2834.457555,2813.735829,2800.782143,2795.174403,2790.550724,2793.021356,2794.297659,2803.021518,2803.337704,2799.259378,2788.581794,2769.124307,2731.369973,2690.855654,2635.811174,2592.648502,2553.103399,2512.795272,2471.174895,2428.000877,2381.158628,2347.431818,2321.792658,2279.561070,2236.806941,2219.808258,2217.093040,2213.244979,2212.000679,2212.000000,2212.000000,2212.153375,2212.079026,2212.007910,2212.044636,2217.174319,2240.899460,2290.255467,2362.169077,2438.689179,2476.148941,2496.394169,2529.217191,2569.914451,2615.437308,2650.494724,2669.669124,2708.651899,2745.124888,2736.231156,2712.664000,2702.178884,2682.004406,2649.345324,2628.230166,2620.279849,2621.303799,2637.139463,2661.843063,2670.315295,2689.203654,2741.677146,2782.465420,2815.750891,2837.971175,2857.546979,2883.796753,2894.921647,2899.077592,2893.524926,2894.246523,2902.993925,2894.117260,2899.390675,2955.246583,2982.307748,2997.832246,3025.314596,3059.468921,3081.927898,3080.659467,3078.774151,3079.765330,3078.726818,3086.309145,3103.337891,3099.075561,3084.776557,3085.111132,3112.247270,3145.002385,3182.579572,3284.909889,3389.672528,3469.683153,3504.289102,3498.963110,3458.582181,3417.109559,3385.631109,3326.910201,3305.002065,3299.630810,3345.806896,3419.826916,3463.037230,3494.167957,3399.116777,3299.306461,3267.969323,3280.471967,3279.235184,3278.273385,3281.192977,3308.505970,3324.753218,3293.666668,3239.229410,3173.747183,3088.311886,2985.890754,2898.278055,2858.341795,2841.126849,2833.334593,2838.085429,2869.140394,2912.573006,2957.193497,3014.360531,3063.586914,3108.940634,3166.669891,3195.945182,3194.356139,3191.353351,3177.022250,3148.833614,3106.491149,3066.543970,3037.562955,3012.339894,2995.417843,2990.111166,2990.890123,3002.770845,3021.436457,3051.574800,3086.174205,3125.275231,3167.178824,3207.906504,3238.876426,3265.155053,3305.701356,3356.047657,3390.059707,3388.547845,3372.360683,3359.255341,3358.484332,3360.261541,3367.728108,3382.745692,3396.451251,3403.353932,3411.740228,3431.841936,3458.813924,3468.591610,3467.416571,3451.302988,3437.938472,3426.665919,3423.887381,3417.330519,3412.364265,3415.711208,3433.783596,3453.976222,3463.382861,3482.284858,3525.347280,3552.746744,3564.739397,3579.568753,3603.887320,3601.161289,3604.139338,3614.135974,3615.754453,3623.913482,3642.546014,3678.288791,3692.683725,3703.014749,3718.294533,3732.014223,3745.959780,3761.831129,3778.120841,3818.850651,3826.949425,3738.122906,3633.284115,3540.208026,3504.544091,3505.663288,3571.011193,3662.968233,3701.078753,3683.096840,3601.829290,3523.533152,3469.126284,3416.457315,3349.650389,3264.174714,3183.730520,3129.996460,3081.852765,3050.342115,3027.250573,3007.998767,2972.705411,2941.634299,2921.155176,2902.243606,2892.049472,2889.214424,2852.478840,2804.579513,2777.320543,2766.813227,2752.518569,2732.046342,2698.065279,2637.500123,2643.220682,2649.590586,2647.287464,2643.076290,2637.081187,2656.591255,2668.014436,2631.717690,2562.025461,2504.908155
2881.426073,2836.800091,2821.760413,2806.550097,2800.374217,2800.190202,2795.840017,2799.388905,2806.428058,2804.699810,2797.388838,2788.434622,2777.829237,2743.443937,2699.408183,2647.312956,2597.777435,2558.139873,2515.891552,2473.125894,2435.722041,2392.557925,2356.433494,2330.762348,2291.575564,2252.498855,2225.027495,2216.565858,2214.141647,2212.033712,2212.000000,2212.000000,2212.000000,2212.000000,2212.000000,2212.000000,2212.000000,2217.174171,2235.655179,2280.140471,2340.935610,2410.120600,2455.214086,2480.520596,2518.361182,2550.300803,2580.887609,2604.062843,2641.386979,2668.962653,2662.342199,2642.792614,2625.074484,2617.972671,2603.423444,2577.187056,2562.381144,2569.572253,2581.140511,2595.660438,2601.580378,2640.252525,2674.595028,2711.134192,2755.988484,2780.069435,2794.272961,2817.105014,2842.988027,2843.788851,2830.000634,2832.662917,2847.960074,2823.037144,2856.678826,2906.322716,2934.116289,2967.424137,2994.918148,3021.821563,3039.259480,3048.321818,3049.342316,3043.093337,3033.128914,3040.139866,3052.650005,3054.076636,3057.513309,3074.168052,3107.546175,3155.974365,3197.549704,3255.898838,3348.922285,3461.435900,3473.551516,3432.577179,3391.064288,3368.399570,3359.041053,3321.011631,3286.674297,3295.980943,3347.271246,3412.414640,3448.940532,3483.617936,3388.170810,3302.987007,3275.463438,3281.859431,3271.244651,3257.673899,3272.484821,3284.767506,3279.863372,3241.972499,3152.934768,3086.143292,3013.387256,2918.961599,2858.749796,2835.951339,2826.808053,2830.498090,2857.657791,2904.698807,2966.122428,3019.956144,3059.899317,3116.450924,3192.248192,3250.489065,3248.665426,3237.222518,3257.483537,3269.816480,3253.814249,3205.325011,3158.827610,3094.277507,3057.045584,3037.263282,3019.701108,3004.902964,3003.465034,3013.128366,3030.211574,3051.595399,3079.719622,3114.483867,3156.780696,3192.004442,3214.102664,3242.591898,3286.484937,3323.701350,3341.057216,3343.297785,3355.898551,3376.161393,3384.244784,3393.549956,3404.967880,3408.996293,3403.068516,3417.935992,3445.519717,3466.811155,3465.162055,3457.816874,3445.689037,3442.932082,3434.380201,3422.673617,3407.201327,3404.792557,3409.746253,3422.712543,3436.355154,3450.397660,3475.948656,3522.395368,3548.560830,3560.267556,3583.037307,3597.002807,3585.329470,3596.654426,3598.360955,3591.289452,3592.488553,3608.552196,3651.730888,3680.344988,3694.575117,3710.868985,3718.545237,3725.901558,3733.004904,3748.225404,3766.854237,3812.268911,3865.728476,3835.509533,3733.428130,3660.983265,3651.684581,3697.001918,3742.505951,3795.736196,3743.611801,3671.752384,3623.357428,3576.083109,3486.400169,3383.546662,3296.102596,3221.217345,3171.673497,3127.910435,3094.870423,3080.482620,3025.713861,2972.126338,2945.450156,2917.343489,2912.039127,2907.328848,2873.392128,2822.244048,2793.177609,2775.018388,2758.605659,2741.095302,2723.723104,2695.750150,2654.980680,2683.192818,2674.401695,2668.560049,2666.802164,2668.105194,2678.465786,2663.309569,2623.193657,2573.852837,2536.340973
2879.254991,2835.265936,2819.742716,2805.967041,2808.945868,2806.862042,2798.538044,2807.761492,2810.461844,2802.503906,2791.139923,2782.977738,2784.268323,2757.978628,2716.424499,2670.076356,2613.156374,2572.337560,2525.224023,2488.869579,2451.532457,2412.559281,2371.152326,2343.513645,2309.884133,2276.507017,2248.535723,2222.390227,2212.688509,2212.000000,2212.000000,2212.000000,2212.000000,2212.000000,2212.000000,2212.000000,2212.000000,2212.048612,2216.059455,2232.928723,2272.572345,2334.002568,2396.655977,2447.482325,2482.854173,2513.115622,2537.220998,2547.864631,2579.819659,2597.604678,2587.704624,2577.608881,2568.728836,2559.126639,2551.174353,2534.766716,2526.222609,2528.659005,2531.753543,2542.415485,2546.143140,2569.285259,2612.607159,2649.217899,2685.600311,2715.123186,2741.498465,2765.194687,2784.426672,2772.835537,2757.713703,2756.105618,2765.613819,2754.432018,2804.452676,2857.003697,2888.649117,2908.122829,2932.051894,2954.889581,2974.995021,2995.934182,3004.142620,3007.342892,3007.558289,3005.959001,3008.325116,3009.577680,3028.137501,3064.387247,3109.329266,3145.287819,3193.831612,3237.823749,3285.100467,3416.711867,3471.114065,3413.709956,3354.304433,3313.231701,3314.610115,3318.174527,3290.598201,3294.866844,3338.272749,3393.793915,3425.178205,3460.892466,3378.058393,3302.585583,3274.475206,3286.492081,3241.077689,3232.152299,3250.955831,3232.403957,3203.072525,3150.760997,3073.150121,2999.378020,2927.753325,2873.871530,2837.527676,2820.903491,2820.567505,2850.475026,2894.884266,2945.477387,3005.012723,3056.977218,3103.292336,3166.959840,3246.536763,3291.790102,3289.594668,3289.953493,3319.315039,3340.611778,3307.715374,3289.361164,3245.061907,3175.697374,3120.284722,3088.352753,3057.778363,3032.650537,3016.422133,3014.390598,3021.308856,3032.498805,3048.287362,3078.749716,3105.346548,3136.883966,3162.997508,3190.016764,3228.131444,3266.729846,3298.250866,3317.874960,3353.429961,3401.684691,3416.087061,3424.961526,3422.179961,3408.357248,3400.683239,3418.578983,3450.843926,3460.392778,3455.336379,3443.151797,3435.610227,3434.920149,3432.558203,3423.930399,3407.257033,3404.570382,3406.349042,3413.792427,3424.021813,3430.264114,3448.096645,3495.246920,3524.614485,3549.523893,3577.281347,3572.167709,3569.858930,3584.184444,3590.590916,3595.043318,3614.500853,3643.961660,3660.567500,3682.311688,3688.676284,3700.506882,3716.106175,3728.104148,3747.540786,3751.010746,3761.094344,3775.191416,3836.737655,3918.677922,3897.880506,3851.778104,3783.249220,3787.781985,3805.529193,3807.062248,3740.036877,3651.349319,3586.149155,3550.585390,3475.369363,3392.157476,3321.632454,3253.196369,3214.380005,3174.945990,3114.419196,3052.006623,2988.882131,2966.873066,2951.711079,2951.436466,2944.359165,2918.094288,2857.196815,2819.901952,2795.165379,2782.552331,2769.853135,2744.437477,2707.678964,2675.675321,2686.549836,2715.314789,2700.232296,2689.071056,2689.585261,2695.693819,2686.185937,2645.443441,2616.875705,2604.674198,2548.607577
2864.591786,2824.638020,2809.574654,2809.405394,2815.652805,2807.649296,2800.377066,2810.944492,2818.626622,2809.050246,2795.175007,2788.591498,2788.044129,2777.772012,2736.339680,2697.097205,2646.359029,2596.581290,2544.460159,2502.300019,2470.223838,2429.338352,2396.180760,2360.925280,2325.026963,2298.600199,2269.929356,2246.627547,2220.093877,2212.017781,2212.000000,2212.000000,2212.000000,2212.015538,2212.000000,2212.000000,2212.000000,2212.000000,2214.181301,2220.733312,2244.788355,2302.581578,2371.377736,2426.662991,2460.815784,2479.241729,2487.721614,2504.998446,2532.215206,2535.021741,2526.734705,2526.629536,2526.659306,2514.204444,2504.376607,2489.412110,2491.845916,2489.628738,2485.537739,2490.858853,2497.543418,2503.926835,2532.943591,2581.169534,2623.270104,2668.644623,2705.713205,2724.059533,2716.593535,2693.888817,2680.278993,2680.038093,2690.011527,2693.356355,2762.235529,2812.367989,2844.567536,2862.053130,2887.177806,2915.242182,2945.658262,2967.675438,2978.981902,2986.866347,2993.069689,2989.889738,2991.224732,2998.479061,3025.410866,3076.290010,3119.406095,3150.688173,3203.093567,3272.611406,3297.265573,3375.522368,3473.490930,3438.361064,3357.723090,3295.897597,3265.874954,3273.473686,3291.526604,3294.744219,3324.614188,3378.628573,3407.782202,3438.911297,3368.139097,3290.555359,3263.783565,3268.536122,3220.701190,3223.836651,3244.862327,3195.959728,3130.468853,3072.650650,2997.266190,2916.506198,2868.204224,2838.081114,2813.894507,2809.698171,2828.482246,2878.664241,2934.553275,2990.634632,3056.413055,3113.572826,3167.901053,3227.801406,3278.442893,3303.183392,3320.904478,3345.686052,3362.031370,3371.183533,3339.731010,3316.558015,3271.225185,3227.501925,3187.788087,3130.623181,3086.929469,3064.499901,3043.226839,3031.004742,3032.133483,3033.911910,3044.493320,3060.640849,3077.225725,3101.243021,3126.600740,3155.348539,3191.570012,3231.590255,3261.240540,3283.464984,3316.583972,3365.697016,3403.692793,3419.424952,3413.263828,3402.904596,3400.448207,3404.480932,3435.819167,3442.221016,3435.448841,3426.973143,3427.872871,3429.314853,3428.122709,3417.648088,3407.005412,3404.609600,3407.705113,3416.478552,3424.118344,3433.045204,3452.985545,3489.412466,3504.660788,3531.636203,3552.017306,3558.547645,3567.167286,3574.535445,3578.224319,3595.364833,3623.411513,3654.074508,3665.631009,3684.897171,3694.814970,3701.696690,3712.676439,3728.905125,3749.419675,3751.147155,3756.065821,3773.769498,3851.957813,3933.226009,3900.698519,3846.412675,3794.645774,3763.434184,3749.134153,3738.807244,3712.452278,3640.926505,3546.107528,3480.066365,3429.315753,3373.688784,3315.538274,3265.702323,3206.897372,3145.794669,3082.648366,3028.022248,2985.304796,2985.450106,3008.908435,2987.816103,2954.367314,2896.110871,2852.180754,2831.306631,2820.047019,2839.718265,2832.620235,2776.569581,2726.694852,2696.152883,2714.418013,2734.105793,2732.120193,2716.116017,2714.116498,2717.807852,2686.322226,2655.223424,2635.005636,2605.286335,2565.066160
2856.684373,2817.970849,2810.127857,2817.771478,2816.456649,2807.724883,2810.269811,2826.159738,2829.501971,2807.854619,2796.530955,2794.778395,2793.188867,2791.759533,2760.097180,2721.030521,2678.235287,2631.027182,2576.166060,2533.139318,2489.391649,2455.149696,2421.080352,2381.249560,2347.650742,2323.311587,2299.645158,2278.058649,2254.131619,2218.402376,2217.311885,2215.488827,2232.683608,2236.130299,2214.397811,2212.884102,2212.189472,2212.568432,2224.744101,2236.552209,2253.004330,2304.463710,2371.052813,2416.335525,2427.861510,2429.553840,2440.483801,2460.615206,2481.076338,2488.124643,2491.458757,2498.550296,2497.709647,2473.345609,2453.256349,2448.220145,2453.608590,2451.214339,2450.967663,2456.828987,2462.896085,2460.824196,2479.010404,2513.888302,2552.771181,2602.649481,2644.202990,2675.455476,2661.273937,2633.599004,2629.762598,2627.315313,2632.876684,2655.855016,2710.674185,2761.312758,2793.479938,2811.150176,2837.756571,2873.399203,2912.153962,2937.832956,2949.637598,2967.879182,2980.314787,2984.807425,3000.051246,3016.813357,3046.876514,3091.907029,3139.472324,3182.210538,3239.483408,3313.540027,3356.699466,3401.284120,3459.580514,3469.226540,3402.109924,3322.169491,3257.081301,3231.490871,3255.892954,3276.167203,3312.481540,3357.474616,3396.697920,3415.734354,3339.388611,3280.577306,3246.205249,3256.420306,3200.163092,3201.093957,3206.096120,3152.830159,3066.027300,2980.911240,2911.793532,2861.685982,2827.687632,2807.084136,2800.693499,2820.523741,2868.436810,2923.793596,2975.415920,3044.709449,3117.974358,3177.447917,3228.578222,3291.912173,3324.897562,3352.893883,3369.884835,3389.146386,3407.646028,3397.109165,3360.581777,3327.329270,3279.880293,3248.494708,3196.675788,3152.028256,3125.371510,3110.597600,3099.226468,3068.267177,3054.196021,3054.711539,3063.372602,3071.163567,3077.612796,3089.656373,3100.263281,3126.282968,3160.570131,3196.629658,3229.302288,3255.830990,3278.089457,3307.075310,3345.653053,3373.708614,3392.542015,3409.221608,3408.086470,3417.505573,3427.501289,3426.630486,3424.542749,3420.976737,3420.472817,3422.887426,3420.606710,3411.857219,3402.867421,3402.823239,3410.447298,3427.844555,3442.284719,3453.205484,3469.174794,3481.403202,3497.668860,3518.619102,3534.908370,3544.338425,3561.051783,3564.965766,3568.717436,3596.122252,3626.446286,3641.080496,3651.735690,3681.979600,3692.361509,3691.074471,3705.219367,3730.574904,3739.011235,3737.684189,3744.626951,3798.198597,3894.855296,3912.113466,3849.038430,3797.364086,3751.580032,3712.035915,3686.039943,3673.136126,3650.546979,3609.967541,3550.834557,3464.562510,3388.898891,3333.569855,3278.884409,3223.341343,3170.897826,3132.629692,3074.341124,3033.502578,3018.736522,3037.025436,3042.293428,2998.619102,2945.668692,2896.863636,2861.329617,2851.513260,2871.776583,2895.154948,2851.467791,2788.167342,2741.288832,2707.596438,2740.511087,2750.452660,2746.646528,2738.196158,2737.172881,2720.078953,2695.322973,2665.758523,2627.537804,2615.965149,2585.337693
2860.886734,2826.736861,2811.463457,2816.753320,2816.488769,2819.230342,2823.663606,2836.071468,2829.172988,2810.673861,2810.058611,2804.693084,2797.414361,2795.111172,2779.032692,2747.133214,2708.986225,2666.989609,2618.804588,2571.680834,2523.643384,2481.907772,2449.998915,2410.038026,2368.064685,2344.042931,2322.609591,2309.518345,2282.712516,2237.735380,2227.684496,2234.235107,2286.487320,2300.438954,2247.193378,2223.691427,2214.813085,2218.025514,2224.499616,2241.188491,2261.593735,2296.871641,2356.035368,2391.104318,2395.675861,2401.347912,2419.480288,2444.928538,2468.460323,2473.143312,2471.369608,2470.241252,2454.572604,2428.618404,2413.352672,2416.835373,2419.555282,2427.348922,2433.801145,2436.806737,2442.008778,2439.967295,2457.944331,2471.596352,2492.081058,2576.706170,2639.041003,2650.921547,2612.234087,2587.123755,2591.423145,2593.597506,2592.164134,2615.650395,2671.223914,2728.366628,2757.961265,2767.995122,2779.778207,2808.861234,2851.098512,2876.241496,2901.243333,2948.919359,2979.242839,3004.961225,3032.311781,3058.330239,3093.781960,3129.871231,3169.288982,3229.131629,3297.902850,3364.506882,3406.925023,3414.131257,3435.559816,3440.854708,3384.161207,3313.879533,3222.823349,3190.118991,3206.122184,3267.168217,3305.997528,3313.897148,3362.854553,3373.797895,3308.318526,3241.486079,3224.007362,3203.707648,3128.846949,3166.945010,3171.828427,3110.657106,3001.162800,2906.331953,2853.397716,2817.871339,2796.199867,2792.977107,2810.338341,2858.918242,2913.573676,2969.258982,3037.532760,3108.433043,3182.652472,3244.356985,3280.046988,3304.329980,3330.538534,3356.882688,3382.619029,3401.551131,3428.488720,3403.742836,3363.976539,3334.956220,3297.205506,3246.500240,3188.589809,3180.024857,3177.659104,3173.887865,3166.697700,3132.572004,3094.915670,3087.716420,3101.920556,3103.084700,3098.189011,3100.376454,3099.812126,3112.195221,3138.705408,3165.367915,3202.343998,3233.166765,3255.343766,3276.439607,3301.764272,3329.287212,3366.538838,3411.228419,3411.640707,3408.142445,3408.121354,3416.275833,3419.548894,3414.082386,3410.368471,3408.559488,3403.688477,3396.698325,3395.453576,3398.741492,3413.223476,3433.231880,3455.502717,3469.370474,3481.138768,3482.945179,3493.993146,3500.788239,3526.459027,3539.560707,3547.572267,3552.259664,3578.481394,3603.690024,3619.192814,3637.550558,3646.920067,3665.735741,3672.298087,3681.536023,3701.073390,3720.793350,3718.999311,3738.512078,3774.627330,3854.429939,3918.890537,3861.562620,3796.062610,3750.412810,3715.586137,3675.221104,3637.323730,3617.654283,3591.885386,3548.112154,3492.229475,3430.972287,3359.176428,3289.153463,3234.804483,3196.278301,3157.265372,3114.967089,3075.734762,3062.039660,3072.697889,3087.762729,3045.993427,3002.893222,2951.792516,2914.652075,2903.521429,2913.717678,2921.901301,2885.061050,2833.054392,2786.799437,2744.187021,2727.127144,2764.385127,2763.167703,2755.639952,2751.033258,2735.169000,2720.229165,2691.019080,2646.760767,2626.183948,2622.357311,2598.189518
2873.141279,2840.777038,2816.356128,2816.211407,2824.967025,2840.411099,2843.734041,2837.245675,2823.532871,2820.190527,2820.869205,2813.682303,2801.849592,2792.220432,2794.268089,2776.443300,2748.625914,2702.321268,2655.881890,2610.189188,2561.229458,2519.041590,2488.782207,2440.460794,2398.346397,2369.551130,2349.122261,2325.621041,2301.455716,2266.696657,2231.121046,2233.889446,2245.787853,2263.226696,2270.006867,2264.332454,2232.347955,2229.147878,2223.646838,2236.177591,2262.438718,2289.858427,2326.049517,2367.817441,2378.405508,2386.686615,2413.987831,2434.644853,2438.392826,2423.141512,2430.795859,2423.498476,2402.026508,2393.785920,2392.237881,2397.799885,2400.389592,2416.399546,2417.405148,2419.780121,2422.196491,2423.145827,2432.127969,2449.240244,2466.223841,2508.995246,2593.229550,2585.332647,2552.172300,2541.459893,2572.462830,2565.902691,2550.046599,2576.642596,2639.348152,2703.841775,2729.736845,2715.352453,2718.864591,2744.079693,2786.105820,2819.339600,2884.387863,2944.427197,2988.417897,3034.759907,3070.697276,3105.894627,3141.157150,3169.716250,3200.188510,3256.081942,3323.783428,3387.797075,3394.716300,3385.457598,3388.949070,3379.945934,3336.706105,3266.683090,3191.141022,3160.956065,3176.911069,3232.530608,3257.183558,3251.135683,3299.945638,3329.118913,3272.837631,3221.198435,3181.225542,3121.924341,3062.507644,3123.037092,3122.976029,3072.263511,2944.988096,2855.590327,2804.153331,2782.407064,2787.029814,2817.694974,2861.450611,2903.845988,2962.383789,3029.058550,3103.988727,3174.381515,3248.094484,3302.624073,3308.902034,3295.000349,3303.139945,3333.738326,3360.208718,3376.254123,3404.131732,3403.289474,3376.775579,3336.671435,3283.409638,3221.621927,3181.718719,3182.235400,3194.339623,3246.376680,3266.629188,3220.802145,3176.156597,3162.608686,3166.680094,3150.445710,3132.675400,3124.470294,3119.081359,3113.111953,3130.283381,3148.145410,3172.033312,3206.127992,3236.528956,3259.468456,3278.503945,3305.492625,3331.853055,3361.796861,3370.214293,3374.862390,3376.347599,3390.094968,3401.728549,3399.755330,3397.247868,3395.008252,3388.692322,3387.113752,3390.081813,3395.869684,3406.463436,3424.412863,3446.157510,3466.354616,3478.746738,3477.779191,3478.965473,3490.635083,3504.502815,3524.455073,3525.250752,3544.529427,3567.798847,3584.437945,3605.228998,3627.882596,3641.158566,3653.630691,3664.208067,3687.013213,3715.075049,3717.177439,3712.234497,3742.768005,3809.473423,3863.785136,3813.760595,3761.068053,3725.655811,3702.421182,3675.108864,3640.856445,3607.154544,3572.439791,3535.192371,3504.325501,3451.038579,3380.369197,3305.833383,3248.552140,3222.307450,3184.971560,3140.806280,3112.214018,3109.180185,3118.056949,3150.795384,3133.656553,3067.057433,3012.357537,2974.678230,2964.793971,2957.044426,2951.988179,2913.626350,2858.841099,2812.318079,2775.075574,2741.852248,2742.540768,2773.010212,2772.340189,2761.502352,2748.900482,2738.747878,2709.677970,2676.918351,2658.479888,2648.515575,2635.404683,2606.738259
2883.257177,2849.750419,2824.159936,2819.317297,2842.284586,2865.992762,2863.568447,2838.224823,2821.269525,2831.027762,2844.241818,2833.874219,2816.209946,2808.301340,2803.333059,2797.156940,2779.755202,2738.529540,2689.024295,2648.130232,2611.325913,2559.854239,2523.787591,2478.401084,2426.972269,2399.436548,2376.242744,2351.418490,2318.460962,2285.937080,2256.891970,2239.343221,2232.456042,2239.509595,2257.244564,2283.310760,2268.444920,2252.384698,2240.654717,2244.115054,2269.534601,2302.870668,2338.338423,2360.430868,2359.523748,2378.349312,2400.514471,2405.542970,2397.133735,2386.277551,2387.681299,2383.202591,2377.836794,2376.301266,2383.516864,2396.953346,2407.442572,2403.353743,2398.483481,2402.312536,2400.294792,2394.428129,2391.885024,2412.269208,2428.011328,2426.167568,2465.695169,2492.623827,2468.599281,2486.633505,2523.096124,2531.379985,2507.377357,2536.582010,2611.364033,2666.420229,2681.199559,2661.258492,2665.547989,2693.933678,2733.600074,2785.016305,2843.433010,2905.734072,2966.684803,3026.929929,3080.672485,3116.347255,3141.770409,3166.172642,3194.297718,3245.242974,3299.090055,3359.351309,3368.031070,3342.878086,3332.082477,3322.565554,3293.904735,3240.619972,3176.762805,3143.193733,3148.105526,3190.310387,3193.093243,3171.144915,3234.416180,3291.308295,3239.943014,3183.943315,3108.422341,3041.489710,3009.440286,3079.104104,3062.278120,3015.743396,2897.080217,2800.216589,2771.201014,2793.487788,2837.078341,2886.014071,2949.900971,3005.309729,3059.947036,3123.677922,3188.258962,3256.831247,3323.766795,3368.934878,3390.450474,3332.214008,3294.664029,3305.071427,3326.033504,3351.892786,3383.073579,3402.364051,3388.489977,3327.444796,3261.434008,3215.088260,3185.378679,3186.339599,3240.950709,3308.170759,3286.631958,3260.073094,3265.095424,3238.145526,3195.925819,3182.870421,3166.754880,3155.108979,3146.092730,3135.330696,3137.500275,3146.309741,3160.530591,3175.543354,3202.788075,3228.786257,3254.784277,3280.744991,3307.219727,3329.907724,3340.218248,3341.605394,3344.433737,3359.880295,3373.554775,3388.825179,3387.264733,3382.609306,3379.716701,3379.917245,3383.282197,3392.497719,3403.777828,3417.930380,3428.722747,3446.162970,3455.328112,3458.248587,3474.474198,3480.966989,3486.935130,3501.492142,3513.125057,3538.074897,3543.138975,3557.496332,3596.963828,3619.492974,3630.554244,3649.218235,3669.578774,3699.784470,3713.790936,3713.274075,3719.086703,3751.501056,3809.525044,3781.429120,3689.179749,3634.574698,3609.758386,3613.210002,3607.615666,3577.437021,3565.673179,3553.320555,3520.298143,3476.062409,3431.357637,3363.248668,3288.776581,3242.549218,3210.460561,3156.352480,3141.266681,3151.462486,3183.844654,3198.787796,3188.367049,3157.157157,3095.129449,3034.564008,3000.854611,2982.896604,2957.420916,2926.576052,2889.615851,2845.149578,2802.230132,2770.656242,2751.627339,2755.547716,2777.867454,2777.688176,2764.324301,2758.012678,2740.860221,2703.307418,2692.635463,2682.793746,2662.132680,2638.802287,2601.378883
2906.470565,2872.992246,2834.001549,2835.484877,2862.612945,2878.295012,2863.062403,2828.709008,2823.133804,2846.614417,2864.484803,2846.701930,2835.976591,2827.735041,2818.724396,2805.234119,2794.990245,2774.713231,2744.578201,2697.738334,2658.865230,2608.097432,2565.542700,2527.090994,2464.089708,2426.450566,2413.810212,2377.655993,2337.795790,2312.121659,2289.487934,2263.654491,2239.148596,2235.770247,2248.510773,2263.442168,2273.482838,2273.062797,2277.421034,2282.600084,2301.605062,2325.315073,2341.918570,2341.773584,2344.403351,2360.055286,2375.112745,2382.323616,2372.428006,2371.596405,2378.478311,2376.123949,2375.873672,2375.502602,2381.653410,2398.428208,2403.905767,2391.051843,2381.320770,2380.812891,2376.538537,2369.285918,2356.564910,2361.071499,2367.644904,2359.478422,2367.877320,2383.490927,2400.625567,2408.814458,2438.361549,2470.194951,2464.236017,2472.488700,2555.448794,2632.850727,2636.755403,2611.976746,2631.108665,2658.687365,2698.919776,2741.910467,2801.225337,2874.003300,2933.609682,2976.045113,3023.919274,3079.653059,3114.627783,3137.739003,3165.386109,3200.827853,3236.131662,3293.642088,3320.330204,3296.894069,3281.740680,3269.578973,3232.605705,3209.172574,3160.860365,3130.351318,3119.735285,3136.228537,3114.492641,3080.895218,3169.579959,3236.448793,3173.803282,3128.661831,3088.889198,2990.423311,2967.584578,3015.094908,2976.243522,2906.806491,2821.894447,2769.345120,2787.827246,2834.711675,2885.506980,2960.587313,3038.946506,3099.712735,3162.209210,3214.621791,3278.548776,3347.954073,3408.522052,3475.481814,3498.702846,3402.998987,3312.619018,3291.002518,3297.559817,3317.800761,3371.185783,3418.804530,3384.430589,3315.580569,3256.924847,3218.149745,3186.250466,3207.894941,3298.643111,3349.674620,3289.889703,3263.729546,3268.770271,3250.638657,3215.685938,3208.545249,3191.783536,3183.912248,3187.673402,3177.344932,3167.070525,3160.669168,3162.891797,3168.801580,3184.816382,3205.313236,3228.185863,3250.478696,3283.232531,3302.034765,3310.820600,3314.002490,3317.170310,3330.338634,3348.806621,3365.549147,3371.575225,3372.692473,3370.314221,3372.201099,3377.110683,3388.214983,3402.728085,3415.180644,3419.319801,3427.477314,3432.974414,3441.050557,3454.865307,3477.798181,3496.637571,3502.226191,3509.083298,3524.695439,3528.693836,3557.405925,3590.841597,3601.523430,3626.847002,3651.947874,3667.838220,3690.586040,3696.435395,3712.790923,3723.895875,3745.974541,3780.890796,3696.961009,3604.316932,3547.069201,3532.258905,3529.589359,3526.806131,3498.198872,3494.596244,3498.298613,3484.057991,3428.213284,3384.322934,3336.344014,3292.219841,3250.975070,3197.696819,3173.758615,3193.094533,3229.278318,3239.680892,3224.004125,3194.763801,3172.075399,3114.988422,3045.284350,2994.573572,2959.147727,2933.935138,2915.833659,2887.792719,2848.520596,2804.148348,2776.758283,2767.551396,2776.045221,2793.106799,2782.050716,2767.884869,2764.861986,2727.864620,2712.933973,2704.921935,2691.612537,2662.095744,2623.850977,2582.414480
2928.047084,2906.481072,2878.884124,2867.855989,2879.900564,2874.347520,2847.522783,2824.245702,2838.506725,2866.480813,2873.236271,2857.041273,2852.190483,2834.169298,2826.696415,2817.179653,2801.707026,2795.533070,2788.268827,2762.863212,2718.110143,2670.632305,2620.610621,2550.093819,2500.950587,2460.166126,2439.050098,2399.651737,2365.441284,2327.465723,2299.330300,2275.530007,2266.058201,2256.592374,2245.280706,2241.103278,2257.875742,2285.457828,2302.519962,2305.755438,2311.276100,2314.374524,2320.129182,2312.400292,2318.794946,2343.241411,2362.568441,2364.256124,2352.023754,2363.227960,2372.838561,2377.859719,2382.448336,2386.977055,2395.841887,2400.969844,2401.139480,2390.764132,2371.214102,2363.045994,2356.384372,2347.773474,2338.076355,2335.700968,2337.088937,2336.383918,2344.197820,2344.945278,2349.079810,2356.876341,2372.281631,2399.184680,2420.722637,2422.095283,2477.653849,2560.180516,2586.847471,2582.114260,2602.392103,2637.469312,2674.077468,2705.061151,2764.647573,2836.717522,2889.176355,2934.046600,2980.632051,3030.765922,3068.662096,3095.111868,3123.555151,3152.523494,3193.876142,3251.731138,3275.207744,3265.311343,3243.636470,3227.229315,3175.129302,3147.598611,3133.198104,3109.214503,3057.760093,3052.382851,3028.927262,2987.353432,3041.562369,3098.050019,3030.103908,3009.463183,3018.896203,2942.793646,2890.679031,2897.744441,2837.112620,2796.638614,2765.216503,2779.490811,2818.274494,2863.192948,2928.216467,3023.445848,3110.607087,3180.367625,3256.181008,3311.732714,3366.895938,3448.556338,3513.880553,3569.398822,3607.207323,3498.866292,3381.152074,3316.202528,3292.213399,3306.246787,3372.088285,3434.729854,3391.490606,3312.034369,3277.105037,3247.308327,3235.645987,3283.349599,3375.011253,3380.104430,3311.101725,3267.400055,3274.661316,3256.598600,3222.481382,3208.092018,3204.993795,3215.919458,3237.173032,3226.541815,3201.743970,3183.890994,3177.109833,3178.997312,3179.100298,3192.076494,3209.531682,3225.610332,3253.880827,3275.005113,3285.786941,3290.212012,3295.069362,3306.447066,3322.738664,3336.565921,3347.210736,3355.935639,3359.455109,3366.852425,3373.902366,3384.635857,3394.540251,3407.346564,3412.397214,3419.173595,3419.584722,3415.100724,3434.408361,3480.612335,3513.243470,3517.915348,3522.779453,3522.974996,3535.284530,3553.479653,3570.444502,3588.281965,3621.393114,3648.185703,3664.669551,3685.958934,3691.597968,3694.041167,3697.486207,3729.793992,3789.591740,3713.998311,3605.626491,3565.170239,3545.884021,3517.211650,3476.117936,3443.747128,3419.636328,3408.835032,3403.860288,3357.489304,3333.306780,3317.135697,3307.702198,3284.717504,3247.451228,3238.840397,3239.171418,3251.401295,3268.051775,3289.684895,3236.099922,3167.262524,3093.907111,3025.902577,2978.984724,2950.470419,2930.882946,2905.604013,2876.420108,2842.983574,2806.964960,2790.587557,2782.850263,2805.121571,2800.872833,2784.653932,2779.482249,2757.643972,2732.807697,2714.734356,2693.022241,2663.529613,2619.282544,2575.738813,2535.678807
2946.550909,2952.133008,2931.676110,2900.989907,2887.236919,2867.459141,2838.874324,2832.682658,2860.856863,2883.142165,2879.835161,2868.813198,2860.113077,2837.289040,2823.849681,2816.377991,2808.134914,2807.928068,2808.926806,2792.706648,2758.981663,2708.984880,2638.984895,2571.612640,2520.188019,2488.712729,2464.215399,2434.364776,2398.766475,2349.193577,2319.793397,2307.985522,2303.396632,2299.716587,2271.722222,2244.947052,2242.392521,2260.847442,2275.418849,2283.856879,2297.627884,2299.135402,2304.385032,2302.503976,2314.175978,2335.087308,2348.067580,2341.195373,2327.645559,2352.480854,2363.054152,2367.057787,2373.446361,2390.205862,2400.525710,2388.631279,2367.820761,2367.735704,2360.528770,2353.095761,2346.961526,2343.013355,2336.070874,2328.491155,2332.473571,2333.791656,2337.210244,2330.954296,2332.964875,2342.311360,2353.138210,2373.263666,2390.378440,2390.726267,2416.747564,2504.978007,2537.663492,2548.292565,2577.463561,2612.897796,2643.521791,2672.459974,2715.797220,2757.977314,2818.399443,2889.085482,2944.733496,2988.677465,3030.029050,3063.887972,3090.548589,3120.054821,3184.885012,3271.210514,3278.739395,3247.747544,3215.287076,3175.173779,3126.906864,3119.440647,3122.263479,3092.972851,3003.141383,2954.263282,2939.346160,2903.918764,2884.882748,2897.585396,2867.539608,2860.363100,2876.632207,2826.903665,2790.696145,2782.281500,2761.425085,2738.640634,2740.906618,2779.820658,2837.042706,2893.738351,2964.674053,3055.196352,3164.778250,3273.122232,3342.013074,3412.441514,3482.684996,3544.713693,3592.013061,3622.200160,3632.967820,3512.717760,3428.907768,3373.174319,3326.479819,3321.753622,3387.166165,3460.381617,3418.424351,3329.615584,3302.334639,3284.832084,3295.370358,3341.976743,3441.427118,3423.442654,3351.146406,3315.422097,3304.742541,3282.178454,3249.362403,3216.005988,3208.333780,3224.993037,3282.128619,3270.740732,3224.889150,3210.845725,3205.508359,3199.192011,3192.101287,3194.788940,3205.799826,3218.582470,3236.088866,3255.035221,3265.904498,3274.855808,3284.028041,3290.841643,3305.278852,3314.311735,3325.618975,3336.004649,3347.548655,3359.881855,3368.422533,3378.762131,3386.060055,3394.352834,3399.014719,3400.645581,3396.931885,3390.451668,3407.713395,3451.923261,3509.859537,3514.976801,3524.016740,3529.988557,3539.985697,3555.080668,3569.416714,3592.351287,3621.253571,3644.629490,3670.397144,3682.694117,3682.485274,3674.643659,3684.883666,3722.455366,3791.896591,3800.429076,3690.763120,3587.855510,3562.332540,3521.321766,3475.882926,3435.356768,3408.015060,3381.453758,3348.392397,3334.082201,3328.700081,3327.711073,3343.704962,3369.709380,3320.278952,3276.068504,3251.976727,3267.874040,3324.423591,3336.625995,3256.767302,3172.258737,3092.144247,3023.613902,2971.153444,2937.489981,2907.747708,2884.725920,2858.102229,2839.780748,2827.877952,2808.341394,2809.598072,2820.435001,2805.001449,2800.942372,2779.455098,2750.242002,2725.045971,2690.584328,2650.663371,2604.278553,2558.874527,2541.695618,2518.081941
2990.555411,2989.765118,2973.962338,2919.964099,2893.474255,2866.559474,2842.633630,2844.857669,2867.456884,2884.079364,2893.857620,2889.930692,2883.384470,2848.262399,2822.669696,2814.994256,2812.545277,2811.386085,2812.368437,2810.049158,2782.835642,2711.453748,2644.038286,2588.368073,2541.840976,2514.251924,2492.498206,2462.513214,2417.642345,2383.424405,2353.421108,2335.642056,2326.170414,2319.352455,2297.707597,2258.224146,2248.668964,2247.719047,2251.518230,2262.826405,2278.551257,2292.448806,2303.638954,2301.259639,2303.689577,2315.448510,2321.194779,2311.407354,2313.639322,2344.697786,2345.867595,2349.092789,2362.161677,2380.999983,2375.558709,2362.213072,2334.496176,2333.368230,2337.891013,2336.489847,2334.960142,2336.478930,2332.606321,2331.326459,2330.604499,2333.510123,2337.074486,2334.204947,2328.505000,2334.414542,2343.390778,2357.789507,2360.993060,2368.006602,2389.710772,2452.009573,2487.423332,2520.303126,2554.889685,2587.544430,2613.721130,2636.342619,2673.268780,2709.847217,2771.383747,2819.219233,2881.573857,2936.265411,2986.239627,3026.452452,3071.603308,3126.279224,3195.149294,3279.086816,3279.942156,3228.731031,3182.574230,3138.536791,3100.392431,3117.039347,3128.129062,3117.257381,3014.422302,2904.515698,2855.756698,2832.829455,2786.759777,2753.872237,2749.779680,2749.151090,2759.266627,2749.512990,2741.564188,2727.617872,2732.089181,2747.462274,2758.615983,2805.981837,2871.266355,2944.738559,2995.187370,3048.763143,3165.690538,3297.153872,3383.164700,3427.517524,3486.446272,3549.189103,3562.157198,3549.180806,3550.854035,3550.138929,3488.619665,3434.219145,3389.297928,3371.230292,3419.773936,3470.498495,3461.672913,3367.280449,3303.379581,3282.623542,3298.357066,3375.438659,3478.528320,3468.740920,3397.481581,3349.307017,3298.974443,3285.606952,3277.932057,3261.994965,3269.568558,3314.193566,3349.640716,3301.525332,3241.692633,3220.293606,3224.075933,3224.610788,3213.424429,3206.104776,3213.808987,3220.208105,3230.121375,3243.073614,3260.088399,3277.115671,3289.133243,3293.210597,3299.946153,3303.344981,3309.626240,3317.035169,3329.228016,3348.840702,3362.838708,3371.364950,3376.617558,3380.653295,3383.197538,3381.885544,3380.066843,3373.835698,3383.376721,3429.719871,3487.104794,3528.141254,3538.613611,3532.380216,3541.725174,3560.419715,3571.853302,3591.917474,3616.025842,3639.619923,3665.826529,3677.871152,3677.505611,3665.372450,3673.712710,3701.964560,3747.143571,3870.213114,3836.347744,3725.209869,3667.357862,3611.058808,3531.339769,3480.410137,3434.793265,3404.474951,3363.930265,3352.541517,3370.983463,3385.207063,3429.425442,3413.979076,3324.159914,3288.281300,3289.195077,3330.881808,3383.095571,3345.102032,3260.224307,3174.247947,3096.367321,3038.620707,3007.550889,2962.076516,2933.364468,2903.645495,2880.910786,2869.261759,2855.415221,2835.703934,2837.485691,2831.188579,2830.985065,2815.220976,2770.444120,2738.233970,2694.874317,2648.900475,2587.104260,2540.274427,2518.504643,2507.292791,2483.136302
3030.781646,3016.225157,2982.348978,2932.232949,2919.776519,2895.182155,2854.666248,2851.793264,2865.386724,2881.577564,2900.011989,2911.192988,2905.152815,2870.437362,2831.598782,2819.823963,2815.769747,2816.301087,2820.085898,2827.811236,2792.291158,2718.981048,2658.801260,2602.553020,2559.447302,2527.537521,2502.538942,2477.953434,2441.456288,2414.901780,2389.744517,2366.382625,2348.376426,2327.206731,2290.899007,2257.584620,2246.469155,2250.519575,2252.486034,2251.062416,2257.399785,2274.972982,2282.243078,2278.156801,2275.532151,2276.868880,2284.462473,2280.303027,2288.438493,2309.154499,2316.348755,2335.436635,2358.414598,2352.846746,2337.130592,2323.463745,2320.328637,2323.357898,2327.550223,2334.747075,2349.164991,2364.140114,2350.701080,2341.623402,2334.426163,2334.600925,2335.191531,2335.395505,2334.051781,2335.999684,2338.861409,2343.862129,2345.777716,2354.747742,2373.872325,2419.146212,2457.807425,2484.799653,2524.980256,2559.241271,2574.376343,2595.934785,2625.856168,2668.645142,2724.254280,2752.918448,2813.695463,2890.924492,2972.365306,3014.221595,3058.490578,3123.806710,3185.780966,3270.003254,3259.137293,3199.986021,3142.091736,3098.282824,3081.627553,3108.485177,3123.793354,3146.948841,3079.016059,2953.328521,2832.738749,2764.537787,2730.003219,2694.889932,2683.516065,2695.822299,2702.643237,2713.073861,2713.611552,2723.627330,2780.954823,2835.576607,2851.174201,2889.740625,2953.170103,3035.025149,3049.994774,3086.978920,3164.411628,3268.663948,3344.388517,3409.907538,3452.133404,3473.562133,3476.971457,3457.469933,3474.050485,3518.572098,3586.526539,3542.855136,3473.038939,3440.549231,3458.940139,3485.005929,3500.101893,3418.365399,3320.848551,3284.842049,3303.571810,3418.007408,3516.625752,3489.978168,3389.220440,3331.374167,3297.013812,3283.661342,3284.419985,3293.546145,3314.215034,3371.512617,3384.335072,3309.283576,3251.865536,3230.325909,3231.997524,3240.833064,3239.544265,3227.854818,3228.999910,3235.801331,3244.277160,3258.302195,3273.449836,3294.156066,3300.673671,3300.033215,3297.191591,3296.847404,3301.232891,3307.447167,3321.528376,3337.745372,3349.736641,3359.643856,3365.243742,3371.813596,3373.007296,3373.264272,3368.779018,3366.350520,3374.450104,3400.136399,3467.638615,3521.526130,3530.330409,3533.472438,3543.597646,3557.633678,3564.698545,3585.763069,3608.606056,3637.897207,3666.886792,3671.514321,3669.419153,3661.463595,3652.229905,3666.049244,3697.853346,3856.130040,3922.749822,3916.607587,3857.165404,3788.894588,3695.847738,3643.239495,3635.313110,3577.809583,3593.588068,3561.808796,3514.719713,3476.512543,3432.815982,3366.957926,3332.083380,3318.901530,3344.051174,3414.502879,3397.783046,3318.723422,3234.447679,3163.108203,3118.908721,3083.289417,3053.364733,2999.291728,2958.880673,2925.056177,2909.181280,2899.530305,2875.043565,2860.029511,2853.686796,2850.699890,2843.056644,2800.040353,2758.531755,2706.811453,2656.992109,2593.029936,2546.386110,2526.815625,2506.265008,2496.219713,2486.784125
3057.572459,3032.429519,2998.307265,2962.827665,2954.583392,2930.577688,2879.398537,2865.046770,2869.051228,2884.119227,2900.082031,2918.048954,2928.521874,2919.173153,2870.182602,2851.146312,2859.650596,2845.981837,2840.810978,2839.014775,2803.541088,2731.876207,2674.653095,2621.345396,2573.842168,2540.981936,2519.184837,2499.297633,2469.055056,2447.745611,2417.682269,2396.330457,2373.727417,2345.254130,2301.105898,2263.474485,2250.794323,2252.730341,2256.550634,2262.808699,2264.756758,2259.319270,2263.108058,2270.608851,2286.674624,2291.859116,2301.042901,2298.351017,2288.964260,2285.220234,2296.376047,2322.005363,2330.067133,2322.318365,2316.664441,2336.869343,2347.199048,2347.888705,2350.000135,2367.684736,2383.869130,2402.244573,2428.617524,2413.911795,2373.479205,2343.496417,2334.697993,2336.034757,2336.214106,2338.158132,2339.077966,2344.724955,2345.140246,2350.267542,2361.828760,2411.534589,2449.963422,2457.886031,2481.092907,2505.069157,2532.896502,2569.172547,2606.023818,2628.200098,2669.976001,2722.344011,2798.441782,2882.263341,2977.485643,3038.667115,3060.629769,3087.617755,3165.240809,3238.008793,3224.648711,3158.048618,3105.934780,3071.058681,3051.286534,3049.911858,3072.815258,3100.166786,3069.163010,3016.703033,2878.129631,2745.293465,2693.826269,2661.344267,2693.196802,2748.278234,2800.368619,2818.881622,2789.144817,2789.987633,2935.249014,2995.105436,2980.152969,3004.981863,3071.084068,3135.187422,3135.341315,3144.748986,3199.252589,3276.182974,3313.684907,3339.258833,3383.743937,3422.081604,3419.416761,3420.946400,3449.909076,3486.410810,3524.431855,3616.803891,3588.370742,3512.102350,3498.659420,3503.243992,3527.479242,3435.957422,3379.433595,3332.884339,3355.161743,3463.915190,3552.311979,3475.035732,3382.373930,3310.388269,3297.147205,3290.550631,3288.538082,3300.171798,3345.213933,3412.803245,3381.052749,3323.469947,3264.644613,3240.118772,3236.342021,3243.995817,3254.431175,3257.011775,3251.169114,3258.859576,3272.435600,3281.948891,3287.091017,3295.636157,3302.333804,3300.521075,3294.083182,3298.046828,3302.883239,3306.789970,3317.988495,3330.230280,3344.110835,3354.534695,3360.324516,3362.011415,3365.580386,3367.223168,3363.515287,3363.919135,3368.400639,3383.809937,3422.270838,3475.470990,3504.806546,3524.344036,3541.033173,3553.933756,3558.109262,3573.138589,3602.814108,3625.108544,3657.670432,3668.216715,3660.164776,3641.455511,3635.602621,3627.956548,3659.828962,3807.816772,3903.310267,3972.153047,3974.047766,3942.946782,3866.185778,3813.373375,3789.966881,3751.454802,3688.494589,3576.104221,3484.772036,3427.129261,3379.965584,3355.494341,3353.442085,3366.053753,3435.171875,3469.841609,3403.051037,3318.540575,3257.542204,3213.030054,3160.223727,3116.275116,3079.997498,3031.413808,2985.901549,2955.625058,2955.328729,2918.855702,2888.823962,2870.848626,2856.992505,2852.281688,2821.446726,2764.624983,2707.980848,2650.476652,2592.464675,2549.026441,2531.651359,2518.733053,2503.402522,2493.737648,2487.620402
3055.425705,3034.348921,3010.954464,2977.993000,2965.290818,2942.614755,2909.681370,2901.481346,2888.685014,2884.580257,2898.522944,2926.021390,2952.392129,2949.044208,2926.059628,2909.174470,2895.135961,2863.521269,2846.131163,2841.805792,2814.366404,2757.553471,2693.817333,2644.928758,2600.262641,2567.773499,2540.058673,2518.798352,2487.373199,2476.410877,2452.623283,2430.972502,2399.284694,2367.992676,2328.582631,2285.896242,2263.000604,2260.652071,2268.078728,2268.415009,2267.633606,2271.379764,2275.214521,2281.243583,2290.349277,2302.695162,2305.542575,2309.833884,2318.267107,2321.930960,2302.739498,2303.186907,2310.603140,2321.470358,2332.657733,2354.669236,2367.541610,2370.681314,2369.870053,2398.113482,2435.678288,2474.101399,2486.319723,2492.983439,2458.571265,2393.899213,2356.063716,2343.673781,2342.552258,2341.852067,2337.242707,2341.711652,2345.440569,2344.240024,2353.318008,2394.187192,2434.209960,2435.495480,2447.742855,2472.699610,2503.185289,2532.220011,2568.621788,2599.176759,2650.236057,2708.746194,2775.671494,2859.991426,2947.541009,3034.170760,3068.805556,3088.717813,3135.252119,3184.958495,3151.684317,3093.736368,3062.395719,3026.630130,3000.175431,2983.813953,3001.379245,3043.692673,2999.898817,2943.554048,2862.027877,2747.305288,2657.867474,2641.674503,2678.162836,2761.775929,2872.482811,2903.619796,2882.204217,2924.352147,3072.561130,3124.230293,3137.392341,3166.797072,3216.877558,3285.042680,3279.360372,3238.895846,3242.052789,3290.737891,3308.621959,3319.432304,3330.165354,3344.061901,3365.342709,3385.369028,3437.769006,3472.156978,3494.498793,3581.599537,3659.978635,3577.487734,3515.576238,3519.244463,3543.145983,3461.941984,3430.279324,3408.789180,3428.842910,3501.776891,3559.756759,3466.804694,3372.553927,3306.127311,3310.119717,3321.868263,3307.286490,3321.540791,3402.636398,3442.588235,3369.578711,3322.432138,3275.671969,3255.367932,3247.734485,3248.594542,3259.626508,3281.650611,3295.471540,3297.314501,3299.346718,3290.935378,3285.644378,3289.806214,3294.521787,3294.285051,3288.400874,3298.747664,3304.978939,3308.325229,3320.088051,3328.411682,3341.656655,3349.589601,3355.480961,3355.385936,3356.495712,3360.008510,3362.591480,3366.617542,3372.113084,3386.202022,3413.300723,3447.152758,3468.578790,3502.904345,3533.538946,3544.578412,3547.140840,3551.128585,3572.028117,3591.841064,3619.804218,3646.017410,3660.934370,3619.718491,3614.004957,3598.301479,3640.964136,3751.387264,3856.108904,3918.210361,3905.158839,3934.571009,3963.541888,3955.506417,3917.864529,3836.053297,3698.572505,3514.637143,3425.466890,3391.120114,3375.087081,3368.567598,3373.081488,3422.404801,3513.128059,3503.039484,3424.731861,3353.026205,3289.561291,3232.425503,3182.291752,3147.550070,3114.183444,3076.159695,3034.596963,3000.590423,2978.433005,2943.053994,2902.689128,2877.831731,2856.343409,2823.762051,2777.477008,2726.482202,2656.300098,2600.397625,2552.721447,2537.693567,2530.430936,2533.143301,2508.529655,2497.293304,2496.780040
